[2026-05-28T00:00:09.267+0000] {processor.py:161} INFO - Started process (PID=1163) to work on /opt/airflow/dags/flight_pipeline.py
[2026-05-28T00:00:09.269+0000] {processor.py:830} INFO - Processing file /opt/airflow/dags/flight_pipeline.py for tasks to queue
[2026-05-28T00:00:09.271+0000] {logging_mixin.py:188} INFO - [2026-05-28T00:00:09.271+0000] {dagbag.py:540} INFO - Filling up the DagBag from /opt/airflow/dags/flight_pipeline.py
[2026-05-28T00:00:09.293+0000] {processor.py:840} INFO - DAG(s) 'flight_pipeline' retrieved from /opt/airflow/dags/flight_pipeline.py
[2026-05-28T00:00:09.334+0000] {logging_mixin.py:188} INFO - [2026-05-28T00:00:09.333+0000] {dag.py:3096} INFO - Sync 1 DAGs
[2026-05-28T00:00:09.367+0000] {logging_mixin.py:188} INFO - [2026-05-28T00:00:09.367+0000] {dag.py:3954} INFO - Setting next_dagrun for flight_pipeline to 2026-05-28 00:00:00+00:00, run_after=2026-05-28 01:00:00+00:00
[2026-05-28T00:00:09.391+0000] {processor.py:183} INFO - Processing /opt/airflow/dags/flight_pipeline.py took 0.132 seconds
[2026-05-28T00:00:39.450+0000] {processor.py:161} INFO - Started process (PID=1177) to work on /opt/airflow/dags/flight_pipeline.py
[2026-05-28T00:00:39.450+0000] {processor.py:830} INFO - Processing file /opt/airflow/dags/flight_pipeline.py for tasks to queue
[2026-05-28T00:00:39.452+0000] {logging_mixin.py:188} INFO - [2026-05-28T00:00:39.452+0000] {dagbag.py:540} INFO - Filling up the DagBag from /opt/airflow/dags/flight_pipeline.py
[2026-05-28T00:00:39.472+0000] {processor.py:840} INFO - DAG(s) 'flight_pipeline' retrieved from /opt/airflow/dags/flight_pipeline.py
[2026-05-28T00:00:39.500+0000] {logging_mixin.py:188} INFO - [2026-05-28T00:00:39.500+0000] {dag.py:3096} INFO - Sync 1 DAGs
[2026-05-28T00:00:39.519+0000] {logging_mixin.py:188} INFO - [2026-05-28T00:00:39.519+0000] {dag.py:3954} INFO - Setting next_dagrun for flight_pipeline to 2026-05-28 00:00:00+00:00, run_after=2026-05-28 01:00:00+00:00
[2026-05-28T00:00:39.538+0000] {processor.py:183} INFO - Processing /opt/airflow/dags/flight_pipeline.py took 0.094 seconds
[2026-05-28T00:01:09.697+0000] {processor.py:161} INFO - Started process (PID=1182) to work on /opt/airflow/dags/flight_pipeline.py
[2026-05-28T00:01:09.698+0000] {processor.py:830} INFO - Processing file /opt/airflow/dags/flight_pipeline.py for tasks to queue
[2026-05-28T00:01:09.700+0000] {logging_mixin.py:188} INFO - [2026-05-28T00:01:09.700+0000] {dagbag.py:540} INFO - Filling up the DagBag from /opt/airflow/dags/flight_pipeline.py
[2026-05-28T00:01:09.717+0000] {processor.py:840} INFO - DAG(s) 'flight_pipeline' retrieved from /opt/airflow/dags/flight_pipeline.py
[2026-05-28T00:01:09.741+0000] {logging_mixin.py:188} INFO - [2026-05-28T00:01:09.741+0000] {dag.py:3096} INFO - Sync 1 DAGs
[2026-05-28T00:01:09.761+0000] {logging_mixin.py:188} INFO - [2026-05-28T00:01:09.761+0000] {dag.py:3954} INFO - Setting next_dagrun for flight_pipeline to 2026-05-28 00:00:00+00:00, run_after=2026-05-28 01:00:00+00:00
[2026-05-28T00:01:09.778+0000] {processor.py:183} INFO - Processing /opt/airflow/dags/flight_pipeline.py took 0.086 seconds
[2026-05-28T00:01:39.874+0000] {processor.py:161} INFO - Started process (PID=1187) to work on /opt/airflow/dags/flight_pipeline.py
[2026-05-28T00:01:39.875+0000] {processor.py:830} INFO - Processing file /opt/airflow/dags/flight_pipeline.py for tasks to queue
[2026-05-28T00:01:39.877+0000] {logging_mixin.py:188} INFO - [2026-05-28T00:01:39.877+0000] {dagbag.py:540} INFO - Filling up the DagBag from /opt/airflow/dags/flight_pipeline.py
[2026-05-28T00:01:39.898+0000] {processor.py:840} INFO - DAG(s) 'flight_pipeline' retrieved from /opt/airflow/dags/flight_pipeline.py
[2026-05-28T00:01:39.928+0000] {logging_mixin.py:188} INFO - [2026-05-28T00:01:39.927+0000] {dag.py:3096} INFO - Sync 1 DAGs
[2026-05-28T00:01:39.949+0000] {logging_mixin.py:188} INFO - [2026-05-28T00:01:39.949+0000] {dag.py:3954} INFO - Setting next_dagrun for flight_pipeline to 2026-05-28 00:00:00+00:00, run_after=2026-05-28 01:00:00+00:00
[2026-05-28T00:01:39.967+0000] {processor.py:183} INFO - Processing /opt/airflow/dags/flight_pipeline.py took 0.100 seconds
[2026-05-28T00:02:10.115+0000] {processor.py:161} INFO - Started process (PID=1192) to work on /opt/airflow/dags/flight_pipeline.py
[2026-05-28T00:02:10.116+0000] {processor.py:830} INFO - Processing file /opt/airflow/dags/flight_pipeline.py for tasks to queue
[2026-05-28T00:02:10.118+0000] {logging_mixin.py:188} INFO - [2026-05-28T00:02:10.117+0000] {dagbag.py:540} INFO - Filling up the DagBag from /opt/airflow/dags/flight_pipeline.py
[2026-05-28T00:02:10.134+0000] {processor.py:840} INFO - DAG(s) 'flight_pipeline' retrieved from /opt/airflow/dags/flight_pipeline.py
[2026-05-28T00:02:10.158+0000] {logging_mixin.py:188} INFO - [2026-05-28T00:02:10.157+0000] {dag.py:3096} INFO - Sync 1 DAGs
[2026-05-28T00:02:10.177+0000] {logging_mixin.py:188} INFO - [2026-05-28T00:02:10.177+0000] {dag.py:3954} INFO - Setting next_dagrun for flight_pipeline to 2026-05-28 00:00:00+00:00, run_after=2026-05-28 01:00:00+00:00
[2026-05-28T00:02:10.192+0000] {processor.py:183} INFO - Processing /opt/airflow/dags/flight_pipeline.py took 0.083 seconds
[2026-05-28T00:02:40.283+0000] {processor.py:161} INFO - Started process (PID=1197) to work on /opt/airflow/dags/flight_pipeline.py
[2026-05-28T00:02:40.284+0000] {processor.py:830} INFO - Processing file /opt/airflow/dags/flight_pipeline.py for tasks to queue
[2026-05-28T00:02:40.286+0000] {logging_mixin.py:188} INFO - [2026-05-28T00:02:40.286+0000] {dagbag.py:540} INFO - Filling up the DagBag from /opt/airflow/dags/flight_pipeline.py
[2026-05-28T00:02:40.302+0000] {processor.py:840} INFO - DAG(s) 'flight_pipeline' retrieved from /opt/airflow/dags/flight_pipeline.py
[2026-05-28T00:02:40.327+0000] {logging_mixin.py:188} INFO - [2026-05-28T00:02:40.327+0000] {dag.py:3096} INFO - Sync 1 DAGs
[2026-05-28T00:02:40.346+0000] {logging_mixin.py:188} INFO - [2026-05-28T00:02:40.346+0000] {dag.py:3954} INFO - Setting next_dagrun for flight_pipeline to 2026-05-28 00:00:00+00:00, run_after=2026-05-28 01:00:00+00:00
[2026-05-28T00:02:40.362+0000] {processor.py:183} INFO - Processing /opt/airflow/dags/flight_pipeline.py took 0.084 seconds
[2026-05-28T00:03:10.488+0000] {processor.py:161} INFO - Started process (PID=1202) to work on /opt/airflow/dags/flight_pipeline.py
[2026-05-28T00:03:10.489+0000] {processor.py:830} INFO - Processing file /opt/airflow/dags/flight_pipeline.py for tasks to queue
[2026-05-28T00:03:10.491+0000] {logging_mixin.py:188} INFO - [2026-05-28T00:03:10.490+0000] {dagbag.py:540} INFO - Filling up the DagBag from /opt/airflow/dags/flight_pipeline.py
[2026-05-28T00:03:10.507+0000] {processor.py:840} INFO - DAG(s) 'flight_pipeline' retrieved from /opt/airflow/dags/flight_pipeline.py
[2026-05-28T00:03:10.532+0000] {logging_mixin.py:188} INFO - [2026-05-28T00:03:10.532+0000] {dag.py:3096} INFO - Sync 1 DAGs
[2026-05-28T00:03:10.551+0000] {logging_mixin.py:188} INFO - [2026-05-28T00:03:10.551+0000] {dag.py:3954} INFO - Setting next_dagrun for flight_pipeline to 2026-05-28 00:00:00+00:00, run_after=2026-05-28 01:00:00+00:00
[2026-05-28T00:03:10.567+0000] {processor.py:183} INFO - Processing /opt/airflow/dags/flight_pipeline.py took 0.085 seconds
[2026-05-28T00:03:40.686+0000] {processor.py:161} INFO - Started process (PID=1207) to work on /opt/airflow/dags/flight_pipeline.py
[2026-05-28T00:03:40.687+0000] {processor.py:830} INFO - Processing file /opt/airflow/dags/flight_pipeline.py for tasks to queue
[2026-05-28T00:03:40.688+0000] {logging_mixin.py:188} INFO - [2026-05-28T00:03:40.688+0000] {dagbag.py:540} INFO - Filling up the DagBag from /opt/airflow/dags/flight_pipeline.py
[2026-05-28T00:03:40.706+0000] {processor.py:840} INFO - DAG(s) 'flight_pipeline' retrieved from /opt/airflow/dags/flight_pipeline.py
[2026-05-28T00:03:40.733+0000] {logging_mixin.py:188} INFO - [2026-05-28T00:03:40.733+0000] {dag.py:3096} INFO - Sync 1 DAGs
[2026-05-28T00:03:40.754+0000] {logging_mixin.py:188} INFO - [2026-05-28T00:03:40.753+0000] {dag.py:3954} INFO - Setting next_dagrun for flight_pipeline to 2026-05-28 00:00:00+00:00, run_after=2026-05-28 01:00:00+00:00
[2026-05-28T00:03:40.771+0000] {processor.py:183} INFO - Processing /opt/airflow/dags/flight_pipeline.py took 0.091 seconds
[2026-05-28T00:04:10.896+0000] {processor.py:161} INFO - Started process (PID=1212) to work on /opt/airflow/dags/flight_pipeline.py
[2026-05-28T00:04:10.897+0000] {processor.py:830} INFO - Processing file /opt/airflow/dags/flight_pipeline.py for tasks to queue
[2026-05-28T00:04:10.899+0000] {logging_mixin.py:188} INFO - [2026-05-28T00:04:10.899+0000] {dagbag.py:540} INFO - Filling up the DagBag from /opt/airflow/dags/flight_pipeline.py
[2026-05-28T00:04:10.918+0000] {processor.py:840} INFO - DAG(s) 'flight_pipeline' retrieved from /opt/airflow/dags/flight_pipeline.py
[2026-05-28T00:04:10.946+0000] {logging_mixin.py:188} INFO - [2026-05-28T00:04:10.946+0000] {dag.py:3096} INFO - Sync 1 DAGs
[2026-05-28T00:04:10.971+0000] {logging_mixin.py:188} INFO - [2026-05-28T00:04:10.971+0000] {dag.py:3954} INFO - Setting next_dagrun for flight_pipeline to 2026-05-28 00:00:00+00:00, run_after=2026-05-28 01:00:00+00:00
[2026-05-28T00:04:10.994+0000] {processor.py:183} INFO - Processing /opt/airflow/dags/flight_pipeline.py took 0.103 seconds
[2026-05-28T00:04:41.105+0000] {processor.py:161} INFO - Started process (PID=1217) to work on /opt/airflow/dags/flight_pipeline.py
[2026-05-28T00:04:41.106+0000] {processor.py:830} INFO - Processing file /opt/airflow/dags/flight_pipeline.py for tasks to queue
[2026-05-28T00:04:41.108+0000] {logging_mixin.py:188} INFO - [2026-05-28T00:04:41.108+0000] {dagbag.py:540} INFO - Filling up the DagBag from /opt/airflow/dags/flight_pipeline.py
[2026-05-28T00:04:41.124+0000] {processor.py:840} INFO - DAG(s) 'flight_pipeline' retrieved from /opt/airflow/dags/flight_pipeline.py
[2026-05-28T00:04:41.150+0000] {logging_mixin.py:188} INFO - [2026-05-28T00:04:41.150+0000] {dag.py:3096} INFO - Sync 1 DAGs
[2026-05-28T00:04:41.170+0000] {logging_mixin.py:188} INFO - [2026-05-28T00:04:41.170+0000] {dag.py:3954} INFO - Setting next_dagrun for flight_pipeline to 2026-05-28 00:00:00+00:00, run_after=2026-05-28 01:00:00+00:00
[2026-05-28T00:04:41.190+0000] {processor.py:183} INFO - Processing /opt/airflow/dags/flight_pipeline.py took 0.091 seconds
[2026-05-28T00:05:11.331+0000] {processor.py:161} INFO - Started process (PID=1222) to work on /opt/airflow/dags/flight_pipeline.py
[2026-05-28T00:05:11.332+0000] {processor.py:830} INFO - Processing file /opt/airflow/dags/flight_pipeline.py for tasks to queue
[2026-05-28T00:05:11.334+0000] {logging_mixin.py:188} INFO - [2026-05-28T00:05:11.333+0000] {dagbag.py:540} INFO - Filling up the DagBag from /opt/airflow/dags/flight_pipeline.py
[2026-05-28T00:05:11.352+0000] {processor.py:840} INFO - DAG(s) 'flight_pipeline' retrieved from /opt/airflow/dags/flight_pipeline.py
[2026-05-28T00:05:11.377+0000] {logging_mixin.py:188} INFO - [2026-05-28T00:05:11.377+0000] {dag.py:3096} INFO - Sync 1 DAGs
[2026-05-28T00:05:11.397+0000] {logging_mixin.py:188} INFO - [2026-05-28T00:05:11.396+0000] {dag.py:3954} INFO - Setting next_dagrun for flight_pipeline to 2026-05-28 00:00:00+00:00, run_after=2026-05-28 01:00:00+00:00
[2026-05-28T00:05:11.414+0000] {processor.py:183} INFO - Processing /opt/airflow/dags/flight_pipeline.py took 0.089 seconds
[2026-05-28T00:05:41.578+0000] {processor.py:161} INFO - Started process (PID=1227) to work on /opt/airflow/dags/flight_pipeline.py
[2026-05-28T00:05:41.579+0000] {processor.py:830} INFO - Processing file /opt/airflow/dags/flight_pipeline.py for tasks to queue
[2026-05-28T00:05:41.581+0000] {logging_mixin.py:188} INFO - [2026-05-28T00:05:41.581+0000] {dagbag.py:540} INFO - Filling up the DagBag from /opt/airflow/dags/flight_pipeline.py
[2026-05-28T00:05:41.600+0000] {processor.py:840} INFO - DAG(s) 'flight_pipeline' retrieved from /opt/airflow/dags/flight_pipeline.py
[2026-05-28T00:05:41.628+0000] {logging_mixin.py:188} INFO - [2026-05-28T00:05:41.628+0000] {dag.py:3096} INFO - Sync 1 DAGs
[2026-05-28T00:05:41.653+0000] {logging_mixin.py:188} INFO - [2026-05-28T00:05:41.653+0000] {dag.py:3954} INFO - Setting next_dagrun for flight_pipeline to 2026-05-28 00:00:00+00:00, run_after=2026-05-28 01:00:00+00:00
[2026-05-28T00:05:41.673+0000] {processor.py:183} INFO - Processing /opt/airflow/dags/flight_pipeline.py took 0.101 seconds
[2026-05-28T00:06:11.751+0000] {processor.py:161} INFO - Started process (PID=1232) to work on /opt/airflow/dags/flight_pipeline.py
[2026-05-28T00:06:11.752+0000] {processor.py:830} INFO - Processing file /opt/airflow/dags/flight_pipeline.py for tasks to queue
[2026-05-28T00:06:11.753+0000] {logging_mixin.py:188} INFO - [2026-05-28T00:06:11.753+0000] {dagbag.py:540} INFO - Filling up the DagBag from /opt/airflow/dags/flight_pipeline.py
[2026-05-28T00:06:11.773+0000] {processor.py:840} INFO - DAG(s) 'flight_pipeline' retrieved from /opt/airflow/dags/flight_pipeline.py
[2026-05-28T00:06:11.803+0000] {logging_mixin.py:188} INFO - [2026-05-28T00:06:11.803+0000] {dag.py:3096} INFO - Sync 1 DAGs
[2026-05-28T00:06:11.837+0000] {logging_mixin.py:188} INFO - [2026-05-28T00:06:11.837+0000] {dag.py:3954} INFO - Setting next_dagrun for flight_pipeline to 2026-05-28 00:00:00+00:00, run_after=2026-05-28 01:00:00+00:00
[2026-05-28T00:06:11.863+0000] {processor.py:183} INFO - Processing /opt/airflow/dags/flight_pipeline.py took 0.118 seconds
[2026-05-28T00:06:42.055+0000] {processor.py:161} INFO - Started process (PID=1237) to work on /opt/airflow/dags/flight_pipeline.py
[2026-05-28T00:06:42.056+0000] {processor.py:830} INFO - Processing file /opt/airflow/dags/flight_pipeline.py for tasks to queue
[2026-05-28T00:06:42.058+0000] {logging_mixin.py:188} INFO - [2026-05-28T00:06:42.057+0000] {dagbag.py:540} INFO - Filling up the DagBag from /opt/airflow/dags/flight_pipeline.py
[2026-05-28T00:06:42.074+0000] {processor.py:840} INFO - DAG(s) 'flight_pipeline' retrieved from /opt/airflow/dags/flight_pipeline.py
[2026-05-28T00:06:42.099+0000] {logging_mixin.py:188} INFO - [2026-05-28T00:06:42.098+0000] {dag.py:3096} INFO - Sync 1 DAGs
[2026-05-28T00:06:42.118+0000] {logging_mixin.py:188} INFO - [2026-05-28T00:06:42.117+0000] {dag.py:3954} INFO - Setting next_dagrun for flight_pipeline to 2026-05-28 00:00:00+00:00, run_after=2026-05-28 01:00:00+00:00
[2026-05-28T00:06:42.134+0000] {processor.py:183} INFO - Processing /opt/airflow/dags/flight_pipeline.py took 0.085 seconds
[2026-05-28T00:07:12.230+0000] {processor.py:161} INFO - Started process (PID=1242) to work on /opt/airflow/dags/flight_pipeline.py
[2026-05-28T00:07:12.231+0000] {processor.py:830} INFO - Processing file /opt/airflow/dags/flight_pipeline.py for tasks to queue
[2026-05-28T00:07:12.233+0000] {logging_mixin.py:188} INFO - [2026-05-28T00:07:12.233+0000] {dagbag.py:540} INFO - Filling up the DagBag from /opt/airflow/dags/flight_pipeline.py
[2026-05-28T00:07:12.250+0000] {processor.py:840} INFO - DAG(s) 'flight_pipeline' retrieved from /opt/airflow/dags/flight_pipeline.py
[2026-05-28T00:07:12.276+0000] {logging_mixin.py:188} INFO - [2026-05-28T00:07:12.276+0000] {dag.py:3096} INFO - Sync 1 DAGs
[2026-05-28T00:07:12.294+0000] {logging_mixin.py:188} INFO - [2026-05-28T00:07:12.294+0000] {dag.py:3954} INFO - Setting next_dagrun for flight_pipeline to 2026-05-28 00:00:00+00:00, run_after=2026-05-28 01:00:00+00:00
[2026-05-28T00:07:12.311+0000] {processor.py:183} INFO - Processing /opt/airflow/dags/flight_pipeline.py took 0.086 seconds
[2026-05-28T00:07:42.440+0000] {processor.py:161} INFO - Started process (PID=1247) to work on /opt/airflow/dags/flight_pipeline.py
[2026-05-28T00:07:42.441+0000] {processor.py:830} INFO - Processing file /opt/airflow/dags/flight_pipeline.py for tasks to queue
[2026-05-28T00:07:42.442+0000] {logging_mixin.py:188} INFO - [2026-05-28T00:07:42.442+0000] {dagbag.py:540} INFO - Filling up the DagBag from /opt/airflow/dags/flight_pipeline.py
[2026-05-28T00:07:42.459+0000] {processor.py:840} INFO - DAG(s) 'flight_pipeline' retrieved from /opt/airflow/dags/flight_pipeline.py
[2026-05-28T00:07:42.483+0000] {logging_mixin.py:188} INFO - [2026-05-28T00:07:42.482+0000] {dag.py:3096} INFO - Sync 1 DAGs
[2026-05-28T00:07:42.501+0000] {logging_mixin.py:188} INFO - [2026-05-28T00:07:42.501+0000] {dag.py:3954} INFO - Setting next_dagrun for flight_pipeline to 2026-05-28 00:00:00+00:00, run_after=2026-05-28 01:00:00+00:00
[2026-05-28T00:07:42.518+0000] {processor.py:183} INFO - Processing /opt/airflow/dags/flight_pipeline.py took 0.084 seconds
[2026-05-28T00:08:12.636+0000] {processor.py:161} INFO - Started process (PID=1252) to work on /opt/airflow/dags/flight_pipeline.py
[2026-05-28T00:08:12.637+0000] {processor.py:830} INFO - Processing file /opt/airflow/dags/flight_pipeline.py for tasks to queue
[2026-05-28T00:08:12.638+0000] {logging_mixin.py:188} INFO - [2026-05-28T00:08:12.638+0000] {dagbag.py:540} INFO - Filling up the DagBag from /opt/airflow/dags/flight_pipeline.py
[2026-05-28T00:08:12.655+0000] {processor.py:840} INFO - DAG(s) 'flight_pipeline' retrieved from /opt/airflow/dags/flight_pipeline.py
[2026-05-28T00:08:12.682+0000] {logging_mixin.py:188} INFO - [2026-05-28T00:08:12.682+0000] {dag.py:3096} INFO - Sync 1 DAGs
[2026-05-28T00:08:12.703+0000] {logging_mixin.py:188} INFO - [2026-05-28T00:08:12.703+0000] {dag.py:3954} INFO - Setting next_dagrun for flight_pipeline to 2026-05-28 00:00:00+00:00, run_after=2026-05-28 01:00:00+00:00
[2026-05-28T00:08:12.720+0000] {processor.py:183} INFO - Processing /opt/airflow/dags/flight_pipeline.py took 0.090 seconds
[2026-05-28T00:08:42.844+0000] {processor.py:161} INFO - Started process (PID=1257) to work on /opt/airflow/dags/flight_pipeline.py
[2026-05-28T00:08:42.845+0000] {processor.py:830} INFO - Processing file /opt/airflow/dags/flight_pipeline.py for tasks to queue
[2026-05-28T00:08:42.846+0000] {logging_mixin.py:188} INFO - [2026-05-28T00:08:42.846+0000] {dagbag.py:540} INFO - Filling up the DagBag from /opt/airflow/dags/flight_pipeline.py
[2026-05-28T00:08:42.863+0000] {processor.py:840} INFO - DAG(s) 'flight_pipeline' retrieved from /opt/airflow/dags/flight_pipeline.py
[2026-05-28T00:08:42.887+0000] {logging_mixin.py:188} INFO - [2026-05-28T00:08:42.887+0000] {dag.py:3096} INFO - Sync 1 DAGs
[2026-05-28T00:08:42.906+0000] {logging_mixin.py:188} INFO - [2026-05-28T00:08:42.906+0000] {dag.py:3954} INFO - Setting next_dagrun for flight_pipeline to 2026-05-28 00:00:00+00:00, run_after=2026-05-28 01:00:00+00:00
[2026-05-28T00:08:42.923+0000] {processor.py:183} INFO - Processing /opt/airflow/dags/flight_pipeline.py took 0.084 seconds
[2026-05-28T00:09:13.039+0000] {processor.py:161} INFO - Started process (PID=1262) to work on /opt/airflow/dags/flight_pipeline.py
[2026-05-28T00:09:13.040+0000] {processor.py:830} INFO - Processing file /opt/airflow/dags/flight_pipeline.py for tasks to queue
[2026-05-28T00:09:13.041+0000] {logging_mixin.py:188} INFO - [2026-05-28T00:09:13.041+0000] {dagbag.py:540} INFO - Filling up the DagBag from /opt/airflow/dags/flight_pipeline.py
[2026-05-28T00:09:13.058+0000] {processor.py:840} INFO - DAG(s) 'flight_pipeline' retrieved from /opt/airflow/dags/flight_pipeline.py
[2026-05-28T00:09:13.083+0000] {logging_mixin.py:188} INFO - [2026-05-28T00:09:13.083+0000] {dag.py:3096} INFO - Sync 1 DAGs
[2026-05-28T00:09:13.102+0000] {logging_mixin.py:188} INFO - [2026-05-28T00:09:13.101+0000] {dag.py:3954} INFO - Setting next_dagrun for flight_pipeline to 2026-05-28 00:00:00+00:00, run_after=2026-05-28 01:00:00+00:00
[2026-05-28T00:09:13.116+0000] {processor.py:183} INFO - Processing /opt/airflow/dags/flight_pipeline.py took 0.083 seconds
[2026-05-28T00:09:43.257+0000] {processor.py:161} INFO - Started process (PID=1267) to work on /opt/airflow/dags/flight_pipeline.py
[2026-05-28T00:09:43.258+0000] {processor.py:830} INFO - Processing file /opt/airflow/dags/flight_pipeline.py for tasks to queue
[2026-05-28T00:09:43.260+0000] {logging_mixin.py:188} INFO - [2026-05-28T00:09:43.260+0000] {dagbag.py:540} INFO - Filling up the DagBag from /opt/airflow/dags/flight_pipeline.py
[2026-05-28T00:09:43.282+0000] {processor.py:840} INFO - DAG(s) 'flight_pipeline' retrieved from /opt/airflow/dags/flight_pipeline.py
[2026-05-28T00:09:43.312+0000] {logging_mixin.py:188} INFO - [2026-05-28T00:09:43.311+0000] {dag.py:3096} INFO - Sync 1 DAGs
[2026-05-28T00:09:43.334+0000] {logging_mixin.py:188} INFO - [2026-05-28T00:09:43.333+0000] {dag.py:3954} INFO - Setting next_dagrun for flight_pipeline to 2026-05-28 00:00:00+00:00, run_after=2026-05-28 01:00:00+00:00
[2026-05-28T00:09:43.352+0000] {processor.py:183} INFO - Processing /opt/airflow/dags/flight_pipeline.py took 0.102 seconds
[2026-05-28T00:10:13.518+0000] {processor.py:161} INFO - Started process (PID=1272) to work on /opt/airflow/dags/flight_pipeline.py
[2026-05-28T00:10:13.521+0000] {processor.py:830} INFO - Processing file /opt/airflow/dags/flight_pipeline.py for tasks to queue
[2026-05-28T00:10:13.530+0000] {logging_mixin.py:188} INFO - [2026-05-28T00:10:13.530+0000] {dagbag.py:540} INFO - Filling up the DagBag from /opt/airflow/dags/flight_pipeline.py
[2026-05-28T00:10:13.567+0000] {processor.py:840} INFO - DAG(s) 'flight_pipeline' retrieved from /opt/airflow/dags/flight_pipeline.py
[2026-05-28T00:10:13.598+0000] {logging_mixin.py:188} INFO - [2026-05-28T00:10:13.597+0000] {dag.py:3096} INFO - Sync 1 DAGs
[2026-05-28T00:10:13.620+0000] {logging_mixin.py:188} INFO - [2026-05-28T00:10:13.620+0000] {dag.py:3954} INFO - Setting next_dagrun for flight_pipeline to 2026-05-28 00:00:00+00:00, run_after=2026-05-28 01:00:00+00:00
[2026-05-28T00:10:13.636+0000] {processor.py:183} INFO - Processing /opt/airflow/dags/flight_pipeline.py took 0.130 seconds
[2026-05-28T00:10:43.798+0000] {processor.py:161} INFO - Started process (PID=1277) to work on /opt/airflow/dags/flight_pipeline.py
[2026-05-28T00:10:43.799+0000] {processor.py:830} INFO - Processing file /opt/airflow/dags/flight_pipeline.py for tasks to queue
[2026-05-28T00:10:43.800+0000] {logging_mixin.py:188} INFO - [2026-05-28T00:10:43.800+0000] {dagbag.py:540} INFO - Filling up the DagBag from /opt/airflow/dags/flight_pipeline.py
[2026-05-28T00:10:43.817+0000] {processor.py:840} INFO - DAG(s) 'flight_pipeline' retrieved from /opt/airflow/dags/flight_pipeline.py
[2026-05-28T00:10:43.843+0000] {logging_mixin.py:188} INFO - [2026-05-28T00:10:43.843+0000] {dag.py:3096} INFO - Sync 1 DAGs
[2026-05-28T00:10:43.862+0000] {logging_mixin.py:188} INFO - [2026-05-28T00:10:43.861+0000] {dag.py:3954} INFO - Setting next_dagrun for flight_pipeline to 2026-05-28 00:00:00+00:00, run_after=2026-05-28 01:00:00+00:00
[2026-05-28T00:10:43.879+0000] {processor.py:183} INFO - Processing /opt/airflow/dags/flight_pipeline.py took 0.087 seconds
[2026-05-28T00:11:13.977+0000] {processor.py:161} INFO - Started process (PID=1282) to work on /opt/airflow/dags/flight_pipeline.py
[2026-05-28T00:11:13.978+0000] {processor.py:830} INFO - Processing file /opt/airflow/dags/flight_pipeline.py for tasks to queue
[2026-05-28T00:11:13.980+0000] {logging_mixin.py:188} INFO - [2026-05-28T00:11:13.979+0000] {dagbag.py:540} INFO - Filling up the DagBag from /opt/airflow/dags/flight_pipeline.py
[2026-05-28T00:11:13.997+0000] {processor.py:840} INFO - DAG(s) 'flight_pipeline' retrieved from /opt/airflow/dags/flight_pipeline.py
[2026-05-28T00:11:14.023+0000] {logging_mixin.py:188} INFO - [2026-05-28T00:11:14.023+0000] {dag.py:3096} INFO - Sync 1 DAGs
[2026-05-28T00:11:14.043+0000] {logging_mixin.py:188} INFO - [2026-05-28T00:11:14.043+0000] {dag.py:3954} INFO - Setting next_dagrun for flight_pipeline to 2026-05-28 00:00:00+00:00, run_after=2026-05-28 01:00:00+00:00
[2026-05-28T00:11:14.059+0000] {processor.py:183} INFO - Processing /opt/airflow/dags/flight_pipeline.py took 0.087 seconds
[2026-05-28T00:11:44.209+0000] {processor.py:161} INFO - Started process (PID=1287) to work on /opt/airflow/dags/flight_pipeline.py
[2026-05-28T00:11:44.210+0000] {processor.py:830} INFO - Processing file /opt/airflow/dags/flight_pipeline.py for tasks to queue
[2026-05-28T00:11:44.212+0000] {logging_mixin.py:188} INFO - [2026-05-28T00:11:44.212+0000] {dagbag.py:540} INFO - Filling up the DagBag from /opt/airflow/dags/flight_pipeline.py
[2026-05-28T00:11:44.232+0000] {processor.py:840} INFO - DAG(s) 'flight_pipeline' retrieved from /opt/airflow/dags/flight_pipeline.py
[2026-05-28T00:11:44.261+0000] {logging_mixin.py:188} INFO - [2026-05-28T00:11:44.261+0000] {dag.py:3096} INFO - Sync 1 DAGs
[2026-05-28T00:11:44.285+0000] {logging_mixin.py:188} INFO - [2026-05-28T00:11:44.285+0000] {dag.py:3954} INFO - Setting next_dagrun for flight_pipeline to 2026-05-28 00:00:00+00:00, run_after=2026-05-28 01:00:00+00:00
[2026-05-28T00:11:44.304+0000] {processor.py:183} INFO - Processing /opt/airflow/dags/flight_pipeline.py took 0.102 seconds
[2026-05-28T00:12:14.389+0000] {processor.py:161} INFO - Started process (PID=1292) to work on /opt/airflow/dags/flight_pipeline.py
[2026-05-28T00:12:14.390+0000] {processor.py:830} INFO - Processing file /opt/airflow/dags/flight_pipeline.py for tasks to queue
[2026-05-28T00:12:14.391+0000] {logging_mixin.py:188} INFO - [2026-05-28T00:12:14.391+0000] {dagbag.py:540} INFO - Filling up the DagBag from /opt/airflow/dags/flight_pipeline.py
[2026-05-28T00:12:14.409+0000] {processor.py:840} INFO - DAG(s) 'flight_pipeline' retrieved from /opt/airflow/dags/flight_pipeline.py
[2026-05-28T00:12:14.437+0000] {logging_mixin.py:188} INFO - [2026-05-28T00:12:14.437+0000] {dag.py:3096} INFO - Sync 1 DAGs
[2026-05-28T00:12:14.458+0000] {logging_mixin.py:188} INFO - [2026-05-28T00:12:14.458+0000] {dag.py:3954} INFO - Setting next_dagrun for flight_pipeline to 2026-05-28 00:00:00+00:00, run_after=2026-05-28 01:00:00+00:00
[2026-05-28T00:12:14.475+0000] {processor.py:183} INFO - Processing /opt/airflow/dags/flight_pipeline.py took 0.092 seconds
[2026-05-28T00:12:44.644+0000] {processor.py:161} INFO - Started process (PID=1297) to work on /opt/airflow/dags/flight_pipeline.py
[2026-05-28T00:12:44.645+0000] {processor.py:830} INFO - Processing file /opt/airflow/dags/flight_pipeline.py for tasks to queue
[2026-05-28T00:12:44.646+0000] {logging_mixin.py:188} INFO - [2026-05-28T00:12:44.646+0000] {dagbag.py:540} INFO - Filling up the DagBag from /opt/airflow/dags/flight_pipeline.py
[2026-05-28T00:12:44.664+0000] {processor.py:840} INFO - DAG(s) 'flight_pipeline' retrieved from /opt/airflow/dags/flight_pipeline.py
[2026-05-28T00:12:44.689+0000] {logging_mixin.py:188} INFO - [2026-05-28T00:12:44.689+0000] {dag.py:3096} INFO - Sync 1 DAGs
[2026-05-28T00:12:44.708+0000] {logging_mixin.py:188} INFO - [2026-05-28T00:12:44.708+0000] {dag.py:3954} INFO - Setting next_dagrun for flight_pipeline to 2026-05-28 00:00:00+00:00, run_after=2026-05-28 01:00:00+00:00
[2026-05-28T00:12:44.724+0000] {processor.py:183} INFO - Processing /opt/airflow/dags/flight_pipeline.py took 0.085 seconds
[2026-05-28T00:13:14.817+0000] {processor.py:161} INFO - Started process (PID=1302) to work on /opt/airflow/dags/flight_pipeline.py
[2026-05-28T00:13:14.818+0000] {processor.py:830} INFO - Processing file /opt/airflow/dags/flight_pipeline.py for tasks to queue
[2026-05-28T00:13:14.820+0000] {logging_mixin.py:188} INFO - [2026-05-28T00:13:14.820+0000] {dagbag.py:540} INFO - Filling up the DagBag from /opt/airflow/dags/flight_pipeline.py
[2026-05-28T00:13:14.837+0000] {processor.py:840} INFO - DAG(s) 'flight_pipeline' retrieved from /opt/airflow/dags/flight_pipeline.py
[2026-05-28T00:13:14.863+0000] {logging_mixin.py:188} INFO - [2026-05-28T00:13:14.863+0000] {dag.py:3096} INFO - Sync 1 DAGs
[2026-05-28T00:13:14.882+0000] {logging_mixin.py:188} INFO - [2026-05-28T00:13:14.881+0000] {dag.py:3954} INFO - Setting next_dagrun for flight_pipeline to 2026-05-28 00:00:00+00:00, run_after=2026-05-28 01:00:00+00:00
[2026-05-28T00:13:14.898+0000] {processor.py:183} INFO - Processing /opt/airflow/dags/flight_pipeline.py took 0.087 seconds
[2026-05-28T00:13:45.049+0000] {processor.py:161} INFO - Started process (PID=1307) to work on /opt/airflow/dags/flight_pipeline.py
[2026-05-28T00:13:45.050+0000] {processor.py:830} INFO - Processing file /opt/airflow/dags/flight_pipeline.py for tasks to queue
[2026-05-28T00:13:45.051+0000] {logging_mixin.py:188} INFO - [2026-05-28T00:13:45.051+0000] {dagbag.py:540} INFO - Filling up the DagBag from /opt/airflow/dags/flight_pipeline.py
[2026-05-28T00:13:45.068+0000] {processor.py:840} INFO - DAG(s) 'flight_pipeline' retrieved from /opt/airflow/dags/flight_pipeline.py
[2026-05-28T00:13:45.093+0000] {logging_mixin.py:188} INFO - [2026-05-28T00:13:45.092+0000] {dag.py:3096} INFO - Sync 1 DAGs
[2026-05-28T00:13:45.111+0000] {logging_mixin.py:188} INFO - [2026-05-28T00:13:45.111+0000] {dag.py:3954} INFO - Setting next_dagrun for flight_pipeline to 2026-05-28 00:00:00+00:00, run_after=2026-05-28 01:00:00+00:00
[2026-05-28T00:13:45.128+0000] {processor.py:183} INFO - Processing /opt/airflow/dags/flight_pipeline.py took 0.084 seconds
[2026-05-28T00:14:15.227+0000] {processor.py:161} INFO - Started process (PID=1312) to work on /opt/airflow/dags/flight_pipeline.py
[2026-05-28T00:14:15.227+0000] {processor.py:830} INFO - Processing file /opt/airflow/dags/flight_pipeline.py for tasks to queue
[2026-05-28T00:14:15.229+0000] {logging_mixin.py:188} INFO - [2026-05-28T00:14:15.229+0000] {dagbag.py:540} INFO - Filling up the DagBag from /opt/airflow/dags/flight_pipeline.py
[2026-05-28T00:14:15.246+0000] {processor.py:840} INFO - DAG(s) 'flight_pipeline' retrieved from /opt/airflow/dags/flight_pipeline.py
[2026-05-28T00:14:15.272+0000] {logging_mixin.py:188} INFO - [2026-05-28T00:14:15.272+0000] {dag.py:3096} INFO - Sync 1 DAGs
[2026-05-28T00:14:15.291+0000] {logging_mixin.py:188} INFO - [2026-05-28T00:14:15.291+0000] {dag.py:3954} INFO - Setting next_dagrun for flight_pipeline to 2026-05-28 00:00:00+00:00, run_after=2026-05-28 01:00:00+00:00
[2026-05-28T00:14:15.307+0000] {processor.py:183} INFO - Processing /opt/airflow/dags/flight_pipeline.py took 0.086 seconds
[2026-05-28T00:14:45.462+0000] {processor.py:161} INFO - Started process (PID=1317) to work on /opt/airflow/dags/flight_pipeline.py
[2026-05-28T00:14:45.463+0000] {processor.py:830} INFO - Processing file /opt/airflow/dags/flight_pipeline.py for tasks to queue
[2026-05-28T00:14:45.465+0000] {logging_mixin.py:188} INFO - [2026-05-28T00:14:45.465+0000] {dagbag.py:540} INFO - Filling up the DagBag from /opt/airflow/dags/flight_pipeline.py
[2026-05-28T00:14:45.481+0000] {processor.py:840} INFO - DAG(s) 'flight_pipeline' retrieved from /opt/airflow/dags/flight_pipeline.py
[2026-05-28T00:14:45.505+0000] {logging_mixin.py:188} INFO - [2026-05-28T00:14:45.505+0000] {dag.py:3096} INFO - Sync 1 DAGs
[2026-05-28T00:14:45.524+0000] {logging_mixin.py:188} INFO - [2026-05-28T00:14:45.524+0000] {dag.py:3954} INFO - Setting next_dagrun for flight_pipeline to 2026-05-28 00:00:00+00:00, run_after=2026-05-28 01:00:00+00:00
[2026-05-28T00:14:45.540+0000] {processor.py:183} INFO - Processing /opt/airflow/dags/flight_pipeline.py took 0.083 seconds
[2026-05-28T00:15:15.669+0000] {processor.py:161} INFO - Started process (PID=1322) to work on /opt/airflow/dags/flight_pipeline.py
[2026-05-28T00:15:15.670+0000] {processor.py:830} INFO - Processing file /opt/airflow/dags/flight_pipeline.py for tasks to queue
[2026-05-28T00:15:15.671+0000] {logging_mixin.py:188} INFO - [2026-05-28T00:15:15.671+0000] {dagbag.py:540} INFO - Filling up the DagBag from /opt/airflow/dags/flight_pipeline.py
[2026-05-28T00:15:15.690+0000] {processor.py:840} INFO - DAG(s) 'flight_pipeline' retrieved from /opt/airflow/dags/flight_pipeline.py
[2026-05-28T00:15:15.716+0000] {logging_mixin.py:188} INFO - [2026-05-28T00:15:15.716+0000] {dag.py:3096} INFO - Sync 1 DAGs
[2026-05-28T00:15:15.735+0000] {logging_mixin.py:188} INFO - [2026-05-28T00:15:15.735+0000] {dag.py:3954} INFO - Setting next_dagrun for flight_pipeline to 2026-05-28 00:00:00+00:00, run_after=2026-05-28 01:00:00+00:00
[2026-05-28T00:15:15.752+0000] {processor.py:183} INFO - Processing /opt/airflow/dags/flight_pipeline.py took 0.089 seconds
[2026-05-28T00:15:45.953+0000] {processor.py:161} INFO - Started process (PID=1327) to work on /opt/airflow/dags/flight_pipeline.py
[2026-05-28T00:15:45.955+0000] {processor.py:830} INFO - Processing file /opt/airflow/dags/flight_pipeline.py for tasks to queue
[2026-05-28T00:15:45.957+0000] {logging_mixin.py:188} INFO - [2026-05-28T00:15:45.957+0000] {dagbag.py:540} INFO - Filling up the DagBag from /opt/airflow/dags/flight_pipeline.py
[2026-05-28T00:15:45.976+0000] {processor.py:840} INFO - DAG(s) 'flight_pipeline' retrieved from /opt/airflow/dags/flight_pipeline.py
[2026-05-28T00:15:46.009+0000] {logging_mixin.py:188} INFO - [2026-05-28T00:15:46.008+0000] {dag.py:3096} INFO - Sync 1 DAGs
[2026-05-28T00:15:46.030+0000] {logging_mixin.py:188} INFO - [2026-05-28T00:15:46.030+0000] {dag.py:3954} INFO - Setting next_dagrun for flight_pipeline to 2026-05-28 00:00:00+00:00, run_after=2026-05-28 01:00:00+00:00
[2026-05-28T00:15:46.049+0000] {processor.py:183} INFO - Processing /opt/airflow/dags/flight_pipeline.py took 0.101 seconds
[2026-05-28T00:16:16.145+0000] {processor.py:161} INFO - Started process (PID=1332) to work on /opt/airflow/dags/flight_pipeline.py
[2026-05-28T00:16:16.146+0000] {processor.py:830} INFO - Processing file /opt/airflow/dags/flight_pipeline.py for tasks to queue
[2026-05-28T00:16:16.148+0000] {logging_mixin.py:188} INFO - [2026-05-28T00:16:16.147+0000] {dagbag.py:540} INFO - Filling up the DagBag from /opt/airflow/dags/flight_pipeline.py
[2026-05-28T00:16:16.165+0000] {processor.py:840} INFO - DAG(s) 'flight_pipeline' retrieved from /opt/airflow/dags/flight_pipeline.py
[2026-05-28T00:16:16.191+0000] {logging_mixin.py:188} INFO - [2026-05-28T00:16:16.191+0000] {dag.py:3096} INFO - Sync 1 DAGs
[2026-05-28T00:16:16.210+0000] {logging_mixin.py:188} INFO - [2026-05-28T00:16:16.210+0000] {dag.py:3954} INFO - Setting next_dagrun for flight_pipeline to 2026-05-28 00:00:00+00:00, run_after=2026-05-28 01:00:00+00:00
[2026-05-28T00:16:16.226+0000] {processor.py:183} INFO - Processing /opt/airflow/dags/flight_pipeline.py took 0.086 seconds
[2026-05-28T00:16:46.427+0000] {processor.py:161} INFO - Started process (PID=1337) to work on /opt/airflow/dags/flight_pipeline.py
[2026-05-28T00:16:46.428+0000] {processor.py:830} INFO - Processing file /opt/airflow/dags/flight_pipeline.py for tasks to queue
[2026-05-28T00:16:46.430+0000] {logging_mixin.py:188} INFO - [2026-05-28T00:16:46.429+0000] {dagbag.py:540} INFO - Filling up the DagBag from /opt/airflow/dags/flight_pipeline.py
[2026-05-28T00:16:46.447+0000] {processor.py:840} INFO - DAG(s) 'flight_pipeline' retrieved from /opt/airflow/dags/flight_pipeline.py
[2026-05-28T00:16:46.471+0000] {logging_mixin.py:188} INFO - [2026-05-28T00:16:46.471+0000] {dag.py:3096} INFO - Sync 1 DAGs
[2026-05-28T00:16:46.491+0000] {logging_mixin.py:188} INFO - [2026-05-28T00:16:46.491+0000] {dag.py:3954} INFO - Setting next_dagrun for flight_pipeline to 2026-05-28 00:00:00+00:00, run_after=2026-05-28 01:00:00+00:00
[2026-05-28T00:16:46.508+0000] {processor.py:183} INFO - Processing /opt/airflow/dags/flight_pipeline.py took 0.086 seconds
[2026-05-28T00:17:16.663+0000] {processor.py:161} INFO - Started process (PID=1342) to work on /opt/airflow/dags/flight_pipeline.py
[2026-05-28T00:17:16.664+0000] {processor.py:830} INFO - Processing file /opt/airflow/dags/flight_pipeline.py for tasks to queue
[2026-05-28T00:17:16.666+0000] {logging_mixin.py:188} INFO - [2026-05-28T00:17:16.666+0000] {dagbag.py:540} INFO - Filling up the DagBag from /opt/airflow/dags/flight_pipeline.py
[2026-05-28T00:17:16.685+0000] {processor.py:840} INFO - DAG(s) 'flight_pipeline' retrieved from /opt/airflow/dags/flight_pipeline.py
[2026-05-28T00:17:16.711+0000] {logging_mixin.py:188} INFO - [2026-05-28T00:17:16.711+0000] {dag.py:3096} INFO - Sync 1 DAGs
[2026-05-28T00:17:16.731+0000] {logging_mixin.py:188} INFO - [2026-05-28T00:17:16.730+0000] {dag.py:3954} INFO - Setting next_dagrun for flight_pipeline to 2026-05-28 00:00:00+00:00, run_after=2026-05-28 01:00:00+00:00
[2026-05-28T00:17:16.747+0000] {processor.py:183} INFO - Processing /opt/airflow/dags/flight_pipeline.py took 0.090 seconds
[2026-05-28T00:17:46.903+0000] {processor.py:161} INFO - Started process (PID=1347) to work on /opt/airflow/dags/flight_pipeline.py
[2026-05-28T00:17:46.904+0000] {processor.py:830} INFO - Processing file /opt/airflow/dags/flight_pipeline.py for tasks to queue
[2026-05-28T00:17:46.906+0000] {logging_mixin.py:188} INFO - [2026-05-28T00:17:46.906+0000] {dagbag.py:540} INFO - Filling up the DagBag from /opt/airflow/dags/flight_pipeline.py
[2026-05-28T00:17:46.924+0000] {processor.py:840} INFO - DAG(s) 'flight_pipeline' retrieved from /opt/airflow/dags/flight_pipeline.py
[2026-05-28T00:17:46.951+0000] {logging_mixin.py:188} INFO - [2026-05-28T00:17:46.950+0000] {dag.py:3096} INFO - Sync 1 DAGs
[2026-05-28T00:17:46.974+0000] {logging_mixin.py:188} INFO - [2026-05-28T00:17:46.973+0000] {dag.py:3954} INFO - Setting next_dagrun for flight_pipeline to 2026-05-28 00:00:00+00:00, run_after=2026-05-28 01:00:00+00:00
[2026-05-28T00:17:46.992+0000] {processor.py:183} INFO - Processing /opt/airflow/dags/flight_pipeline.py took 0.095 seconds
[2026-05-28T00:18:17.091+0000] {processor.py:161} INFO - Started process (PID=1352) to work on /opt/airflow/dags/flight_pipeline.py
[2026-05-28T00:18:17.092+0000] {processor.py:830} INFO - Processing file /opt/airflow/dags/flight_pipeline.py for tasks to queue
[2026-05-28T00:18:17.093+0000] {logging_mixin.py:188} INFO - [2026-05-28T00:18:17.093+0000] {dagbag.py:540} INFO - Filling up the DagBag from /opt/airflow/dags/flight_pipeline.py
[2026-05-28T00:18:17.110+0000] {processor.py:840} INFO - DAG(s) 'flight_pipeline' retrieved from /opt/airflow/dags/flight_pipeline.py
[2026-05-28T00:18:17.136+0000] {logging_mixin.py:188} INFO - [2026-05-28T00:18:17.135+0000] {dag.py:3096} INFO - Sync 1 DAGs
[2026-05-28T00:18:17.154+0000] {logging_mixin.py:188} INFO - [2026-05-28T00:18:17.154+0000] {dag.py:3954} INFO - Setting next_dagrun for flight_pipeline to 2026-05-28 00:00:00+00:00, run_after=2026-05-28 01:00:00+00:00
[2026-05-28T00:18:17.170+0000] {processor.py:183} INFO - Processing /opt/airflow/dags/flight_pipeline.py took 0.085 seconds
[2026-05-28T00:18:47.381+0000] {processor.py:161} INFO - Started process (PID=1357) to work on /opt/airflow/dags/flight_pipeline.py
[2026-05-28T00:18:47.382+0000] {processor.py:830} INFO - Processing file /opt/airflow/dags/flight_pipeline.py for tasks to queue
[2026-05-28T00:18:47.384+0000] {logging_mixin.py:188} INFO - [2026-05-28T00:18:47.384+0000] {dagbag.py:540} INFO - Filling up the DagBag from /opt/airflow/dags/flight_pipeline.py
[2026-05-28T00:18:47.413+0000] {processor.py:840} INFO - DAG(s) 'flight_pipeline' retrieved from /opt/airflow/dags/flight_pipeline.py
[2026-05-28T00:18:47.464+0000] {logging_mixin.py:188} INFO - [2026-05-28T00:18:47.464+0000] {dag.py:3096} INFO - Sync 1 DAGs
[2026-05-28T00:18:47.484+0000] {logging_mixin.py:188} INFO - [2026-05-28T00:18:47.484+0000] {dag.py:3954} INFO - Setting next_dagrun for flight_pipeline to 2026-05-28 00:00:00+00:00, run_after=2026-05-28 01:00:00+00:00
[2026-05-28T00:18:47.500+0000] {processor.py:183} INFO - Processing /opt/airflow/dags/flight_pipeline.py took 0.123 seconds
[2026-05-28T00:19:17.589+0000] {processor.py:161} INFO - Started process (PID=1362) to work on /opt/airflow/dags/flight_pipeline.py
[2026-05-28T00:19:17.590+0000] {processor.py:830} INFO - Processing file /opt/airflow/dags/flight_pipeline.py for tasks to queue
[2026-05-28T00:19:17.591+0000] {logging_mixin.py:188} INFO - [2026-05-28T00:19:17.591+0000] {dagbag.py:540} INFO - Filling up the DagBag from /opt/airflow/dags/flight_pipeline.py
[2026-05-28T00:19:17.608+0000] {processor.py:840} INFO - DAG(s) 'flight_pipeline' retrieved from /opt/airflow/dags/flight_pipeline.py
[2026-05-28T00:19:17.634+0000] {logging_mixin.py:188} INFO - [2026-05-28T00:19:17.633+0000] {dag.py:3096} INFO - Sync 1 DAGs
[2026-05-28T00:19:17.653+0000] {logging_mixin.py:188} INFO - [2026-05-28T00:19:17.653+0000] {dag.py:3954} INFO - Setting next_dagrun for flight_pipeline to 2026-05-28 00:00:00+00:00, run_after=2026-05-28 01:00:00+00:00
[2026-05-28T00:19:17.671+0000] {processor.py:183} INFO - Processing /opt/airflow/dags/flight_pipeline.py took 0.088 seconds
[2026-05-28T00:19:47.869+0000] {processor.py:161} INFO - Started process (PID=1367) to work on /opt/airflow/dags/flight_pipeline.py
[2026-05-28T00:19:47.870+0000] {processor.py:830} INFO - Processing file /opt/airflow/dags/flight_pipeline.py for tasks to queue
[2026-05-28T00:19:47.872+0000] {logging_mixin.py:188} INFO - [2026-05-28T00:19:47.872+0000] {dagbag.py:540} INFO - Filling up the DagBag from /opt/airflow/dags/flight_pipeline.py
[2026-05-28T00:19:47.889+0000] {processor.py:840} INFO - DAG(s) 'flight_pipeline' retrieved from /opt/airflow/dags/flight_pipeline.py
[2026-05-28T00:19:47.915+0000] {logging_mixin.py:188} INFO - [2026-05-28T00:19:47.915+0000] {dag.py:3096} INFO - Sync 1 DAGs
[2026-05-28T00:19:47.934+0000] {logging_mixin.py:188} INFO - [2026-05-28T00:19:47.934+0000] {dag.py:3954} INFO - Setting next_dagrun for flight_pipeline to 2026-05-28 00:00:00+00:00, run_after=2026-05-28 01:00:00+00:00
[2026-05-28T00:19:47.951+0000] {processor.py:183} INFO - Processing /opt/airflow/dags/flight_pipeline.py took 0.087 seconds
[2026-05-28T00:20:18.058+0000] {processor.py:161} INFO - Started process (PID=1372) to work on /opt/airflow/dags/flight_pipeline.py
[2026-05-28T00:20:18.059+0000] {processor.py:830} INFO - Processing file /opt/airflow/dags/flight_pipeline.py for tasks to queue
[2026-05-28T00:20:18.061+0000] {logging_mixin.py:188} INFO - [2026-05-28T00:20:18.061+0000] {dagbag.py:540} INFO - Filling up the DagBag from /opt/airflow/dags/flight_pipeline.py
[2026-05-28T00:20:18.080+0000] {processor.py:840} INFO - DAG(s) 'flight_pipeline' retrieved from /opt/airflow/dags/flight_pipeline.py
[2026-05-28T00:20:18.112+0000] {logging_mixin.py:188} INFO - [2026-05-28T00:20:18.111+0000] {dag.py:3096} INFO - Sync 1 DAGs
[2026-05-28T00:20:18.136+0000] {logging_mixin.py:188} INFO - [2026-05-28T00:20:18.135+0000] {dag.py:3954} INFO - Setting next_dagrun for flight_pipeline to 2026-05-28 00:00:00+00:00, run_after=2026-05-28 01:00:00+00:00
[2026-05-28T00:20:18.155+0000] {processor.py:183} INFO - Processing /opt/airflow/dags/flight_pipeline.py took 0.104 seconds
[2026-05-28T00:20:48.308+0000] {processor.py:161} INFO - Started process (PID=1377) to work on /opt/airflow/dags/flight_pipeline.py
[2026-05-28T00:20:48.309+0000] {processor.py:830} INFO - Processing file /opt/airflow/dags/flight_pipeline.py for tasks to queue
[2026-05-28T00:20:48.311+0000] {logging_mixin.py:188} INFO - [2026-05-28T00:20:48.311+0000] {dagbag.py:540} INFO - Filling up the DagBag from /opt/airflow/dags/flight_pipeline.py
[2026-05-28T00:20:48.328+0000] {processor.py:840} INFO - DAG(s) 'flight_pipeline' retrieved from /opt/airflow/dags/flight_pipeline.py
[2026-05-28T00:20:48.352+0000] {logging_mixin.py:188} INFO - [2026-05-28T00:20:48.352+0000] {dag.py:3096} INFO - Sync 1 DAGs
[2026-05-28T00:20:48.370+0000] {logging_mixin.py:188} INFO - [2026-05-28T00:20:48.370+0000] {dag.py:3954} INFO - Setting next_dagrun for flight_pipeline to 2026-05-28 00:00:00+00:00, run_after=2026-05-28 01:00:00+00:00
[2026-05-28T00:20:48.386+0000] {processor.py:183} INFO - Processing /opt/airflow/dags/flight_pipeline.py took 0.084 seconds
[2026-05-28T00:21:18.542+0000] {processor.py:161} INFO - Started process (PID=1382) to work on /opt/airflow/dags/flight_pipeline.py
[2026-05-28T00:21:18.544+0000] {processor.py:830} INFO - Processing file /opt/airflow/dags/flight_pipeline.py for tasks to queue
[2026-05-28T00:21:18.546+0000] {logging_mixin.py:188} INFO - [2026-05-28T00:21:18.545+0000] {dagbag.py:540} INFO - Filling up the DagBag from /opt/airflow/dags/flight_pipeline.py
[2026-05-28T00:21:18.565+0000] {processor.py:840} INFO - DAG(s) 'flight_pipeline' retrieved from /opt/airflow/dags/flight_pipeline.py
[2026-05-28T00:21:18.593+0000] {logging_mixin.py:188} INFO - [2026-05-28T00:21:18.593+0000] {dag.py:3096} INFO - Sync 1 DAGs
[2026-05-28T00:21:18.615+0000] {logging_mixin.py:188} INFO - [2026-05-28T00:21:18.615+0000] {dag.py:3954} INFO - Setting next_dagrun for flight_pipeline to 2026-05-28 00:00:00+00:00, run_after=2026-05-28 01:00:00+00:00
[2026-05-28T00:21:18.641+0000] {processor.py:183} INFO - Processing /opt/airflow/dags/flight_pipeline.py took 0.104 seconds
[2026-05-28T00:21:48.778+0000] {processor.py:161} INFO - Started process (PID=1387) to work on /opt/airflow/dags/flight_pipeline.py
[2026-05-28T00:21:48.779+0000] {processor.py:830} INFO - Processing file /opt/airflow/dags/flight_pipeline.py for tasks to queue
[2026-05-28T00:21:48.781+0000] {logging_mixin.py:188} INFO - [2026-05-28T00:21:48.780+0000] {dagbag.py:540} INFO - Filling up the DagBag from /opt/airflow/dags/flight_pipeline.py
[2026-05-28T00:21:48.799+0000] {processor.py:840} INFO - DAG(s) 'flight_pipeline' retrieved from /opt/airflow/dags/flight_pipeline.py
[2026-05-28T00:21:48.829+0000] {logging_mixin.py:188} INFO - [2026-05-28T00:21:48.829+0000] {dag.py:3096} INFO - Sync 1 DAGs
[2026-05-28T00:21:48.849+0000] {logging_mixin.py:188} INFO - [2026-05-28T00:21:48.848+0000] {dag.py:3954} INFO - Setting next_dagrun for flight_pipeline to 2026-05-28 00:00:00+00:00, run_after=2026-05-28 01:00:00+00:00
[2026-05-28T00:21:48.865+0000] {processor.py:183} INFO - Processing /opt/airflow/dags/flight_pipeline.py took 0.094 seconds
[2026-05-28T00:22:19.002+0000] {processor.py:161} INFO - Started process (PID=1392) to work on /opt/airflow/dags/flight_pipeline.py
[2026-05-28T00:22:19.003+0000] {processor.py:830} INFO - Processing file /opt/airflow/dags/flight_pipeline.py for tasks to queue
[2026-05-28T00:22:19.006+0000] {logging_mixin.py:188} INFO - [2026-05-28T00:22:19.005+0000] {dagbag.py:540} INFO - Filling up the DagBag from /opt/airflow/dags/flight_pipeline.py
[2026-05-28T00:22:19.024+0000] {processor.py:840} INFO - DAG(s) 'flight_pipeline' retrieved from /opt/airflow/dags/flight_pipeline.py
[2026-05-28T00:22:19.051+0000] {logging_mixin.py:188} INFO - [2026-05-28T00:22:19.051+0000] {dag.py:3096} INFO - Sync 1 DAGs
[2026-05-28T00:22:19.073+0000] {logging_mixin.py:188} INFO - [2026-05-28T00:22:19.073+0000] {dag.py:3954} INFO - Setting next_dagrun for flight_pipeline to 2026-05-28 00:00:00+00:00, run_after=2026-05-28 01:00:00+00:00
[2026-05-28T00:22:19.091+0000] {processor.py:183} INFO - Processing /opt/airflow/dags/flight_pipeline.py took 0.095 seconds
[2026-05-28T00:22:49.202+0000] {processor.py:161} INFO - Started process (PID=1397) to work on /opt/airflow/dags/flight_pipeline.py
[2026-05-28T00:22:49.203+0000] {processor.py:830} INFO - Processing file /opt/airflow/dags/flight_pipeline.py for tasks to queue
[2026-05-28T00:22:49.205+0000] {logging_mixin.py:188} INFO - [2026-05-28T00:22:49.204+0000] {dagbag.py:540} INFO - Filling up the DagBag from /opt/airflow/dags/flight_pipeline.py
[2026-05-28T00:22:49.222+0000] {processor.py:840} INFO - DAG(s) 'flight_pipeline' retrieved from /opt/airflow/dags/flight_pipeline.py
[2026-05-28T00:22:49.249+0000] {logging_mixin.py:188} INFO - [2026-05-28T00:22:49.248+0000] {dag.py:3096} INFO - Sync 1 DAGs
[2026-05-28T00:22:49.267+0000] {logging_mixin.py:188} INFO - [2026-05-28T00:22:49.266+0000] {dag.py:3954} INFO - Setting next_dagrun for flight_pipeline to 2026-05-28 00:00:00+00:00, run_after=2026-05-28 01:00:00+00:00
[2026-05-28T00:22:49.283+0000] {processor.py:183} INFO - Processing /opt/airflow/dags/flight_pipeline.py took 0.086 seconds
[2026-05-28T00:23:19.429+0000] {processor.py:161} INFO - Started process (PID=1402) to work on /opt/airflow/dags/flight_pipeline.py
[2026-05-28T00:23:19.430+0000] {processor.py:830} INFO - Processing file /opt/airflow/dags/flight_pipeline.py for tasks to queue
[2026-05-28T00:23:19.431+0000] {logging_mixin.py:188} INFO - [2026-05-28T00:23:19.431+0000] {dagbag.py:540} INFO - Filling up the DagBag from /opt/airflow/dags/flight_pipeline.py
[2026-05-28T00:23:19.448+0000] {processor.py:840} INFO - DAG(s) 'flight_pipeline' retrieved from /opt/airflow/dags/flight_pipeline.py
[2026-05-28T00:23:19.472+0000] {logging_mixin.py:188} INFO - [2026-05-28T00:23:19.472+0000] {dag.py:3096} INFO - Sync 1 DAGs
[2026-05-28T00:23:19.492+0000] {logging_mixin.py:188} INFO - [2026-05-28T00:23:19.492+0000] {dag.py:3954} INFO - Setting next_dagrun for flight_pipeline to 2026-05-28 00:00:00+00:00, run_after=2026-05-28 01:00:00+00:00
[2026-05-28T00:23:19.508+0000] {processor.py:183} INFO - Processing /opt/airflow/dags/flight_pipeline.py took 0.085 seconds
[2026-05-28T00:23:49.646+0000] {processor.py:161} INFO - Started process (PID=1407) to work on /opt/airflow/dags/flight_pipeline.py
[2026-05-28T00:23:49.647+0000] {processor.py:830} INFO - Processing file /opt/airflow/dags/flight_pipeline.py for tasks to queue
[2026-05-28T00:23:49.649+0000] {logging_mixin.py:188} INFO - [2026-05-28T00:23:49.648+0000] {dagbag.py:540} INFO - Filling up the DagBag from /opt/airflow/dags/flight_pipeline.py
[2026-05-28T00:23:49.666+0000] {processor.py:840} INFO - DAG(s) 'flight_pipeline' retrieved from /opt/airflow/dags/flight_pipeline.py
[2026-05-28T00:23:49.693+0000] {logging_mixin.py:188} INFO - [2026-05-28T00:23:49.693+0000] {dag.py:3096} INFO - Sync 1 DAGs
[2026-05-28T00:23:49.712+0000] {logging_mixin.py:188} INFO - [2026-05-28T00:23:49.712+0000] {dag.py:3954} INFO - Setting next_dagrun for flight_pipeline to 2026-05-28 00:00:00+00:00, run_after=2026-05-28 01:00:00+00:00
[2026-05-28T00:23:49.727+0000] {processor.py:183} INFO - Processing /opt/airflow/dags/flight_pipeline.py took 0.087 seconds
[2026-05-28T00:24:19.869+0000] {processor.py:161} INFO - Started process (PID=1412) to work on /opt/airflow/dags/flight_pipeline.py
[2026-05-28T00:24:19.870+0000] {processor.py:830} INFO - Processing file /opt/airflow/dags/flight_pipeline.py for tasks to queue
[2026-05-28T00:24:19.872+0000] {logging_mixin.py:188} INFO - [2026-05-28T00:24:19.872+0000] {dagbag.py:540} INFO - Filling up the DagBag from /opt/airflow/dags/flight_pipeline.py
[2026-05-28T00:24:19.890+0000] {processor.py:840} INFO - DAG(s) 'flight_pipeline' retrieved from /opt/airflow/dags/flight_pipeline.py
[2026-05-28T00:24:19.921+0000] {logging_mixin.py:188} INFO - [2026-05-28T00:24:19.920+0000] {dag.py:3096} INFO - Sync 1 DAGs
[2026-05-28T00:24:19.946+0000] {logging_mixin.py:188} INFO - [2026-05-28T00:24:19.946+0000] {dag.py:3954} INFO - Setting next_dagrun for flight_pipeline to 2026-05-28 00:00:00+00:00, run_after=2026-05-28 01:00:00+00:00
[2026-05-28T00:24:19.965+0000] {processor.py:183} INFO - Processing /opt/airflow/dags/flight_pipeline.py took 0.102 seconds
[2026-05-28T00:24:50.039+0000] {processor.py:161} INFO - Started process (PID=1417) to work on /opt/airflow/dags/flight_pipeline.py
[2026-05-28T00:24:50.040+0000] {processor.py:830} INFO - Processing file /opt/airflow/dags/flight_pipeline.py for tasks to queue
[2026-05-28T00:24:50.041+0000] {logging_mixin.py:188} INFO - [2026-05-28T00:24:50.041+0000] {dagbag.py:540} INFO - Filling up the DagBag from /opt/airflow/dags/flight_pipeline.py
[2026-05-28T00:24:50.058+0000] {processor.py:840} INFO - DAG(s) 'flight_pipeline' retrieved from /opt/airflow/dags/flight_pipeline.py
[2026-05-28T00:24:50.083+0000] {logging_mixin.py:188} INFO - [2026-05-28T00:24:50.082+0000] {dag.py:3096} INFO - Sync 1 DAGs
[2026-05-28T00:24:50.101+0000] {logging_mixin.py:188} INFO - [2026-05-28T00:24:50.101+0000] {dag.py:3954} INFO - Setting next_dagrun for flight_pipeline to 2026-05-28 00:00:00+00:00, run_after=2026-05-28 01:00:00+00:00
[2026-05-28T00:24:50.116+0000] {processor.py:183} INFO - Processing /opt/airflow/dags/flight_pipeline.py took 0.082 seconds
[2026-05-28T00:25:20.290+0000] {processor.py:161} INFO - Started process (PID=1422) to work on /opt/airflow/dags/flight_pipeline.py
[2026-05-28T00:25:20.291+0000] {processor.py:830} INFO - Processing file /opt/airflow/dags/flight_pipeline.py for tasks to queue
[2026-05-28T00:25:20.293+0000] {logging_mixin.py:188} INFO - [2026-05-28T00:25:20.292+0000] {dagbag.py:540} INFO - Filling up the DagBag from /opt/airflow/dags/flight_pipeline.py
[2026-05-28T00:25:20.310+0000] {processor.py:840} INFO - DAG(s) 'flight_pipeline' retrieved from /opt/airflow/dags/flight_pipeline.py
[2026-05-28T00:25:20.337+0000] {logging_mixin.py:188} INFO - [2026-05-28T00:25:20.337+0000] {dag.py:3096} INFO - Sync 1 DAGs
[2026-05-28T00:25:20.360+0000] {logging_mixin.py:188} INFO - [2026-05-28T00:25:20.360+0000] {dag.py:3954} INFO - Setting next_dagrun for flight_pipeline to 2026-05-28 00:00:00+00:00, run_after=2026-05-28 01:00:00+00:00
[2026-05-28T00:25:20.383+0000] {processor.py:183} INFO - Processing /opt/airflow/dags/flight_pipeline.py took 0.100 seconds
[2026-05-28T00:25:50.477+0000] {processor.py:161} INFO - Started process (PID=1427) to work on /opt/airflow/dags/flight_pipeline.py
[2026-05-28T00:25:50.478+0000] {processor.py:830} INFO - Processing file /opt/airflow/dags/flight_pipeline.py for tasks to queue
[2026-05-28T00:25:50.480+0000] {logging_mixin.py:188} INFO - [2026-05-28T00:25:50.479+0000] {dagbag.py:540} INFO - Filling up the DagBag from /opt/airflow/dags/flight_pipeline.py
[2026-05-28T00:25:50.497+0000] {processor.py:840} INFO - DAG(s) 'flight_pipeline' retrieved from /opt/airflow/dags/flight_pipeline.py
[2026-05-28T00:25:50.522+0000] {logging_mixin.py:188} INFO - [2026-05-28T00:25:50.522+0000] {dag.py:3096} INFO - Sync 1 DAGs
[2026-05-28T00:25:50.540+0000] {logging_mixin.py:188} INFO - [2026-05-28T00:25:50.540+0000] {dag.py:3954} INFO - Setting next_dagrun for flight_pipeline to 2026-05-28 00:00:00+00:00, run_after=2026-05-28 01:00:00+00:00
[2026-05-28T00:25:50.557+0000] {processor.py:183} INFO - Processing /opt/airflow/dags/flight_pipeline.py took 0.085 seconds
[2026-05-28T00:26:20.747+0000] {processor.py:161} INFO - Started process (PID=1432) to work on /opt/airflow/dags/flight_pipeline.py
[2026-05-28T00:26:20.748+0000] {processor.py:830} INFO - Processing file /opt/airflow/dags/flight_pipeline.py for tasks to queue
[2026-05-28T00:26:20.749+0000] {logging_mixin.py:188} INFO - [2026-05-28T00:26:20.749+0000] {dagbag.py:540} INFO - Filling up the DagBag from /opt/airflow/dags/flight_pipeline.py
[2026-05-28T00:26:20.768+0000] {processor.py:840} INFO - DAG(s) 'flight_pipeline' retrieved from /opt/airflow/dags/flight_pipeline.py
[2026-05-28T00:26:20.795+0000] {logging_mixin.py:188} INFO - [2026-05-28T00:26:20.794+0000] {dag.py:3096} INFO - Sync 1 DAGs
[2026-05-28T00:26:20.817+0000] {logging_mixin.py:188} INFO - [2026-05-28T00:26:20.817+0000] {dag.py:3954} INFO - Setting next_dagrun for flight_pipeline to 2026-05-28 00:00:00+00:00, run_after=2026-05-28 01:00:00+00:00
[2026-05-28T00:26:20.836+0000] {processor.py:183} INFO - Processing /opt/airflow/dags/flight_pipeline.py took 0.094 seconds
[2026-05-28T00:26:50.908+0000] {processor.py:161} INFO - Started process (PID=1437) to work on /opt/airflow/dags/flight_pipeline.py
[2026-05-28T00:26:50.909+0000] {processor.py:830} INFO - Processing file /opt/airflow/dags/flight_pipeline.py for tasks to queue
[2026-05-28T00:26:50.911+0000] {logging_mixin.py:188} INFO - [2026-05-28T00:26:50.911+0000] {dagbag.py:540} INFO - Filling up the DagBag from /opt/airflow/dags/flight_pipeline.py
[2026-05-28T00:26:50.928+0000] {processor.py:840} INFO - DAG(s) 'flight_pipeline' retrieved from /opt/airflow/dags/flight_pipeline.py
[2026-05-28T00:26:50.954+0000] {logging_mixin.py:188} INFO - [2026-05-28T00:26:50.953+0000] {dag.py:3096} INFO - Sync 1 DAGs
[2026-05-28T00:26:50.973+0000] {logging_mixin.py:188} INFO - [2026-05-28T00:26:50.973+0000] {dag.py:3954} INFO - Setting next_dagrun for flight_pipeline to 2026-05-28 00:00:00+00:00, run_after=2026-05-28 01:00:00+00:00
[2026-05-28T00:26:50.989+0000] {processor.py:183} INFO - Processing /opt/airflow/dags/flight_pipeline.py took 0.086 seconds
[2026-05-28T00:27:21.156+0000] {processor.py:161} INFO - Started process (PID=1442) to work on /opt/airflow/dags/flight_pipeline.py
[2026-05-28T00:27:21.157+0000] {processor.py:830} INFO - Processing file /opt/airflow/dags/flight_pipeline.py for tasks to queue
[2026-05-28T00:27:21.159+0000] {logging_mixin.py:188} INFO - [2026-05-28T00:27:21.159+0000] {dagbag.py:540} INFO - Filling up the DagBag from /opt/airflow/dags/flight_pipeline.py
[2026-05-28T00:27:21.179+0000] {processor.py:840} INFO - DAG(s) 'flight_pipeline' retrieved from /opt/airflow/dags/flight_pipeline.py
[2026-05-28T00:27:21.210+0000] {logging_mixin.py:188} INFO - [2026-05-28T00:27:21.210+0000] {dag.py:3096} INFO - Sync 1 DAGs
[2026-05-28T00:27:21.234+0000] {logging_mixin.py:188} INFO - [2026-05-28T00:27:21.234+0000] {dag.py:3954} INFO - Setting next_dagrun for flight_pipeline to 2026-05-28 00:00:00+00:00, run_after=2026-05-28 01:00:00+00:00
[2026-05-28T00:27:21.261+0000] {processor.py:183} INFO - Processing /opt/airflow/dags/flight_pipeline.py took 0.112 seconds
[2026-05-28T00:27:51.332+0000] {processor.py:161} INFO - Started process (PID=1447) to work on /opt/airflow/dags/flight_pipeline.py
[2026-05-28T00:27:51.333+0000] {processor.py:830} INFO - Processing file /opt/airflow/dags/flight_pipeline.py for tasks to queue
[2026-05-28T00:27:51.335+0000] {logging_mixin.py:188} INFO - [2026-05-28T00:27:51.335+0000] {dagbag.py:540} INFO - Filling up the DagBag from /opt/airflow/dags/flight_pipeline.py
[2026-05-28T00:27:51.352+0000] {processor.py:840} INFO - DAG(s) 'flight_pipeline' retrieved from /opt/airflow/dags/flight_pipeline.py
[2026-05-28T00:27:51.377+0000] {logging_mixin.py:188} INFO - [2026-05-28T00:27:51.377+0000] {dag.py:3096} INFO - Sync 1 DAGs
[2026-05-28T00:27:51.396+0000] {logging_mixin.py:188} INFO - [2026-05-28T00:27:51.396+0000] {dag.py:3954} INFO - Setting next_dagrun for flight_pipeline to 2026-05-28 00:00:00+00:00, run_after=2026-05-28 01:00:00+00:00
[2026-05-28T00:27:51.413+0000] {processor.py:183} INFO - Processing /opt/airflow/dags/flight_pipeline.py took 0.086 seconds
[2026-05-28T00:28:21.615+0000] {processor.py:161} INFO - Started process (PID=1452) to work on /opt/airflow/dags/flight_pipeline.py
[2026-05-28T00:28:21.616+0000] {processor.py:830} INFO - Processing file /opt/airflow/dags/flight_pipeline.py for tasks to queue
[2026-05-28T00:28:21.618+0000] {logging_mixin.py:188} INFO - [2026-05-28T00:28:21.617+0000] {dagbag.py:540} INFO - Filling up the DagBag from /opt/airflow/dags/flight_pipeline.py
[2026-05-28T00:28:21.637+0000] {processor.py:840} INFO - DAG(s) 'flight_pipeline' retrieved from /opt/airflow/dags/flight_pipeline.py
[2026-05-28T00:28:21.664+0000] {logging_mixin.py:188} INFO - [2026-05-28T00:28:21.664+0000] {dag.py:3096} INFO - Sync 1 DAGs
[2026-05-28T00:28:21.685+0000] {logging_mixin.py:188} INFO - [2026-05-28T00:28:21.685+0000] {dag.py:3954} INFO - Setting next_dagrun for flight_pipeline to 2026-05-28 00:00:00+00:00, run_after=2026-05-28 01:00:00+00:00
[2026-05-28T00:28:21.705+0000] {processor.py:183} INFO - Processing /opt/airflow/dags/flight_pipeline.py took 0.096 seconds
[2026-05-28T00:28:51.829+0000] {processor.py:161} INFO - Started process (PID=1457) to work on /opt/airflow/dags/flight_pipeline.py
[2026-05-28T00:28:51.829+0000] {processor.py:830} INFO - Processing file /opt/airflow/dags/flight_pipeline.py for tasks to queue
[2026-05-28T00:28:51.831+0000] {logging_mixin.py:188} INFO - [2026-05-28T00:28:51.831+0000] {dagbag.py:540} INFO - Filling up the DagBag from /opt/airflow/dags/flight_pipeline.py
[2026-05-28T00:28:51.847+0000] {processor.py:840} INFO - DAG(s) 'flight_pipeline' retrieved from /opt/airflow/dags/flight_pipeline.py
[2026-05-28T00:28:51.873+0000] {logging_mixin.py:188} INFO - [2026-05-28T00:28:51.872+0000] {dag.py:3096} INFO - Sync 1 DAGs
[2026-05-28T00:28:51.892+0000] {logging_mixin.py:188} INFO - [2026-05-28T00:28:51.891+0000] {dag.py:3954} INFO - Setting next_dagrun for flight_pipeline to 2026-05-28 00:00:00+00:00, run_after=2026-05-28 01:00:00+00:00
[2026-05-28T00:28:51.907+0000] {processor.py:183} INFO - Processing /opt/airflow/dags/flight_pipeline.py took 0.084 seconds
[2026-05-28T00:29:22.059+0000] {processor.py:161} INFO - Started process (PID=1462) to work on /opt/airflow/dags/flight_pipeline.py
[2026-05-28T00:29:22.060+0000] {processor.py:830} INFO - Processing file /opt/airflow/dags/flight_pipeline.py for tasks to queue
[2026-05-28T00:29:22.062+0000] {logging_mixin.py:188} INFO - [2026-05-28T00:29:22.061+0000] {dagbag.py:540} INFO - Filling up the DagBag from /opt/airflow/dags/flight_pipeline.py
[2026-05-28T00:29:22.078+0000] {processor.py:840} INFO - DAG(s) 'flight_pipeline' retrieved from /opt/airflow/dags/flight_pipeline.py
[2026-05-28T00:29:22.102+0000] {logging_mixin.py:188} INFO - [2026-05-28T00:29:22.102+0000] {dag.py:3096} INFO - Sync 1 DAGs
[2026-05-28T00:29:22.123+0000] {logging_mixin.py:188} INFO - [2026-05-28T00:29:22.123+0000] {dag.py:3954} INFO - Setting next_dagrun for flight_pipeline to 2026-05-28 00:00:00+00:00, run_after=2026-05-28 01:00:00+00:00
[2026-05-28T00:29:22.142+0000] {processor.py:183} INFO - Processing /opt/airflow/dags/flight_pipeline.py took 0.088 seconds
[2026-05-28T00:29:52.240+0000] {processor.py:161} INFO - Started process (PID=1467) to work on /opt/airflow/dags/flight_pipeline.py
[2026-05-28T00:29:52.241+0000] {processor.py:830} INFO - Processing file /opt/airflow/dags/flight_pipeline.py for tasks to queue
[2026-05-28T00:29:52.244+0000] {logging_mixin.py:188} INFO - [2026-05-28T00:29:52.243+0000] {dagbag.py:540} INFO - Filling up the DagBag from /opt/airflow/dags/flight_pipeline.py
[2026-05-28T00:29:52.262+0000] {processor.py:840} INFO - DAG(s) 'flight_pipeline' retrieved from /opt/airflow/dags/flight_pipeline.py
[2026-05-28T00:29:52.288+0000] {logging_mixin.py:188} INFO - [2026-05-28T00:29:52.288+0000] {dag.py:3096} INFO - Sync 1 DAGs
[2026-05-28T00:29:52.309+0000] {logging_mixin.py:188} INFO - [2026-05-28T00:29:52.309+0000] {dag.py:3954} INFO - Setting next_dagrun for flight_pipeline to 2026-05-28 00:00:00+00:00, run_after=2026-05-28 01:00:00+00:00
[2026-05-28T00:29:52.326+0000] {processor.py:183} INFO - Processing /opt/airflow/dags/flight_pipeline.py took 0.092 seconds
[2026-05-28T00:30:22.483+0000] {processor.py:161} INFO - Started process (PID=1472) to work on /opt/airflow/dags/flight_pipeline.py
[2026-05-28T00:30:22.484+0000] {processor.py:830} INFO - Processing file /opt/airflow/dags/flight_pipeline.py for tasks to queue
[2026-05-28T00:30:22.486+0000] {logging_mixin.py:188} INFO - [2026-05-28T00:30:22.486+0000] {dagbag.py:540} INFO - Filling up the DagBag from /opt/airflow/dags/flight_pipeline.py
[2026-05-28T00:30:22.505+0000] {processor.py:840} INFO - DAG(s) 'flight_pipeline' retrieved from /opt/airflow/dags/flight_pipeline.py
[2026-05-28T00:30:22.536+0000] {logging_mixin.py:188} INFO - [2026-05-28T00:30:22.536+0000] {dag.py:3096} INFO - Sync 1 DAGs
[2026-05-28T00:30:22.559+0000] {logging_mixin.py:188} INFO - [2026-05-28T00:30:22.558+0000] {dag.py:3954} INFO - Setting next_dagrun for flight_pipeline to 2026-05-28 00:00:00+00:00, run_after=2026-05-28 01:00:00+00:00
[2026-05-28T00:30:22.577+0000] {processor.py:183} INFO - Processing /opt/airflow/dags/flight_pipeline.py took 0.100 seconds
[2026-05-28T00:30:52.699+0000] {processor.py:161} INFO - Started process (PID=1477) to work on /opt/airflow/dags/flight_pipeline.py
[2026-05-28T00:30:52.700+0000] {processor.py:830} INFO - Processing file /opt/airflow/dags/flight_pipeline.py for tasks to queue
[2026-05-28T00:30:52.701+0000] {logging_mixin.py:188} INFO - [2026-05-28T00:30:52.701+0000] {dagbag.py:540} INFO - Filling up the DagBag from /opt/airflow/dags/flight_pipeline.py
[2026-05-28T00:30:52.718+0000] {processor.py:840} INFO - DAG(s) 'flight_pipeline' retrieved from /opt/airflow/dags/flight_pipeline.py
[2026-05-28T00:30:52.742+0000] {logging_mixin.py:188} INFO - [2026-05-28T00:30:52.742+0000] {dag.py:3096} INFO - Sync 1 DAGs
[2026-05-28T00:30:52.762+0000] {logging_mixin.py:188} INFO - [2026-05-28T00:30:52.761+0000] {dag.py:3954} INFO - Setting next_dagrun for flight_pipeline to 2026-05-28 00:00:00+00:00, run_after=2026-05-28 01:00:00+00:00
[2026-05-28T00:30:52.778+0000] {processor.py:183} INFO - Processing /opt/airflow/dags/flight_pipeline.py took 0.085 seconds
[2026-05-28T00:31:22.901+0000] {processor.py:161} INFO - Started process (PID=1482) to work on /opt/airflow/dags/flight_pipeline.py
[2026-05-28T00:31:22.903+0000] {processor.py:830} INFO - Processing file /opt/airflow/dags/flight_pipeline.py for tasks to queue
[2026-05-28T00:31:22.906+0000] {logging_mixin.py:188} INFO - [2026-05-28T00:31:22.905+0000] {dagbag.py:540} INFO - Filling up the DagBag from /opt/airflow/dags/flight_pipeline.py
[2026-05-28T00:31:22.933+0000] {processor.py:840} INFO - DAG(s) 'flight_pipeline' retrieved from /opt/airflow/dags/flight_pipeline.py
[2026-05-28T00:31:22.969+0000] {logging_mixin.py:188} INFO - [2026-05-28T00:31:22.968+0000] {dag.py:3096} INFO - Sync 1 DAGs
[2026-05-28T00:31:22.993+0000] {logging_mixin.py:188} INFO - [2026-05-28T00:31:22.993+0000] {dag.py:3954} INFO - Setting next_dagrun for flight_pipeline to 2026-05-28 00:00:00+00:00, run_after=2026-05-28 01:00:00+00:00
[2026-05-28T00:31:23.013+0000] {processor.py:183} INFO - Processing /opt/airflow/dags/flight_pipeline.py took 0.120 seconds
[2026-05-28T00:31:53.095+0000] {processor.py:161} INFO - Started process (PID=1487) to work on /opt/airflow/dags/flight_pipeline.py
[2026-05-28T00:31:53.096+0000] {processor.py:830} INFO - Processing file /opt/airflow/dags/flight_pipeline.py for tasks to queue
[2026-05-28T00:31:53.098+0000] {logging_mixin.py:188} INFO - [2026-05-28T00:31:53.098+0000] {dagbag.py:540} INFO - Filling up the DagBag from /opt/airflow/dags/flight_pipeline.py
[2026-05-28T00:31:53.116+0000] {processor.py:840} INFO - DAG(s) 'flight_pipeline' retrieved from /opt/airflow/dags/flight_pipeline.py
[2026-05-28T00:31:53.141+0000] {logging_mixin.py:188} INFO - [2026-05-28T00:31:53.140+0000] {dag.py:3096} INFO - Sync 1 DAGs
[2026-05-28T00:31:53.159+0000] {logging_mixin.py:188} INFO - [2026-05-28T00:31:53.159+0000] {dag.py:3954} INFO - Setting next_dagrun for flight_pipeline to 2026-05-28 00:00:00+00:00, run_after=2026-05-28 01:00:00+00:00
[2026-05-28T00:31:53.174+0000] {processor.py:183} INFO - Processing /opt/airflow/dags/flight_pipeline.py took 0.085 seconds
[2026-05-28T00:32:23.367+0000] {processor.py:161} INFO - Started process (PID=1492) to work on /opt/airflow/dags/flight_pipeline.py
[2026-05-28T00:32:23.368+0000] {processor.py:830} INFO - Processing file /opt/airflow/dags/flight_pipeline.py for tasks to queue
[2026-05-28T00:32:23.370+0000] {logging_mixin.py:188} INFO - [2026-05-28T00:32:23.369+0000] {dagbag.py:540} INFO - Filling up the DagBag from /opt/airflow/dags/flight_pipeline.py
[2026-05-28T00:32:23.391+0000] {processor.py:840} INFO - DAG(s) 'flight_pipeline' retrieved from /opt/airflow/dags/flight_pipeline.py
[2026-05-28T00:32:23.419+0000] {logging_mixin.py:188} INFO - [2026-05-28T00:32:23.418+0000] {dag.py:3096} INFO - Sync 1 DAGs
[2026-05-28T00:32:23.444+0000] {logging_mixin.py:188} INFO - [2026-05-28T00:32:23.444+0000] {dag.py:3954} INFO - Setting next_dagrun for flight_pipeline to 2026-05-28 00:00:00+00:00, run_after=2026-05-28 01:00:00+00:00
[2026-05-28T00:32:23.464+0000] {processor.py:183} INFO - Processing /opt/airflow/dags/flight_pipeline.py took 0.103 seconds
[2026-05-28T00:32:53.566+0000] {processor.py:161} INFO - Started process (PID=1497) to work on /opt/airflow/dags/flight_pipeline.py
[2026-05-28T00:32:53.567+0000] {processor.py:830} INFO - Processing file /opt/airflow/dags/flight_pipeline.py for tasks to queue
[2026-05-28T00:32:53.569+0000] {logging_mixin.py:188} INFO - [2026-05-28T00:32:53.569+0000] {dagbag.py:540} INFO - Filling up the DagBag from /opt/airflow/dags/flight_pipeline.py
[2026-05-28T00:32:53.585+0000] {processor.py:840} INFO - DAG(s) 'flight_pipeline' retrieved from /opt/airflow/dags/flight_pipeline.py
[2026-05-28T00:32:53.611+0000] {logging_mixin.py:188} INFO - [2026-05-28T00:32:53.610+0000] {dag.py:3096} INFO - Sync 1 DAGs
[2026-05-28T00:32:53.629+0000] {logging_mixin.py:188} INFO - [2026-05-28T00:32:53.629+0000] {dag.py:3954} INFO - Setting next_dagrun for flight_pipeline to 2026-05-28 00:00:00+00:00, run_after=2026-05-28 01:00:00+00:00
[2026-05-28T00:32:53.644+0000] {processor.py:183} INFO - Processing /opt/airflow/dags/flight_pipeline.py took 0.083 seconds
[2026-05-28T00:33:23.847+0000] {processor.py:161} INFO - Started process (PID=1502) to work on /opt/airflow/dags/flight_pipeline.py
[2026-05-28T00:33:23.848+0000] {processor.py:830} INFO - Processing file /opt/airflow/dags/flight_pipeline.py for tasks to queue
[2026-05-28T00:33:23.850+0000] {logging_mixin.py:188} INFO - [2026-05-28T00:33:23.850+0000] {dagbag.py:540} INFO - Filling up the DagBag from /opt/airflow/dags/flight_pipeline.py
[2026-05-28T00:33:23.867+0000] {processor.py:840} INFO - DAG(s) 'flight_pipeline' retrieved from /opt/airflow/dags/flight_pipeline.py
[2026-05-28T00:33:23.891+0000] {logging_mixin.py:188} INFO - [2026-05-28T00:33:23.891+0000] {dag.py:3096} INFO - Sync 1 DAGs
[2026-05-28T00:33:23.910+0000] {logging_mixin.py:188} INFO - [2026-05-28T00:33:23.910+0000] {dag.py:3954} INFO - Setting next_dagrun for flight_pipeline to 2026-05-28 00:00:00+00:00, run_after=2026-05-28 01:00:00+00:00
[2026-05-28T00:33:23.927+0000] {processor.py:183} INFO - Processing /opt/airflow/dags/flight_pipeline.py took 0.085 seconds
[2026-05-28T00:33:54.003+0000] {processor.py:161} INFO - Started process (PID=1507) to work on /opt/airflow/dags/flight_pipeline.py
[2026-05-28T00:33:54.004+0000] {processor.py:830} INFO - Processing file /opt/airflow/dags/flight_pipeline.py for tasks to queue
[2026-05-28T00:33:54.006+0000] {logging_mixin.py:188} INFO - [2026-05-28T00:33:54.006+0000] {dagbag.py:540} INFO - Filling up the DagBag from /opt/airflow/dags/flight_pipeline.py
[2026-05-28T00:33:54.023+0000] {processor.py:840} INFO - DAG(s) 'flight_pipeline' retrieved from /opt/airflow/dags/flight_pipeline.py
[2026-05-28T00:33:54.048+0000] {logging_mixin.py:188} INFO - [2026-05-28T00:33:54.047+0000] {dag.py:3096} INFO - Sync 1 DAGs
[2026-05-28T00:33:54.067+0000] {logging_mixin.py:188} INFO - [2026-05-28T00:33:54.067+0000] {dag.py:3954} INFO - Setting next_dagrun for flight_pipeline to 2026-05-28 00:00:00+00:00, run_after=2026-05-28 01:00:00+00:00
[2026-05-28T00:33:54.083+0000] {processor.py:183} INFO - Processing /opt/airflow/dags/flight_pipeline.py took 0.085 seconds
[2026-05-28T00:34:24.274+0000] {processor.py:161} INFO - Started process (PID=1512) to work on /opt/airflow/dags/flight_pipeline.py
[2026-05-28T00:34:24.275+0000] {processor.py:830} INFO - Processing file /opt/airflow/dags/flight_pipeline.py for tasks to queue
[2026-05-28T00:34:24.276+0000] {logging_mixin.py:188} INFO - [2026-05-28T00:34:24.276+0000] {dagbag.py:540} INFO - Filling up the DagBag from /opt/airflow/dags/flight_pipeline.py
[2026-05-28T00:34:24.293+0000] {processor.py:840} INFO - DAG(s) 'flight_pipeline' retrieved from /opt/airflow/dags/flight_pipeline.py
[2026-05-28T00:34:24.321+0000] {logging_mixin.py:188} INFO - [2026-05-28T00:34:24.321+0000] {dag.py:3096} INFO - Sync 1 DAGs
[2026-05-28T00:34:24.345+0000] {logging_mixin.py:188} INFO - [2026-05-28T00:34:24.344+0000] {dag.py:3954} INFO - Setting next_dagrun for flight_pipeline to 2026-05-28 00:00:00+00:00, run_after=2026-05-28 01:00:00+00:00
[2026-05-28T00:34:24.367+0000] {processor.py:183} INFO - Processing /opt/airflow/dags/flight_pipeline.py took 0.099 seconds
[2026-05-28T00:34:54.477+0000] {processor.py:161} INFO - Started process (PID=1517) to work on /opt/airflow/dags/flight_pipeline.py
[2026-05-28T00:34:54.478+0000] {processor.py:830} INFO - Processing file /opt/airflow/dags/flight_pipeline.py for tasks to queue
[2026-05-28T00:34:54.480+0000] {logging_mixin.py:188} INFO - [2026-05-28T00:34:54.480+0000] {dagbag.py:540} INFO - Filling up the DagBag from /opt/airflow/dags/flight_pipeline.py
[2026-05-28T00:34:54.500+0000] {processor.py:840} INFO - DAG(s) 'flight_pipeline' retrieved from /opt/airflow/dags/flight_pipeline.py
[2026-05-28T00:34:54.526+0000] {logging_mixin.py:188} INFO - [2026-05-28T00:34:54.526+0000] {dag.py:3096} INFO - Sync 1 DAGs
[2026-05-28T00:34:54.546+0000] {logging_mixin.py:188} INFO - [2026-05-28T00:34:54.545+0000] {dag.py:3954} INFO - Setting next_dagrun for flight_pipeline to 2026-05-28 00:00:00+00:00, run_after=2026-05-28 01:00:00+00:00
[2026-05-28T00:34:54.563+0000] {processor.py:183} INFO - Processing /opt/airflow/dags/flight_pipeline.py took 0.093 seconds
[2026-05-28T00:35:24.735+0000] {processor.py:161} INFO - Started process (PID=1522) to work on /opt/airflow/dags/flight_pipeline.py
[2026-05-28T00:35:24.736+0000] {processor.py:830} INFO - Processing file /opt/airflow/dags/flight_pipeline.py for tasks to queue
[2026-05-28T00:35:24.737+0000] {logging_mixin.py:188} INFO - [2026-05-28T00:35:24.737+0000] {dagbag.py:540} INFO - Filling up the DagBag from /opt/airflow/dags/flight_pipeline.py
[2026-05-28T00:35:24.754+0000] {processor.py:840} INFO - DAG(s) 'flight_pipeline' retrieved from /opt/airflow/dags/flight_pipeline.py
[2026-05-28T00:35:24.778+0000] {logging_mixin.py:188} INFO - [2026-05-28T00:35:24.777+0000] {dag.py:3096} INFO - Sync 1 DAGs
[2026-05-28T00:35:24.797+0000] {logging_mixin.py:188} INFO - [2026-05-28T00:35:24.796+0000] {dag.py:3954} INFO - Setting next_dagrun for flight_pipeline to 2026-05-28 00:00:00+00:00, run_after=2026-05-28 01:00:00+00:00
[2026-05-28T00:35:24.812+0000] {processor.py:183} INFO - Processing /opt/airflow/dags/flight_pipeline.py took 0.082 seconds
[2026-05-28T00:35:54.926+0000] {processor.py:161} INFO - Started process (PID=1527) to work on /opt/airflow/dags/flight_pipeline.py
[2026-05-28T00:35:54.927+0000] {processor.py:830} INFO - Processing file /opt/airflow/dags/flight_pipeline.py for tasks to queue
[2026-05-28T00:35:54.929+0000] {logging_mixin.py:188} INFO - [2026-05-28T00:35:54.929+0000] {dagbag.py:540} INFO - Filling up the DagBag from /opt/airflow/dags/flight_pipeline.py
[2026-05-28T00:35:54.952+0000] {processor.py:840} INFO - DAG(s) 'flight_pipeline' retrieved from /opt/airflow/dags/flight_pipeline.py
[2026-05-28T00:35:54.981+0000] {logging_mixin.py:188} INFO - [2026-05-28T00:35:54.981+0000] {dag.py:3096} INFO - Sync 1 DAGs
[2026-05-28T00:35:55.011+0000] {logging_mixin.py:188} INFO - [2026-05-28T00:35:55.010+0000] {dag.py:3954} INFO - Setting next_dagrun for flight_pipeline to 2026-05-28 00:00:00+00:00, run_after=2026-05-28 01:00:00+00:00
[2026-05-28T00:35:55.031+0000] {processor.py:183} INFO - Processing /opt/airflow/dags/flight_pipeline.py took 0.112 seconds
[2026-05-28T00:36:25.142+0000] {processor.py:161} INFO - Started process (PID=1532) to work on /opt/airflow/dags/flight_pipeline.py
[2026-05-28T00:36:25.143+0000] {processor.py:830} INFO - Processing file /opt/airflow/dags/flight_pipeline.py for tasks to queue
[2026-05-28T00:36:25.145+0000] {logging_mixin.py:188} INFO - [2026-05-28T00:36:25.145+0000] {dagbag.py:540} INFO - Filling up the DagBag from /opt/airflow/dags/flight_pipeline.py
[2026-05-28T00:36:25.162+0000] {processor.py:840} INFO - DAG(s) 'flight_pipeline' retrieved from /opt/airflow/dags/flight_pipeline.py
[2026-05-28T00:36:25.189+0000] {logging_mixin.py:188} INFO - [2026-05-28T00:36:25.189+0000] {dag.py:3096} INFO - Sync 1 DAGs
[2026-05-28T00:36:25.209+0000] {logging_mixin.py:188} INFO - [2026-05-28T00:36:25.208+0000] {dag.py:3954} INFO - Setting next_dagrun for flight_pipeline to 2026-05-28 00:00:00+00:00, run_after=2026-05-28 01:00:00+00:00
[2026-05-28T00:36:25.225+0000] {processor.py:183} INFO - Processing /opt/airflow/dags/flight_pipeline.py took 0.089 seconds
[2026-05-28T00:36:55.416+0000] {processor.py:161} INFO - Started process (PID=1537) to work on /opt/airflow/dags/flight_pipeline.py
[2026-05-28T00:36:55.417+0000] {processor.py:830} INFO - Processing file /opt/airflow/dags/flight_pipeline.py for tasks to queue
[2026-05-28T00:36:55.419+0000] {logging_mixin.py:188} INFO - [2026-05-28T00:36:55.418+0000] {dagbag.py:540} INFO - Filling up the DagBag from /opt/airflow/dags/flight_pipeline.py
[2026-05-28T00:36:55.435+0000] {processor.py:840} INFO - DAG(s) 'flight_pipeline' retrieved from /opt/airflow/dags/flight_pipeline.py
[2026-05-28T00:36:55.460+0000] {logging_mixin.py:188} INFO - [2026-05-28T00:36:55.459+0000] {dag.py:3096} INFO - Sync 1 DAGs
[2026-05-28T00:36:55.478+0000] {logging_mixin.py:188} INFO - [2026-05-28T00:36:55.478+0000] {dag.py:3954} INFO - Setting next_dagrun for flight_pipeline to 2026-05-28 00:00:00+00:00, run_after=2026-05-28 01:00:00+00:00
[2026-05-28T00:36:55.494+0000] {processor.py:183} INFO - Processing /opt/airflow/dags/flight_pipeline.py took 0.083 seconds
[2026-05-28T00:37:25.625+0000] {processor.py:161} INFO - Started process (PID=1542) to work on /opt/airflow/dags/flight_pipeline.py
[2026-05-28T00:37:25.626+0000] {processor.py:830} INFO - Processing file /opt/airflow/dags/flight_pipeline.py for tasks to queue
[2026-05-28T00:37:25.628+0000] {logging_mixin.py:188} INFO - [2026-05-28T00:37:25.628+0000] {dagbag.py:540} INFO - Filling up the DagBag from /opt/airflow/dags/flight_pipeline.py
[2026-05-28T00:37:25.650+0000] {processor.py:840} INFO - DAG(s) 'flight_pipeline' retrieved from /opt/airflow/dags/flight_pipeline.py
[2026-05-28T00:37:25.679+0000] {logging_mixin.py:188} INFO - [2026-05-28T00:37:25.679+0000] {dag.py:3096} INFO - Sync 1 DAGs
[2026-05-28T00:37:25.704+0000] {logging_mixin.py:188} INFO - [2026-05-28T00:37:25.704+0000] {dag.py:3954} INFO - Setting next_dagrun for flight_pipeline to 2026-05-28 00:00:00+00:00, run_after=2026-05-28 01:00:00+00:00
[2026-05-28T00:37:25.731+0000] {processor.py:183} INFO - Processing /opt/airflow/dags/flight_pipeline.py took 0.113 seconds
[2026-05-28T00:37:55.838+0000] {processor.py:161} INFO - Started process (PID=1547) to work on /opt/airflow/dags/flight_pipeline.py
[2026-05-28T00:37:55.839+0000] {processor.py:830} INFO - Processing file /opt/airflow/dags/flight_pipeline.py for tasks to queue
[2026-05-28T00:37:55.840+0000] {logging_mixin.py:188} INFO - [2026-05-28T00:37:55.840+0000] {dagbag.py:540} INFO - Filling up the DagBag from /opt/airflow/dags/flight_pipeline.py
[2026-05-28T00:37:55.858+0000] {processor.py:840} INFO - DAG(s) 'flight_pipeline' retrieved from /opt/airflow/dags/flight_pipeline.py
[2026-05-28T00:37:55.883+0000] {logging_mixin.py:188} INFO - [2026-05-28T00:37:55.883+0000] {dag.py:3096} INFO - Sync 1 DAGs
[2026-05-28T00:37:55.902+0000] {logging_mixin.py:188} INFO - [2026-05-28T00:37:55.902+0000] {dag.py:3954} INFO - Setting next_dagrun for flight_pipeline to 2026-05-28 00:00:00+00:00, run_after=2026-05-28 01:00:00+00:00
[2026-05-28T00:37:55.919+0000] {processor.py:183} INFO - Processing /opt/airflow/dags/flight_pipeline.py took 0.087 seconds
[2026-05-28T00:38:26.048+0000] {processor.py:161} INFO - Started process (PID=1552) to work on /opt/airflow/dags/flight_pipeline.py
[2026-05-28T00:38:26.049+0000] {processor.py:830} INFO - Processing file /opt/airflow/dags/flight_pipeline.py for tasks to queue
[2026-05-28T00:38:26.051+0000] {logging_mixin.py:188} INFO - [2026-05-28T00:38:26.051+0000] {dagbag.py:540} INFO - Filling up the DagBag from /opt/airflow/dags/flight_pipeline.py
[2026-05-28T00:38:26.071+0000] {processor.py:840} INFO - DAG(s) 'flight_pipeline' retrieved from /opt/airflow/dags/flight_pipeline.py
[2026-05-28T00:38:26.100+0000] {logging_mixin.py:188} INFO - [2026-05-28T00:38:26.100+0000] {dag.py:3096} INFO - Sync 1 DAGs
[2026-05-28T00:38:26.121+0000] {logging_mixin.py:188} INFO - [2026-05-28T00:38:26.121+0000] {dag.py:3954} INFO - Setting next_dagrun for flight_pipeline to 2026-05-28 00:00:00+00:00, run_after=2026-05-28 01:00:00+00:00
[2026-05-28T00:38:26.141+0000] {processor.py:183} INFO - Processing /opt/airflow/dags/flight_pipeline.py took 0.101 seconds
[2026-05-28T00:38:56.284+0000] {processor.py:161} INFO - Started process (PID=1557) to work on /opt/airflow/dags/flight_pipeline.py
[2026-05-28T00:38:56.285+0000] {processor.py:830} INFO - Processing file /opt/airflow/dags/flight_pipeline.py for tasks to queue
[2026-05-28T00:38:56.287+0000] {logging_mixin.py:188} INFO - [2026-05-28T00:38:56.287+0000] {dagbag.py:540} INFO - Filling up the DagBag from /opt/airflow/dags/flight_pipeline.py
[2026-05-28T00:38:56.303+0000] {processor.py:840} INFO - DAG(s) 'flight_pipeline' retrieved from /opt/airflow/dags/flight_pipeline.py
[2026-05-28T00:38:56.328+0000] {logging_mixin.py:188} INFO - [2026-05-28T00:38:56.328+0000] {dag.py:3096} INFO - Sync 1 DAGs
[2026-05-28T00:38:56.347+0000] {logging_mixin.py:188} INFO - [2026-05-28T00:38:56.347+0000] {dag.py:3954} INFO - Setting next_dagrun for flight_pipeline to 2026-05-28 00:00:00+00:00, run_after=2026-05-28 01:00:00+00:00
[2026-05-28T00:38:56.364+0000] {processor.py:183} INFO - Processing /opt/airflow/dags/flight_pipeline.py took 0.085 seconds
[2026-05-28T00:39:26.549+0000] {processor.py:161} INFO - Started process (PID=1562) to work on /opt/airflow/dags/flight_pipeline.py
[2026-05-28T00:39:26.549+0000] {processor.py:830} INFO - Processing file /opt/airflow/dags/flight_pipeline.py for tasks to queue
[2026-05-28T00:39:26.551+0000] {logging_mixin.py:188} INFO - [2026-05-28T00:39:26.551+0000] {dagbag.py:540} INFO - Filling up the DagBag from /opt/airflow/dags/flight_pipeline.py
[2026-05-28T00:39:26.568+0000] {processor.py:840} INFO - DAG(s) 'flight_pipeline' retrieved from /opt/airflow/dags/flight_pipeline.py
[2026-05-28T00:39:26.594+0000] {logging_mixin.py:188} INFO - [2026-05-28T00:39:26.593+0000] {dag.py:3096} INFO - Sync 1 DAGs
[2026-05-28T00:39:26.612+0000] {logging_mixin.py:188} INFO - [2026-05-28T00:39:26.612+0000] {dag.py:3954} INFO - Setting next_dagrun for flight_pipeline to 2026-05-28 00:00:00+00:00, run_after=2026-05-28 01:00:00+00:00
[2026-05-28T00:39:26.627+0000] {processor.py:183} INFO - Processing /opt/airflow/dags/flight_pipeline.py took 0.084 seconds
[2026-05-28T00:39:56.716+0000] {processor.py:161} INFO - Started process (PID=1567) to work on /opt/airflow/dags/flight_pipeline.py
[2026-05-28T00:39:56.717+0000] {processor.py:830} INFO - Processing file /opt/airflow/dags/flight_pipeline.py for tasks to queue
[2026-05-28T00:39:56.719+0000] {logging_mixin.py:188} INFO - [2026-05-28T00:39:56.719+0000] {dagbag.py:540} INFO - Filling up the DagBag from /opt/airflow/dags/flight_pipeline.py
[2026-05-28T00:39:56.736+0000] {processor.py:840} INFO - DAG(s) 'flight_pipeline' retrieved from /opt/airflow/dags/flight_pipeline.py
[2026-05-28T00:39:56.761+0000] {logging_mixin.py:188} INFO - [2026-05-28T00:39:56.761+0000] {dag.py:3096} INFO - Sync 1 DAGs
[2026-05-28T00:39:56.780+0000] {logging_mixin.py:188} INFO - [2026-05-28T00:39:56.779+0000] {dag.py:3954} INFO - Setting next_dagrun for flight_pipeline to 2026-05-28 00:00:00+00:00, run_after=2026-05-28 01:00:00+00:00
[2026-05-28T00:39:56.795+0000] {processor.py:183} INFO - Processing /opt/airflow/dags/flight_pipeline.py took 0.085 seconds
[2026-05-28T00:40:26.934+0000] {processor.py:161} INFO - Started process (PID=1572) to work on /opt/airflow/dags/flight_pipeline.py
[2026-05-28T00:40:26.935+0000] {processor.py:830} INFO - Processing file /opt/airflow/dags/flight_pipeline.py for tasks to queue
[2026-05-28T00:40:26.937+0000] {logging_mixin.py:188} INFO - [2026-05-28T00:40:26.936+0000] {dagbag.py:540} INFO - Filling up the DagBag from /opt/airflow/dags/flight_pipeline.py
[2026-05-28T00:40:26.955+0000] {processor.py:840} INFO - DAG(s) 'flight_pipeline' retrieved from /opt/airflow/dags/flight_pipeline.py
[2026-05-28T00:40:26.983+0000] {logging_mixin.py:188} INFO - [2026-05-28T00:40:26.983+0000] {dag.py:3096} INFO - Sync 1 DAGs
[2026-05-28T00:40:27.008+0000] {logging_mixin.py:188} INFO - [2026-05-28T00:40:27.008+0000] {dag.py:3954} INFO - Setting next_dagrun for flight_pipeline to 2026-05-28 00:00:00+00:00, run_after=2026-05-28 01:00:00+00:00
[2026-05-28T00:40:27.028+0000] {processor.py:183} INFO - Processing /opt/airflow/dags/flight_pipeline.py took 0.100 seconds
[2026-05-28T00:40:57.166+0000] {processor.py:161} INFO - Started process (PID=1577) to work on /opt/airflow/dags/flight_pipeline.py
[2026-05-28T00:40:57.167+0000] {processor.py:830} INFO - Processing file /opt/airflow/dags/flight_pipeline.py for tasks to queue
[2026-05-28T00:40:57.169+0000] {logging_mixin.py:188} INFO - [2026-05-28T00:40:57.168+0000] {dagbag.py:540} INFO - Filling up the DagBag from /opt/airflow/dags/flight_pipeline.py
[2026-05-28T00:40:57.185+0000] {processor.py:840} INFO - DAG(s) 'flight_pipeline' retrieved from /opt/airflow/dags/flight_pipeline.py
[2026-05-28T00:40:57.210+0000] {logging_mixin.py:188} INFO - [2026-05-28T00:40:57.210+0000] {dag.py:3096} INFO - Sync 1 DAGs
[2026-05-28T00:40:57.228+0000] {logging_mixin.py:188} INFO - [2026-05-28T00:40:57.228+0000] {dag.py:3954} INFO - Setting next_dagrun for flight_pipeline to 2026-05-28 00:00:00+00:00, run_after=2026-05-28 01:00:00+00:00
[2026-05-28T00:40:57.245+0000] {processor.py:183} INFO - Processing /opt/airflow/dags/flight_pipeline.py took 0.084 seconds
[2026-05-28T00:41:27.420+0000] {processor.py:161} INFO - Started process (PID=1582) to work on /opt/airflow/dags/flight_pipeline.py
[2026-05-28T00:41:27.421+0000] {processor.py:830} INFO - Processing file /opt/airflow/dags/flight_pipeline.py for tasks to queue
[2026-05-28T00:41:27.422+0000] {logging_mixin.py:188} INFO - [2026-05-28T00:41:27.422+0000] {dagbag.py:540} INFO - Filling up the DagBag from /opt/airflow/dags/flight_pipeline.py
[2026-05-28T00:41:27.439+0000] {processor.py:840} INFO - DAG(s) 'flight_pipeline' retrieved from /opt/airflow/dags/flight_pipeline.py
[2026-05-28T00:41:27.463+0000] {logging_mixin.py:188} INFO - [2026-05-28T00:41:27.462+0000] {dag.py:3096} INFO - Sync 1 DAGs
[2026-05-28T00:41:27.482+0000] {logging_mixin.py:188} INFO - [2026-05-28T00:41:27.481+0000] {dag.py:3954} INFO - Setting next_dagrun for flight_pipeline to 2026-05-28 00:00:00+00:00, run_after=2026-05-28 01:00:00+00:00
[2026-05-28T00:41:27.497+0000] {processor.py:183} INFO - Processing /opt/airflow/dags/flight_pipeline.py took 0.083 seconds
[2026-05-28T00:41:57.600+0000] {processor.py:161} INFO - Started process (PID=1587) to work on /opt/airflow/dags/flight_pipeline.py
[2026-05-28T00:41:57.601+0000] {processor.py:830} INFO - Processing file /opt/airflow/dags/flight_pipeline.py for tasks to queue
[2026-05-28T00:41:57.603+0000] {logging_mixin.py:188} INFO - [2026-05-28T00:41:57.602+0000] {dagbag.py:540} INFO - Filling up the DagBag from /opt/airflow/dags/flight_pipeline.py
[2026-05-28T00:41:57.619+0000] {processor.py:840} INFO - DAG(s) 'flight_pipeline' retrieved from /opt/airflow/dags/flight_pipeline.py
[2026-05-28T00:41:57.644+0000] {logging_mixin.py:188} INFO - [2026-05-28T00:41:57.644+0000] {dag.py:3096} INFO - Sync 1 DAGs
[2026-05-28T00:41:57.663+0000] {logging_mixin.py:188} INFO - [2026-05-28T00:41:57.663+0000] {dag.py:3954} INFO - Setting next_dagrun for flight_pipeline to 2026-05-28 00:00:00+00:00, run_after=2026-05-28 01:00:00+00:00
[2026-05-28T00:41:57.678+0000] {processor.py:183} INFO - Processing /opt/airflow/dags/flight_pipeline.py took 0.084 seconds
[2026-05-28T00:42:27.821+0000] {processor.py:161} INFO - Started process (PID=1592) to work on /opt/airflow/dags/flight_pipeline.py
[2026-05-28T00:42:27.822+0000] {processor.py:830} INFO - Processing file /opt/airflow/dags/flight_pipeline.py for tasks to queue
[2026-05-28T00:42:27.823+0000] {logging_mixin.py:188} INFO - [2026-05-28T00:42:27.823+0000] {dagbag.py:540} INFO - Filling up the DagBag from /opt/airflow/dags/flight_pipeline.py
[2026-05-28T00:42:27.841+0000] {processor.py:840} INFO - DAG(s) 'flight_pipeline' retrieved from /opt/airflow/dags/flight_pipeline.py
[2026-05-28T00:42:27.865+0000] {logging_mixin.py:188} INFO - [2026-05-28T00:42:27.865+0000] {dag.py:3096} INFO - Sync 1 DAGs
[2026-05-28T00:42:27.884+0000] {logging_mixin.py:188} INFO - [2026-05-28T00:42:27.884+0000] {dag.py:3954} INFO - Setting next_dagrun for flight_pipeline to 2026-05-28 00:00:00+00:00, run_after=2026-05-28 01:00:00+00:00
[2026-05-28T00:42:27.899+0000] {processor.py:183} INFO - Processing /opt/airflow/dags/flight_pipeline.py took 0.085 seconds
[2026-05-28T00:42:58.015+0000] {processor.py:161} INFO - Started process (PID=1597) to work on /opt/airflow/dags/flight_pipeline.py
[2026-05-28T00:42:58.016+0000] {processor.py:830} INFO - Processing file /opt/airflow/dags/flight_pipeline.py for tasks to queue
[2026-05-28T00:42:58.018+0000] {logging_mixin.py:188} INFO - [2026-05-28T00:42:58.018+0000] {dagbag.py:540} INFO - Filling up the DagBag from /opt/airflow/dags/flight_pipeline.py
[2026-05-28T00:42:58.035+0000] {processor.py:840} INFO - DAG(s) 'flight_pipeline' retrieved from /opt/airflow/dags/flight_pipeline.py
[2026-05-28T00:42:58.060+0000] {logging_mixin.py:188} INFO - [2026-05-28T00:42:58.060+0000] {dag.py:3096} INFO - Sync 1 DAGs
[2026-05-28T00:42:58.079+0000] {logging_mixin.py:188} INFO - [2026-05-28T00:42:58.079+0000] {dag.py:3954} INFO - Setting next_dagrun for flight_pipeline to 2026-05-28 00:00:00+00:00, run_after=2026-05-28 01:00:00+00:00
[2026-05-28T00:42:58.095+0000] {processor.py:183} INFO - Processing /opt/airflow/dags/flight_pipeline.py took 0.086 seconds
[2026-05-28T00:43:28.260+0000] {processor.py:161} INFO - Started process (PID=1602) to work on /opt/airflow/dags/flight_pipeline.py
[2026-05-28T00:43:28.261+0000] {processor.py:830} INFO - Processing file /opt/airflow/dags/flight_pipeline.py for tasks to queue
[2026-05-28T00:43:28.263+0000] {logging_mixin.py:188} INFO - [2026-05-28T00:43:28.263+0000] {dagbag.py:540} INFO - Filling up the DagBag from /opt/airflow/dags/flight_pipeline.py
[2026-05-28T00:43:28.280+0000] {processor.py:840} INFO - DAG(s) 'flight_pipeline' retrieved from /opt/airflow/dags/flight_pipeline.py
[2026-05-28T00:43:28.304+0000] {logging_mixin.py:188} INFO - [2026-05-28T00:43:28.304+0000] {dag.py:3096} INFO - Sync 1 DAGs
[2026-05-28T00:43:28.322+0000] {logging_mixin.py:188} INFO - [2026-05-28T00:43:28.322+0000] {dag.py:3954} INFO - Setting next_dagrun for flight_pipeline to 2026-05-28 00:00:00+00:00, run_after=2026-05-28 01:00:00+00:00
[2026-05-28T00:43:28.340+0000] {processor.py:183} INFO - Processing /opt/airflow/dags/flight_pipeline.py took 0.085 seconds
[2026-05-28T00:43:58.461+0000] {processor.py:161} INFO - Started process (PID=1607) to work on /opt/airflow/dags/flight_pipeline.py
[2026-05-28T00:43:58.462+0000] {processor.py:830} INFO - Processing file /opt/airflow/dags/flight_pipeline.py for tasks to queue
[2026-05-28T00:43:58.464+0000] {logging_mixin.py:188} INFO - [2026-05-28T00:43:58.464+0000] {dagbag.py:540} INFO - Filling up the DagBag from /opt/airflow/dags/flight_pipeline.py
[2026-05-28T00:43:58.482+0000] {processor.py:840} INFO - DAG(s) 'flight_pipeline' retrieved from /opt/airflow/dags/flight_pipeline.py
[2026-05-28T00:43:58.507+0000] {logging_mixin.py:188} INFO - [2026-05-28T00:43:58.507+0000] {dag.py:3096} INFO - Sync 1 DAGs
[2026-05-28T00:43:58.526+0000] {logging_mixin.py:188} INFO - [2026-05-28T00:43:58.526+0000] {dag.py:3954} INFO - Setting next_dagrun for flight_pipeline to 2026-05-28 00:00:00+00:00, run_after=2026-05-28 01:00:00+00:00
[2026-05-28T00:43:58.542+0000] {processor.py:183} INFO - Processing /opt/airflow/dags/flight_pipeline.py took 0.087 seconds
[2026-05-28T00:44:28.674+0000] {processor.py:161} INFO - Started process (PID=1612) to work on /opt/airflow/dags/flight_pipeline.py
[2026-05-28T00:44:28.675+0000] {processor.py:830} INFO - Processing file /opt/airflow/dags/flight_pipeline.py for tasks to queue
[2026-05-28T00:44:28.677+0000] {logging_mixin.py:188} INFO - [2026-05-28T00:44:28.677+0000] {dagbag.py:540} INFO - Filling up the DagBag from /opt/airflow/dags/flight_pipeline.py
[2026-05-28T00:44:28.696+0000] {processor.py:840} INFO - DAG(s) 'flight_pipeline' retrieved from /opt/airflow/dags/flight_pipeline.py
[2026-05-28T00:44:28.724+0000] {logging_mixin.py:188} INFO - [2026-05-28T00:44:28.724+0000] {dag.py:3096} INFO - Sync 1 DAGs
[2026-05-28T00:44:28.748+0000] {logging_mixin.py:188} INFO - [2026-05-28T00:44:28.747+0000] {dag.py:3954} INFO - Setting next_dagrun for flight_pipeline to 2026-05-28 00:00:00+00:00, run_after=2026-05-28 01:00:00+00:00
[2026-05-28T00:44:28.768+0000] {processor.py:183} INFO - Processing /opt/airflow/dags/flight_pipeline.py took 0.100 seconds
[2026-05-28T00:44:58.881+0000] {processor.py:161} INFO - Started process (PID=1617) to work on /opt/airflow/dags/flight_pipeline.py
[2026-05-28T00:44:58.882+0000] {processor.py:830} INFO - Processing file /opt/airflow/dags/flight_pipeline.py for tasks to queue
[2026-05-28T00:44:58.883+0000] {logging_mixin.py:188} INFO - [2026-05-28T00:44:58.883+0000] {dagbag.py:540} INFO - Filling up the DagBag from /opt/airflow/dags/flight_pipeline.py
[2026-05-28T00:44:58.902+0000] {processor.py:840} INFO - DAG(s) 'flight_pipeline' retrieved from /opt/airflow/dags/flight_pipeline.py
[2026-05-28T00:44:58.932+0000] {logging_mixin.py:188} INFO - [2026-05-28T00:44:58.932+0000] {dag.py:3096} INFO - Sync 1 DAGs
[2026-05-28T00:44:58.960+0000] {logging_mixin.py:188} INFO - [2026-05-28T00:44:58.960+0000] {dag.py:3954} INFO - Setting next_dagrun for flight_pipeline to 2026-05-28 00:00:00+00:00, run_after=2026-05-28 01:00:00+00:00
[2026-05-28T00:44:58.986+0000] {processor.py:183} INFO - Processing /opt/airflow/dags/flight_pipeline.py took 0.111 seconds
[2026-05-28T00:45:29.115+0000] {processor.py:161} INFO - Started process (PID=1622) to work on /opt/airflow/dags/flight_pipeline.py
[2026-05-28T00:45:29.116+0000] {processor.py:830} INFO - Processing file /opt/airflow/dags/flight_pipeline.py for tasks to queue
[2026-05-28T00:45:29.118+0000] {logging_mixin.py:188} INFO - [2026-05-28T00:45:29.117+0000] {dagbag.py:540} INFO - Filling up the DagBag from /opt/airflow/dags/flight_pipeline.py
[2026-05-28T00:45:29.135+0000] {processor.py:840} INFO - DAG(s) 'flight_pipeline' retrieved from /opt/airflow/dags/flight_pipeline.py
[2026-05-28T00:45:29.162+0000] {logging_mixin.py:188} INFO - [2026-05-28T00:45:29.162+0000] {dag.py:3096} INFO - Sync 1 DAGs
[2026-05-28T00:45:29.181+0000] {logging_mixin.py:188} INFO - [2026-05-28T00:45:29.181+0000] {dag.py:3954} INFO - Setting next_dagrun for flight_pipeline to 2026-05-28 00:00:00+00:00, run_after=2026-05-28 01:00:00+00:00
[2026-05-28T00:45:29.197+0000] {processor.py:183} INFO - Processing /opt/airflow/dags/flight_pipeline.py took 0.089 seconds
[2026-05-28T00:45:59.405+0000] {processor.py:161} INFO - Started process (PID=1627) to work on /opt/airflow/dags/flight_pipeline.py
[2026-05-28T00:45:59.406+0000] {processor.py:830} INFO - Processing file /opt/airflow/dags/flight_pipeline.py for tasks to queue
[2026-05-28T00:45:59.408+0000] {logging_mixin.py:188} INFO - [2026-05-28T00:45:59.408+0000] {dagbag.py:540} INFO - Filling up the DagBag from /opt/airflow/dags/flight_pipeline.py
[2026-05-28T00:45:59.428+0000] {processor.py:840} INFO - DAG(s) 'flight_pipeline' retrieved from /opt/airflow/dags/flight_pipeline.py
[2026-05-28T00:45:59.456+0000] {logging_mixin.py:188} INFO - [2026-05-28T00:45:59.455+0000] {dag.py:3096} INFO - Sync 1 DAGs
[2026-05-28T00:45:59.477+0000] {logging_mixin.py:188} INFO - [2026-05-28T00:45:59.477+0000] {dag.py:3954} INFO - Setting next_dagrun for flight_pipeline to 2026-05-28 00:00:00+00:00, run_after=2026-05-28 01:00:00+00:00
[2026-05-28T00:45:59.497+0000] {processor.py:183} INFO - Processing /opt/airflow/dags/flight_pipeline.py took 0.098 seconds
[2026-05-28T00:46:29.573+0000] {processor.py:161} INFO - Started process (PID=1632) to work on /opt/airflow/dags/flight_pipeline.py
[2026-05-28T00:46:29.574+0000] {processor.py:830} INFO - Processing file /opt/airflow/dags/flight_pipeline.py for tasks to queue
[2026-05-28T00:46:29.575+0000] {logging_mixin.py:188} INFO - [2026-05-28T00:46:29.575+0000] {dagbag.py:540} INFO - Filling up the DagBag from /opt/airflow/dags/flight_pipeline.py
[2026-05-28T00:46:29.594+0000] {processor.py:840} INFO - DAG(s) 'flight_pipeline' retrieved from /opt/airflow/dags/flight_pipeline.py
[2026-05-28T00:46:29.623+0000] {logging_mixin.py:188} INFO - [2026-05-28T00:46:29.623+0000] {dag.py:3096} INFO - Sync 1 DAGs
[2026-05-28T00:46:29.644+0000] {logging_mixin.py:188} INFO - [2026-05-28T00:46:29.644+0000] {dag.py:3954} INFO - Setting next_dagrun for flight_pipeline to 2026-05-28 00:00:00+00:00, run_after=2026-05-28 01:00:00+00:00
[2026-05-28T00:46:29.660+0000] {processor.py:183} INFO - Processing /opt/airflow/dags/flight_pipeline.py took 0.093 seconds
[2026-05-28T00:46:59.819+0000] {processor.py:161} INFO - Started process (PID=1637) to work on /opt/airflow/dags/flight_pipeline.py
[2026-05-28T00:46:59.820+0000] {processor.py:830} INFO - Processing file /opt/airflow/dags/flight_pipeline.py for tasks to queue
[2026-05-28T00:46:59.822+0000] {logging_mixin.py:188} INFO - [2026-05-28T00:46:59.822+0000] {dagbag.py:540} INFO - Filling up the DagBag from /opt/airflow/dags/flight_pipeline.py
[2026-05-28T00:46:59.841+0000] {processor.py:840} INFO - DAG(s) 'flight_pipeline' retrieved from /opt/airflow/dags/flight_pipeline.py
[2026-05-28T00:46:59.869+0000] {logging_mixin.py:188} INFO - [2026-05-28T00:46:59.868+0000] {dag.py:3096} INFO - Sync 1 DAGs
[2026-05-28T00:46:59.890+0000] {logging_mixin.py:188} INFO - [2026-05-28T00:46:59.890+0000] {dag.py:3954} INFO - Setting next_dagrun for flight_pipeline to 2026-05-28 00:00:00+00:00, run_after=2026-05-28 01:00:00+00:00
[2026-05-28T00:46:59.909+0000] {processor.py:183} INFO - Processing /opt/airflow/dags/flight_pipeline.py took 0.097 seconds
[2026-05-28T00:47:30.000+0000] {processor.py:161} INFO - Started process (PID=1642) to work on /opt/airflow/dags/flight_pipeline.py
[2026-05-28T00:47:30.000+0000] {processor.py:830} INFO - Processing file /opt/airflow/dags/flight_pipeline.py for tasks to queue
[2026-05-28T00:47:30.002+0000] {logging_mixin.py:188} INFO - [2026-05-28T00:47:30.002+0000] {dagbag.py:540} INFO - Filling up the DagBag from /opt/airflow/dags/flight_pipeline.py
[2026-05-28T00:47:30.019+0000] {processor.py:840} INFO - DAG(s) 'flight_pipeline' retrieved from /opt/airflow/dags/flight_pipeline.py
[2026-05-28T00:47:30.044+0000] {logging_mixin.py:188} INFO - [2026-05-28T00:47:30.044+0000] {dag.py:3096} INFO - Sync 1 DAGs
[2026-05-28T00:47:30.063+0000] {logging_mixin.py:188} INFO - [2026-05-28T00:47:30.063+0000] {dag.py:3954} INFO - Setting next_dagrun for flight_pipeline to 2026-05-28 00:00:00+00:00, run_after=2026-05-28 01:00:00+00:00
[2026-05-28T00:47:30.079+0000] {processor.py:183} INFO - Processing /opt/airflow/dags/flight_pipeline.py took 0.085 seconds
[2026-05-28T00:48:00.356+0000] {processor.py:161} INFO - Started process (PID=1647) to work on /opt/airflow/dags/flight_pipeline.py
[2026-05-28T00:48:00.357+0000] {processor.py:830} INFO - Processing file /opt/airflow/dags/flight_pipeline.py for tasks to queue
[2026-05-28T00:48:00.358+0000] {logging_mixin.py:188} INFO - [2026-05-28T00:48:00.358+0000] {dagbag.py:540} INFO - Filling up the DagBag from /opt/airflow/dags/flight_pipeline.py
[2026-05-28T00:48:00.376+0000] {processor.py:840} INFO - DAG(s) 'flight_pipeline' retrieved from /opt/airflow/dags/flight_pipeline.py
[2026-05-28T00:48:00.400+0000] {logging_mixin.py:188} INFO - [2026-05-28T00:48:00.400+0000] {dag.py:3096} INFO - Sync 1 DAGs
[2026-05-28T00:48:00.421+0000] {logging_mixin.py:188} INFO - [2026-05-28T00:48:00.420+0000] {dag.py:3954} INFO - Setting next_dagrun for flight_pipeline to 2026-05-28 00:00:00+00:00, run_after=2026-05-28 01:00:00+00:00
[2026-05-28T00:48:00.436+0000] {processor.py:183} INFO - Processing /opt/airflow/dags/flight_pipeline.py took 0.086 seconds
[2026-05-28T00:48:30.543+0000] {processor.py:161} INFO - Started process (PID=1652) to work on /opt/airflow/dags/flight_pipeline.py
[2026-05-28T00:48:30.545+0000] {processor.py:830} INFO - Processing file /opt/airflow/dags/flight_pipeline.py for tasks to queue
[2026-05-28T00:48:30.547+0000] {logging_mixin.py:188} INFO - [2026-05-28T00:48:30.547+0000] {dagbag.py:540} INFO - Filling up the DagBag from /opt/airflow/dags/flight_pipeline.py
[2026-05-28T00:48:30.566+0000] {processor.py:840} INFO - DAG(s) 'flight_pipeline' retrieved from /opt/airflow/dags/flight_pipeline.py
[2026-05-28T00:48:30.595+0000] {logging_mixin.py:188} INFO - [2026-05-28T00:48:30.595+0000] {dag.py:3096} INFO - Sync 1 DAGs
[2026-05-28T00:48:30.617+0000] {logging_mixin.py:188} INFO - [2026-05-28T00:48:30.617+0000] {dag.py:3954} INFO - Setting next_dagrun for flight_pipeline to 2026-05-28 00:00:00+00:00, run_after=2026-05-28 01:00:00+00:00
[2026-05-28T00:48:30.635+0000] {processor.py:183} INFO - Processing /opt/airflow/dags/flight_pipeline.py took 0.098 seconds
[2026-05-28T00:49:00.815+0000] {processor.py:161} INFO - Started process (PID=1657) to work on /opt/airflow/dags/flight_pipeline.py
[2026-05-28T00:49:00.816+0000] {processor.py:830} INFO - Processing file /opt/airflow/dags/flight_pipeline.py for tasks to queue
[2026-05-28T00:49:00.818+0000] {logging_mixin.py:188} INFO - [2026-05-28T00:49:00.818+0000] {dagbag.py:540} INFO - Filling up the DagBag from /opt/airflow/dags/flight_pipeline.py
[2026-05-28T00:49:00.836+0000] {processor.py:840} INFO - DAG(s) 'flight_pipeline' retrieved from /opt/airflow/dags/flight_pipeline.py
[2026-05-28T00:49:00.864+0000] {logging_mixin.py:188} INFO - [2026-05-28T00:49:00.863+0000] {dag.py:3096} INFO - Sync 1 DAGs
[2026-05-28T00:49:00.890+0000] {logging_mixin.py:188} INFO - [2026-05-28T00:49:00.890+0000] {dag.py:3954} INFO - Setting next_dagrun for flight_pipeline to 2026-05-28 00:00:00+00:00, run_after=2026-05-28 01:00:00+00:00
[2026-05-28T00:49:00.907+0000] {processor.py:183} INFO - Processing /opt/airflow/dags/flight_pipeline.py took 0.099 seconds
[2026-05-28T00:49:30.989+0000] {processor.py:161} INFO - Started process (PID=1662) to work on /opt/airflow/dags/flight_pipeline.py
[2026-05-28T00:49:30.990+0000] {processor.py:830} INFO - Processing file /opt/airflow/dags/flight_pipeline.py for tasks to queue
[2026-05-28T00:49:30.992+0000] {logging_mixin.py:188} INFO - [2026-05-28T00:49:30.991+0000] {dagbag.py:540} INFO - Filling up the DagBag from /opt/airflow/dags/flight_pipeline.py
[2026-05-28T00:49:31.009+0000] {processor.py:840} INFO - DAG(s) 'flight_pipeline' retrieved from /opt/airflow/dags/flight_pipeline.py
[2026-05-28T00:49:31.034+0000] {logging_mixin.py:188} INFO - [2026-05-28T00:49:31.034+0000] {dag.py:3096} INFO - Sync 1 DAGs
[2026-05-28T00:49:31.053+0000] {logging_mixin.py:188} INFO - [2026-05-28T00:49:31.053+0000] {dag.py:3954} INFO - Setting next_dagrun for flight_pipeline to 2026-05-28 00:00:00+00:00, run_after=2026-05-28 01:00:00+00:00
[2026-05-28T00:49:31.069+0000] {processor.py:183} INFO - Processing /opt/airflow/dags/flight_pipeline.py took 0.085 seconds
[2026-05-28T00:50:01.272+0000] {processor.py:161} INFO - Started process (PID=1667) to work on /opt/airflow/dags/flight_pipeline.py
[2026-05-28T00:50:01.273+0000] {processor.py:830} INFO - Processing file /opt/airflow/dags/flight_pipeline.py for tasks to queue
[2026-05-28T00:50:01.275+0000] {logging_mixin.py:188} INFO - [2026-05-28T00:50:01.275+0000] {dagbag.py:540} INFO - Filling up the DagBag from /opt/airflow/dags/flight_pipeline.py
[2026-05-28T00:50:01.293+0000] {processor.py:840} INFO - DAG(s) 'flight_pipeline' retrieved from /opt/airflow/dags/flight_pipeline.py
[2026-05-28T00:50:01.321+0000] {logging_mixin.py:188} INFO - [2026-05-28T00:50:01.321+0000] {dag.py:3096} INFO - Sync 1 DAGs
[2026-05-28T00:50:01.342+0000] {logging_mixin.py:188} INFO - [2026-05-28T00:50:01.342+0000] {dag.py:3954} INFO - Setting next_dagrun for flight_pipeline to 2026-05-28 00:00:00+00:00, run_after=2026-05-28 01:00:00+00:00
[2026-05-28T00:50:01.363+0000] {processor.py:183} INFO - Processing /opt/airflow/dags/flight_pipeline.py took 0.097 seconds
[2026-05-28T00:50:31.486+0000] {processor.py:161} INFO - Started process (PID=1672) to work on /opt/airflow/dags/flight_pipeline.py
[2026-05-28T00:50:31.487+0000] {processor.py:830} INFO - Processing file /opt/airflow/dags/flight_pipeline.py for tasks to queue
[2026-05-28T00:50:31.489+0000] {logging_mixin.py:188} INFO - [2026-05-28T00:50:31.489+0000] {dagbag.py:540} INFO - Filling up the DagBag from /opt/airflow/dags/flight_pipeline.py
[2026-05-28T00:50:31.509+0000] {processor.py:840} INFO - DAG(s) 'flight_pipeline' retrieved from /opt/airflow/dags/flight_pipeline.py
[2026-05-28T00:50:31.547+0000] {logging_mixin.py:188} INFO - [2026-05-28T00:50:31.547+0000] {dag.py:3096} INFO - Sync 1 DAGs
[2026-05-28T00:50:31.570+0000] {logging_mixin.py:188} INFO - [2026-05-28T00:50:31.570+0000] {dag.py:3954} INFO - Setting next_dagrun for flight_pipeline to 2026-05-28 00:00:00+00:00, run_after=2026-05-28 01:00:00+00:00
[2026-05-28T00:50:31.587+0000] {processor.py:183} INFO - Processing /opt/airflow/dags/flight_pipeline.py took 0.109 seconds
[2026-05-28T00:51:01.785+0000] {processor.py:161} INFO - Started process (PID=1677) to work on /opt/airflow/dags/flight_pipeline.py
[2026-05-28T00:51:01.786+0000] {processor.py:830} INFO - Processing file /opt/airflow/dags/flight_pipeline.py for tasks to queue
[2026-05-28T00:51:01.788+0000] {logging_mixin.py:188} INFO - [2026-05-28T00:51:01.787+0000] {dagbag.py:540} INFO - Filling up the DagBag from /opt/airflow/dags/flight_pipeline.py
[2026-05-28T00:51:01.807+0000] {processor.py:840} INFO - DAG(s) 'flight_pipeline' retrieved from /opt/airflow/dags/flight_pipeline.py
[2026-05-28T00:51:01.834+0000] {logging_mixin.py:188} INFO - [2026-05-28T00:51:01.834+0000] {dag.py:3096} INFO - Sync 1 DAGs
[2026-05-28T00:51:01.857+0000] {logging_mixin.py:188} INFO - [2026-05-28T00:51:01.857+0000] {dag.py:3954} INFO - Setting next_dagrun for flight_pipeline to 2026-05-28 00:00:00+00:00, run_after=2026-05-28 01:00:00+00:00
[2026-05-28T00:51:01.874+0000] {processor.py:183} INFO - Processing /opt/airflow/dags/flight_pipeline.py took 0.094 seconds
[2026-05-28T00:51:32.038+0000] {processor.py:161} INFO - Started process (PID=1682) to work on /opt/airflow/dags/flight_pipeline.py
[2026-05-28T00:51:32.039+0000] {processor.py:830} INFO - Processing file /opt/airflow/dags/flight_pipeline.py for tasks to queue
[2026-05-28T00:51:32.041+0000] {logging_mixin.py:188} INFO - [2026-05-28T00:51:32.041+0000] {dagbag.py:540} INFO - Filling up the DagBag from /opt/airflow/dags/flight_pipeline.py
[2026-05-28T00:51:32.059+0000] {processor.py:840} INFO - DAG(s) 'flight_pipeline' retrieved from /opt/airflow/dags/flight_pipeline.py
[2026-05-28T00:51:32.084+0000] {logging_mixin.py:188} INFO - [2026-05-28T00:51:32.084+0000] {dag.py:3096} INFO - Sync 1 DAGs
[2026-05-28T00:51:32.103+0000] {logging_mixin.py:188} INFO - [2026-05-28T00:51:32.103+0000] {dag.py:3954} INFO - Setting next_dagrun for flight_pipeline to 2026-05-28 00:00:00+00:00, run_after=2026-05-28 01:00:00+00:00
[2026-05-28T00:51:32.118+0000] {processor.py:183} INFO - Processing /opt/airflow/dags/flight_pipeline.py took 0.086 seconds
[2026-05-28T00:52:02.304+0000] {processor.py:161} INFO - Started process (PID=1687) to work on /opt/airflow/dags/flight_pipeline.py
[2026-05-28T00:52:02.305+0000] {processor.py:830} INFO - Processing file /opt/airflow/dags/flight_pipeline.py for tasks to queue
[2026-05-28T00:52:02.307+0000] {logging_mixin.py:188} INFO - [2026-05-28T00:52:02.307+0000] {dagbag.py:540} INFO - Filling up the DagBag from /opt/airflow/dags/flight_pipeline.py
[2026-05-28T00:52:02.325+0000] {processor.py:840} INFO - DAG(s) 'flight_pipeline' retrieved from /opt/airflow/dags/flight_pipeline.py
[2026-05-28T00:52:02.352+0000] {logging_mixin.py:188} INFO - [2026-05-28T00:52:02.352+0000] {dag.py:3096} INFO - Sync 1 DAGs
[2026-05-28T00:52:02.373+0000] {logging_mixin.py:188} INFO - [2026-05-28T00:52:02.373+0000] {dag.py:3954} INFO - Setting next_dagrun for flight_pipeline to 2026-05-28 00:00:00+00:00, run_after=2026-05-28 01:00:00+00:00
[2026-05-28T00:52:02.393+0000] {processor.py:183} INFO - Processing /opt/airflow/dags/flight_pipeline.py took 0.094 seconds
[2026-05-28T00:52:32.490+0000] {processor.py:161} INFO - Started process (PID=1692) to work on /opt/airflow/dags/flight_pipeline.py
[2026-05-28T00:52:32.491+0000] {processor.py:830} INFO - Processing file /opt/airflow/dags/flight_pipeline.py for tasks to queue
[2026-05-28T00:52:32.493+0000] {logging_mixin.py:188} INFO - [2026-05-28T00:52:32.492+0000] {dagbag.py:540} INFO - Filling up the DagBag from /opt/airflow/dags/flight_pipeline.py
[2026-05-28T00:52:32.510+0000] {processor.py:840} INFO - DAG(s) 'flight_pipeline' retrieved from /opt/airflow/dags/flight_pipeline.py
[2026-05-28T00:52:32.539+0000] {logging_mixin.py:188} INFO - [2026-05-28T00:52:32.539+0000] {dag.py:3096} INFO - Sync 1 DAGs
[2026-05-28T00:52:32.561+0000] {logging_mixin.py:188} INFO - [2026-05-28T00:52:32.561+0000] {dag.py:3954} INFO - Setting next_dagrun for flight_pipeline to 2026-05-28 00:00:00+00:00, run_after=2026-05-28 01:00:00+00:00
[2026-05-28T00:52:32.579+0000] {processor.py:183} INFO - Processing /opt/airflow/dags/flight_pipeline.py took 0.094 seconds
[2026-05-28T00:53:02.784+0000] {processor.py:161} INFO - Started process (PID=1697) to work on /opt/airflow/dags/flight_pipeline.py
[2026-05-28T00:53:02.785+0000] {processor.py:830} INFO - Processing file /opt/airflow/dags/flight_pipeline.py for tasks to queue
[2026-05-28T00:53:02.787+0000] {logging_mixin.py:188} INFO - [2026-05-28T00:53:02.787+0000] {dagbag.py:540} INFO - Filling up the DagBag from /opt/airflow/dags/flight_pipeline.py
[2026-05-28T00:53:02.806+0000] {processor.py:840} INFO - DAG(s) 'flight_pipeline' retrieved from /opt/airflow/dags/flight_pipeline.py
[2026-05-28T00:53:02.835+0000] {logging_mixin.py:188} INFO - [2026-05-28T00:53:02.834+0000] {dag.py:3096} INFO - Sync 1 DAGs
[2026-05-28T00:53:02.856+0000] {logging_mixin.py:188} INFO - [2026-05-28T00:53:02.856+0000] {dag.py:3954} INFO - Setting next_dagrun for flight_pipeline to 2026-05-28 00:00:00+00:00, run_after=2026-05-28 01:00:00+00:00
[2026-05-28T00:53:02.880+0000] {processor.py:183} INFO - Processing /opt/airflow/dags/flight_pipeline.py took 0.103 seconds
[2026-05-28T00:53:32.980+0000] {processor.py:161} INFO - Started process (PID=1702) to work on /opt/airflow/dags/flight_pipeline.py
[2026-05-28T00:53:32.981+0000] {processor.py:830} INFO - Processing file /opt/airflow/dags/flight_pipeline.py for tasks to queue
[2026-05-28T00:53:32.983+0000] {logging_mixin.py:188} INFO - [2026-05-28T00:53:32.983+0000] {dagbag.py:540} INFO - Filling up the DagBag from /opt/airflow/dags/flight_pipeline.py
[2026-05-28T00:53:33.000+0000] {processor.py:840} INFO - DAG(s) 'flight_pipeline' retrieved from /opt/airflow/dags/flight_pipeline.py
[2026-05-28T00:53:33.027+0000] {logging_mixin.py:188} INFO - [2026-05-28T00:53:33.026+0000] {dag.py:3096} INFO - Sync 1 DAGs
[2026-05-28T00:53:33.046+0000] {logging_mixin.py:188} INFO - [2026-05-28T00:53:33.046+0000] {dag.py:3954} INFO - Setting next_dagrun for flight_pipeline to 2026-05-28 00:00:00+00:00, run_after=2026-05-28 01:00:00+00:00
[2026-05-28T00:53:33.066+0000] {processor.py:183} INFO - Processing /opt/airflow/dags/flight_pipeline.py took 0.091 seconds
[2026-05-28T00:54:03.298+0000] {processor.py:161} INFO - Started process (PID=1707) to work on /opt/airflow/dags/flight_pipeline.py
[2026-05-28T00:54:03.299+0000] {processor.py:830} INFO - Processing file /opt/airflow/dags/flight_pipeline.py for tasks to queue
[2026-05-28T00:54:03.301+0000] {logging_mixin.py:188} INFO - [2026-05-28T00:54:03.300+0000] {dagbag.py:540} INFO - Filling up the DagBag from /opt/airflow/dags/flight_pipeline.py
[2026-05-28T00:54:03.319+0000] {processor.py:840} INFO - DAG(s) 'flight_pipeline' retrieved from /opt/airflow/dags/flight_pipeline.py
[2026-05-28T00:54:03.346+0000] {logging_mixin.py:188} INFO - [2026-05-28T00:54:03.346+0000] {dag.py:3096} INFO - Sync 1 DAGs
[2026-05-28T00:54:03.369+0000] {logging_mixin.py:188} INFO - [2026-05-28T00:54:03.369+0000] {dag.py:3954} INFO - Setting next_dagrun for flight_pipeline to 2026-05-28 00:00:00+00:00, run_after=2026-05-28 01:00:00+00:00
[2026-05-28T00:54:03.388+0000] {processor.py:183} INFO - Processing /opt/airflow/dags/flight_pipeline.py took 0.096 seconds
[2026-05-28T00:54:33.499+0000] {processor.py:161} INFO - Started process (PID=1712) to work on /opt/airflow/dags/flight_pipeline.py
[2026-05-28T00:54:33.500+0000] {processor.py:830} INFO - Processing file /opt/airflow/dags/flight_pipeline.py for tasks to queue
[2026-05-28T00:54:33.502+0000] {logging_mixin.py:188} INFO - [2026-05-28T00:54:33.502+0000] {dagbag.py:540} INFO - Filling up the DagBag from /opt/airflow/dags/flight_pipeline.py
[2026-05-28T00:54:33.522+0000] {processor.py:840} INFO - DAG(s) 'flight_pipeline' retrieved from /opt/airflow/dags/flight_pipeline.py
[2026-05-28T00:54:33.553+0000] {logging_mixin.py:188} INFO - [2026-05-28T00:54:33.552+0000] {dag.py:3096} INFO - Sync 1 DAGs
[2026-05-28T00:54:33.575+0000] {logging_mixin.py:188} INFO - [2026-05-28T00:54:33.575+0000] {dag.py:3954} INFO - Setting next_dagrun for flight_pipeline to 2026-05-28 00:00:00+00:00, run_after=2026-05-28 01:00:00+00:00
[2026-05-28T00:54:33.591+0000] {processor.py:183} INFO - Processing /opt/airflow/dags/flight_pipeline.py took 0.100 seconds
[2026-05-28T00:55:03.775+0000] {processor.py:161} INFO - Started process (PID=1717) to work on /opt/airflow/dags/flight_pipeline.py
[2026-05-28T00:55:03.776+0000] {processor.py:830} INFO - Processing file /opt/airflow/dags/flight_pipeline.py for tasks to queue
[2026-05-28T00:55:03.779+0000] {logging_mixin.py:188} INFO - [2026-05-28T00:55:03.778+0000] {dagbag.py:540} INFO - Filling up the DagBag from /opt/airflow/dags/flight_pipeline.py
[2026-05-28T00:55:03.801+0000] {processor.py:840} INFO - DAG(s) 'flight_pipeline' retrieved from /opt/airflow/dags/flight_pipeline.py
[2026-05-28T00:55:03.834+0000] {logging_mixin.py:188} INFO - [2026-05-28T00:55:03.833+0000] {dag.py:3096} INFO - Sync 1 DAGs
[2026-05-28T00:55:03.858+0000] {logging_mixin.py:188} INFO - [2026-05-28T00:55:03.857+0000] {dag.py:3954} INFO - Setting next_dagrun for flight_pipeline to 2026-05-28 00:00:00+00:00, run_after=2026-05-28 01:00:00+00:00
[2026-05-28T00:55:03.889+0000] {processor.py:183} INFO - Processing /opt/airflow/dags/flight_pipeline.py took 0.122 seconds
[2026-05-28T00:55:34.001+0000] {processor.py:161} INFO - Started process (PID=1722) to work on /opt/airflow/dags/flight_pipeline.py
[2026-05-28T00:55:34.002+0000] {processor.py:830} INFO - Processing file /opt/airflow/dags/flight_pipeline.py for tasks to queue
[2026-05-28T00:55:34.004+0000] {logging_mixin.py:188} INFO - [2026-05-28T00:55:34.004+0000] {dagbag.py:540} INFO - Filling up the DagBag from /opt/airflow/dags/flight_pipeline.py
[2026-05-28T00:55:34.025+0000] {processor.py:840} INFO - DAG(s) 'flight_pipeline' retrieved from /opt/airflow/dags/flight_pipeline.py
[2026-05-28T00:55:34.050+0000] {logging_mixin.py:188} INFO - [2026-05-28T00:55:34.050+0000] {dag.py:3096} INFO - Sync 1 DAGs
[2026-05-28T00:55:34.069+0000] {logging_mixin.py:188} INFO - [2026-05-28T00:55:34.069+0000] {dag.py:3954} INFO - Setting next_dagrun for flight_pipeline to 2026-05-28 00:00:00+00:00, run_after=2026-05-28 01:00:00+00:00
[2026-05-28T00:55:34.085+0000] {processor.py:183} INFO - Processing /opt/airflow/dags/flight_pipeline.py took 0.091 seconds
[2026-05-28T00:56:04.343+0000] {processor.py:161} INFO - Started process (PID=1727) to work on /opt/airflow/dags/flight_pipeline.py
[2026-05-28T00:56:04.345+0000] {processor.py:830} INFO - Processing file /opt/airflow/dags/flight_pipeline.py for tasks to queue
[2026-05-28T00:56:04.348+0000] {logging_mixin.py:188} INFO - [2026-05-28T00:56:04.348+0000] {dagbag.py:540} INFO - Filling up the DagBag from /opt/airflow/dags/flight_pipeline.py
[2026-05-28T00:56:04.369+0000] {processor.py:840} INFO - DAG(s) 'flight_pipeline' retrieved from /opt/airflow/dags/flight_pipeline.py
[2026-05-28T00:56:04.407+0000] {logging_mixin.py:188} INFO - [2026-05-28T00:56:04.406+0000] {dag.py:3096} INFO - Sync 1 DAGs
[2026-05-28T00:56:04.432+0000] {logging_mixin.py:188} INFO - [2026-05-28T00:56:04.431+0000] {dag.py:3954} INFO - Setting next_dagrun for flight_pipeline to 2026-05-28 00:00:00+00:00, run_after=2026-05-28 01:00:00+00:00
[2026-05-28T00:56:04.454+0000] {processor.py:183} INFO - Processing /opt/airflow/dags/flight_pipeline.py took 0.119 seconds
[2026-05-28T00:56:34.538+0000] {processor.py:161} INFO - Started process (PID=1732) to work on /opt/airflow/dags/flight_pipeline.py
[2026-05-28T00:56:34.539+0000] {processor.py:830} INFO - Processing file /opt/airflow/dags/flight_pipeline.py for tasks to queue
[2026-05-28T00:56:34.542+0000] {logging_mixin.py:188} INFO - [2026-05-28T00:56:34.541+0000] {dagbag.py:540} INFO - Filling up the DagBag from /opt/airflow/dags/flight_pipeline.py
[2026-05-28T00:56:34.561+0000] {processor.py:840} INFO - DAG(s) 'flight_pipeline' retrieved from /opt/airflow/dags/flight_pipeline.py
[2026-05-28T00:56:34.591+0000] {logging_mixin.py:188} INFO - [2026-05-28T00:56:34.591+0000] {dag.py:3096} INFO - Sync 1 DAGs
[2026-05-28T00:56:34.614+0000] {logging_mixin.py:188} INFO - [2026-05-28T00:56:34.614+0000] {dag.py:3954} INFO - Setting next_dagrun for flight_pipeline to 2026-05-28 00:00:00+00:00, run_after=2026-05-28 01:00:00+00:00
[2026-05-28T00:56:34.632+0000] {processor.py:183} INFO - Processing /opt/airflow/dags/flight_pipeline.py took 0.101 seconds
[2026-05-28T00:57:04.835+0000] {processor.py:161} INFO - Started process (PID=1737) to work on /opt/airflow/dags/flight_pipeline.py
[2026-05-28T00:57:04.836+0000] {processor.py:830} INFO - Processing file /opt/airflow/dags/flight_pipeline.py for tasks to queue
[2026-05-28T00:57:04.838+0000] {logging_mixin.py:188} INFO - [2026-05-28T00:57:04.837+0000] {dagbag.py:540} INFO - Filling up the DagBag from /opt/airflow/dags/flight_pipeline.py
[2026-05-28T00:57:04.858+0000] {processor.py:840} INFO - DAG(s) 'flight_pipeline' retrieved from /opt/airflow/dags/flight_pipeline.py
[2026-05-28T00:57:04.886+0000] {logging_mixin.py:188} INFO - [2026-05-28T00:57:04.886+0000] {dag.py:3096} INFO - Sync 1 DAGs
[2026-05-28T00:57:04.909+0000] {logging_mixin.py:188} INFO - [2026-05-28T00:57:04.909+0000] {dag.py:3954} INFO - Setting next_dagrun for flight_pipeline to 2026-05-28 00:00:00+00:00, run_after=2026-05-28 01:00:00+00:00
[2026-05-28T00:57:04.927+0000] {processor.py:183} INFO - Processing /opt/airflow/dags/flight_pipeline.py took 0.099 seconds
[2026-05-28T00:57:35.036+0000] {processor.py:161} INFO - Started process (PID=1742) to work on /opt/airflow/dags/flight_pipeline.py
[2026-05-28T00:57:35.038+0000] {processor.py:830} INFO - Processing file /opt/airflow/dags/flight_pipeline.py for tasks to queue
[2026-05-28T00:57:35.040+0000] {logging_mixin.py:188} INFO - [2026-05-28T00:57:35.040+0000] {dagbag.py:540} INFO - Filling up the DagBag from /opt/airflow/dags/flight_pipeline.py
[2026-05-28T00:57:35.067+0000] {processor.py:840} INFO - DAG(s) 'flight_pipeline' retrieved from /opt/airflow/dags/flight_pipeline.py
[2026-05-28T00:57:35.097+0000] {logging_mixin.py:188} INFO - [2026-05-28T00:57:35.097+0000] {dag.py:3096} INFO - Sync 1 DAGs
[2026-05-28T00:57:35.122+0000] {logging_mixin.py:188} INFO - [2026-05-28T00:57:35.122+0000] {dag.py:3954} INFO - Setting next_dagrun for flight_pipeline to 2026-05-28 00:00:00+00:00, run_after=2026-05-28 01:00:00+00:00
[2026-05-28T00:57:35.141+0000] {processor.py:183} INFO - Processing /opt/airflow/dags/flight_pipeline.py took 0.114 seconds
[2026-05-28T00:58:05.310+0000] {processor.py:161} INFO - Started process (PID=1747) to work on /opt/airflow/dags/flight_pipeline.py
[2026-05-28T00:58:05.311+0000] {processor.py:830} INFO - Processing file /opt/airflow/dags/flight_pipeline.py for tasks to queue
[2026-05-28T00:58:05.313+0000] {logging_mixin.py:188} INFO - [2026-05-28T00:58:05.313+0000] {dagbag.py:540} INFO - Filling up the DagBag from /opt/airflow/dags/flight_pipeline.py
[2026-05-28T00:58:05.333+0000] {processor.py:840} INFO - DAG(s) 'flight_pipeline' retrieved from /opt/airflow/dags/flight_pipeline.py
[2026-05-28T00:58:05.363+0000] {logging_mixin.py:188} INFO - [2026-05-28T00:58:05.363+0000] {dag.py:3096} INFO - Sync 1 DAGs
[2026-05-28T00:58:05.388+0000] {logging_mixin.py:188} INFO - [2026-05-28T00:58:05.388+0000] {dag.py:3954} INFO - Setting next_dagrun for flight_pipeline to 2026-05-28 00:00:00+00:00, run_after=2026-05-28 01:00:00+00:00
[2026-05-28T00:58:05.405+0000] {processor.py:183} INFO - Processing /opt/airflow/dags/flight_pipeline.py took 0.100 seconds
[2026-05-28T00:58:35.527+0000] {processor.py:161} INFO - Started process (PID=1752) to work on /opt/airflow/dags/flight_pipeline.py
[2026-05-28T00:58:35.527+0000] {processor.py:830} INFO - Processing file /opt/airflow/dags/flight_pipeline.py for tasks to queue
[2026-05-28T00:58:35.529+0000] {logging_mixin.py:188} INFO - [2026-05-28T00:58:35.529+0000] {dagbag.py:540} INFO - Filling up the DagBag from /opt/airflow/dags/flight_pipeline.py
[2026-05-28T00:58:35.549+0000] {processor.py:840} INFO - DAG(s) 'flight_pipeline' retrieved from /opt/airflow/dags/flight_pipeline.py
[2026-05-28T00:58:35.580+0000] {logging_mixin.py:188} INFO - [2026-05-28T00:58:35.579+0000] {dag.py:3096} INFO - Sync 1 DAGs
[2026-05-28T00:58:35.601+0000] {logging_mixin.py:188} INFO - [2026-05-28T00:58:35.601+0000] {dag.py:3954} INFO - Setting next_dagrun for flight_pipeline to 2026-05-28 00:00:00+00:00, run_after=2026-05-28 01:00:00+00:00
[2026-05-28T00:58:35.619+0000] {processor.py:183} INFO - Processing /opt/airflow/dags/flight_pipeline.py took 0.098 seconds
[2026-05-28T00:59:05.804+0000] {processor.py:161} INFO - Started process (PID=1757) to work on /opt/airflow/dags/flight_pipeline.py
[2026-05-28T00:59:05.805+0000] {processor.py:830} INFO - Processing file /opt/airflow/dags/flight_pipeline.py for tasks to queue
[2026-05-28T00:59:05.808+0000] {logging_mixin.py:188} INFO - [2026-05-28T00:59:05.808+0000] {dagbag.py:540} INFO - Filling up the DagBag from /opt/airflow/dags/flight_pipeline.py
[2026-05-28T00:59:05.830+0000] {processor.py:840} INFO - DAG(s) 'flight_pipeline' retrieved from /opt/airflow/dags/flight_pipeline.py
[2026-05-28T00:59:05.867+0000] {logging_mixin.py:188} INFO - [2026-05-28T00:59:05.867+0000] {dag.py:3096} INFO - Sync 1 DAGs
[2026-05-28T00:59:05.896+0000] {logging_mixin.py:188} INFO - [2026-05-28T00:59:05.896+0000] {dag.py:3954} INFO - Setting next_dagrun for flight_pipeline to 2026-05-28 00:00:00+00:00, run_after=2026-05-28 01:00:00+00:00
[2026-05-28T00:59:05.921+0000] {processor.py:183} INFO - Processing /opt/airflow/dags/flight_pipeline.py took 0.124 seconds
[2026-05-28T00:59:35.992+0000] {processor.py:161} INFO - Started process (PID=1762) to work on /opt/airflow/dags/flight_pipeline.py
[2026-05-28T00:59:35.993+0000] {processor.py:830} INFO - Processing file /opt/airflow/dags/flight_pipeline.py for tasks to queue
[2026-05-28T00:59:35.995+0000] {logging_mixin.py:188} INFO - [2026-05-28T00:59:35.994+0000] {dagbag.py:540} INFO - Filling up the DagBag from /opt/airflow/dags/flight_pipeline.py
[2026-05-28T00:59:36.012+0000] {processor.py:840} INFO - DAG(s) 'flight_pipeline' retrieved from /opt/airflow/dags/flight_pipeline.py
[2026-05-28T00:59:36.047+0000] {logging_mixin.py:188} INFO - [2026-05-28T00:59:36.046+0000] {dag.py:3096} INFO - Sync 1 DAGs
[2026-05-28T00:59:36.066+0000] {logging_mixin.py:188} INFO - [2026-05-28T00:59:36.066+0000] {dag.py:3954} INFO - Setting next_dagrun for flight_pipeline to 2026-05-28 00:00:00+00:00, run_after=2026-05-28 01:00:00+00:00
[2026-05-28T00:59:36.081+0000] {processor.py:183} INFO - Processing /opt/airflow/dags/flight_pipeline.py took 0.095 seconds
[2026-05-28T01:00:06.190+0000] {processor.py:161} INFO - Started process (PID=1787) to work on /opt/airflow/dags/flight_pipeline.py
[2026-05-28T01:00:06.191+0000] {processor.py:830} INFO - Processing file /opt/airflow/dags/flight_pipeline.py for tasks to queue
[2026-05-28T01:00:06.194+0000] {logging_mixin.py:188} INFO - [2026-05-28T01:00:06.193+0000] {dagbag.py:540} INFO - Filling up the DagBag from /opt/airflow/dags/flight_pipeline.py
[2026-05-28T01:00:06.216+0000] {processor.py:840} INFO - DAG(s) 'flight_pipeline' retrieved from /opt/airflow/dags/flight_pipeline.py
[2026-05-28T01:00:06.254+0000] {logging_mixin.py:188} INFO - [2026-05-28T01:00:06.254+0000] {dag.py:3096} INFO - Sync 1 DAGs
[2026-05-28T01:00:06.279+0000] {logging_mixin.py:188} INFO - [2026-05-28T01:00:06.279+0000] {dag.py:3954} INFO - Setting next_dagrun for flight_pipeline to 2026-05-28 01:00:00+00:00, run_after=2026-05-28 02:00:00+00:00
[2026-05-28T01:00:06.297+0000] {processor.py:183} INFO - Processing /opt/airflow/dags/flight_pipeline.py took 0.116 seconds
[2026-05-28T01:00:36.476+0000] {processor.py:161} INFO - Started process (PID=1804) to work on /opt/airflow/dags/flight_pipeline.py
[2026-05-28T01:00:36.477+0000] {processor.py:830} INFO - Processing file /opt/airflow/dags/flight_pipeline.py for tasks to queue
[2026-05-28T01:00:36.478+0000] {logging_mixin.py:188} INFO - [2026-05-28T01:00:36.478+0000] {dagbag.py:540} INFO - Filling up the DagBag from /opt/airflow/dags/flight_pipeline.py
[2026-05-28T01:00:36.495+0000] {processor.py:840} INFO - DAG(s) 'flight_pipeline' retrieved from /opt/airflow/dags/flight_pipeline.py
[2026-05-28T01:00:36.520+0000] {logging_mixin.py:188} INFO - [2026-05-28T01:00:36.520+0000] {dag.py:3096} INFO - Sync 1 DAGs
[2026-05-28T01:00:36.539+0000] {logging_mixin.py:188} INFO - [2026-05-28T01:00:36.538+0000] {dag.py:3954} INFO - Setting next_dagrun for flight_pipeline to 2026-05-28 01:00:00+00:00, run_after=2026-05-28 02:00:00+00:00
[2026-05-28T01:00:36.555+0000] {processor.py:183} INFO - Processing /opt/airflow/dags/flight_pipeline.py took 0.084 seconds
[2026-05-28T01:01:06.717+0000] {processor.py:161} INFO - Started process (PID=1809) to work on /opt/airflow/dags/flight_pipeline.py
[2026-05-28T01:01:06.717+0000] {processor.py:830} INFO - Processing file /opt/airflow/dags/flight_pipeline.py for tasks to queue
[2026-05-28T01:01:06.719+0000] {logging_mixin.py:188} INFO - [2026-05-28T01:01:06.719+0000] {dagbag.py:540} INFO - Filling up the DagBag from /opt/airflow/dags/flight_pipeline.py
[2026-05-28T01:01:06.737+0000] {processor.py:840} INFO - DAG(s) 'flight_pipeline' retrieved from /opt/airflow/dags/flight_pipeline.py
[2026-05-28T01:01:06.762+0000] {logging_mixin.py:188} INFO - [2026-05-28T01:01:06.761+0000] {dag.py:3096} INFO - Sync 1 DAGs
[2026-05-28T01:01:06.781+0000] {logging_mixin.py:188} INFO - [2026-05-28T01:01:06.780+0000] {dag.py:3954} INFO - Setting next_dagrun for flight_pipeline to 2026-05-28 01:00:00+00:00, run_after=2026-05-28 02:00:00+00:00
[2026-05-28T01:01:06.796+0000] {processor.py:183} INFO - Processing /opt/airflow/dags/flight_pipeline.py took 0.085 seconds
[2026-05-28T01:01:36.972+0000] {processor.py:161} INFO - Started process (PID=1814) to work on /opt/airflow/dags/flight_pipeline.py
[2026-05-28T01:01:36.973+0000] {processor.py:830} INFO - Processing file /opt/airflow/dags/flight_pipeline.py for tasks to queue
[2026-05-28T01:01:36.975+0000] {logging_mixin.py:188} INFO - [2026-05-28T01:01:36.974+0000] {dagbag.py:540} INFO - Filling up the DagBag from /opt/airflow/dags/flight_pipeline.py
[2026-05-28T01:01:36.993+0000] {processor.py:840} INFO - DAG(s) 'flight_pipeline' retrieved from /opt/airflow/dags/flight_pipeline.py
[2026-05-28T01:01:37.018+0000] {logging_mixin.py:188} INFO - [2026-05-28T01:01:37.018+0000] {dag.py:3096} INFO - Sync 1 DAGs
[2026-05-28T01:01:37.036+0000] {logging_mixin.py:188} INFO - [2026-05-28T01:01:37.036+0000] {dag.py:3954} INFO - Setting next_dagrun for flight_pipeline to 2026-05-28 01:00:00+00:00, run_after=2026-05-28 02:00:00+00:00
[2026-05-28T01:01:37.052+0000] {processor.py:183} INFO - Processing /opt/airflow/dags/flight_pipeline.py took 0.086 seconds
[2026-05-28T01:02:07.264+0000] {processor.py:161} INFO - Started process (PID=1819) to work on /opt/airflow/dags/flight_pipeline.py
[2026-05-28T01:02:07.266+0000] {processor.py:830} INFO - Processing file /opt/airflow/dags/flight_pipeline.py for tasks to queue
[2026-05-28T01:02:07.268+0000] {logging_mixin.py:188} INFO - [2026-05-28T01:02:07.268+0000] {dagbag.py:540} INFO - Filling up the DagBag from /opt/airflow/dags/flight_pipeline.py
[2026-05-28T01:02:07.291+0000] {processor.py:840} INFO - DAG(s) 'flight_pipeline' retrieved from /opt/airflow/dags/flight_pipeline.py
[2026-05-28T01:02:07.325+0000] {logging_mixin.py:188} INFO - [2026-05-28T01:02:07.325+0000] {dag.py:3096} INFO - Sync 1 DAGs
[2026-05-28T01:02:07.349+0000] {logging_mixin.py:188} INFO - [2026-05-28T01:02:07.349+0000] {dag.py:3954} INFO - Setting next_dagrun for flight_pipeline to 2026-05-28 01:00:00+00:00, run_after=2026-05-28 02:00:00+00:00
[2026-05-28T01:02:07.372+0000] {processor.py:183} INFO - Processing /opt/airflow/dags/flight_pipeline.py took 0.117 seconds
[2026-05-28T01:02:37.542+0000] {processor.py:161} INFO - Started process (PID=1824) to work on /opt/airflow/dags/flight_pipeline.py
[2026-05-28T01:02:37.544+0000] {processor.py:830} INFO - Processing file /opt/airflow/dags/flight_pipeline.py for tasks to queue
[2026-05-28T01:02:37.547+0000] {logging_mixin.py:188} INFO - [2026-05-28T01:02:37.547+0000] {dagbag.py:540} INFO - Filling up the DagBag from /opt/airflow/dags/flight_pipeline.py
[2026-05-28T01:02:37.573+0000] {processor.py:840} INFO - DAG(s) 'flight_pipeline' retrieved from /opt/airflow/dags/flight_pipeline.py
[2026-05-28T01:02:37.612+0000] {logging_mixin.py:188} INFO - [2026-05-28T01:02:37.612+0000] {dag.py:3096} INFO - Sync 1 DAGs
[2026-05-28T01:02:37.638+0000] {logging_mixin.py:188} INFO - [2026-05-28T01:02:37.638+0000] {dag.py:3954} INFO - Setting next_dagrun for flight_pipeline to 2026-05-28 01:00:00+00:00, run_after=2026-05-28 02:00:00+00:00
[2026-05-28T01:02:37.658+0000] {processor.py:183} INFO - Processing /opt/airflow/dags/flight_pipeline.py took 0.125 seconds
[2026-05-28T01:03:07.815+0000] {processor.py:161} INFO - Started process (PID=1829) to work on /opt/airflow/dags/flight_pipeline.py
[2026-05-28T01:03:07.816+0000] {processor.py:830} INFO - Processing file /opt/airflow/dags/flight_pipeline.py for tasks to queue
[2026-05-28T01:03:07.818+0000] {logging_mixin.py:188} INFO - [2026-05-28T01:03:07.818+0000] {dagbag.py:540} INFO - Filling up the DagBag from /opt/airflow/dags/flight_pipeline.py
[2026-05-28T01:03:07.837+0000] {processor.py:840} INFO - DAG(s) 'flight_pipeline' retrieved from /opt/airflow/dags/flight_pipeline.py
[2026-05-28T01:03:07.866+0000] {logging_mixin.py:188} INFO - [2026-05-28T01:03:07.865+0000] {dag.py:3096} INFO - Sync 1 DAGs
[2026-05-28T01:03:07.888+0000] {logging_mixin.py:188} INFO - [2026-05-28T01:03:07.888+0000] {dag.py:3954} INFO - Setting next_dagrun for flight_pipeline to 2026-05-28 01:00:00+00:00, run_after=2026-05-28 02:00:00+00:00
[2026-05-28T01:03:07.904+0000] {processor.py:183} INFO - Processing /opt/airflow/dags/flight_pipeline.py took 0.096 seconds
[2026-05-28T01:03:38.023+0000] {processor.py:161} INFO - Started process (PID=1834) to work on /opt/airflow/dags/flight_pipeline.py
[2026-05-28T01:03:38.024+0000] {processor.py:830} INFO - Processing file /opt/airflow/dags/flight_pipeline.py for tasks to queue
[2026-05-28T01:03:38.026+0000] {logging_mixin.py:188} INFO - [2026-05-28T01:03:38.025+0000] {dagbag.py:540} INFO - Filling up the DagBag from /opt/airflow/dags/flight_pipeline.py
[2026-05-28T01:03:38.043+0000] {processor.py:840} INFO - DAG(s) 'flight_pipeline' retrieved from /opt/airflow/dags/flight_pipeline.py
[2026-05-28T01:03:38.068+0000] {logging_mixin.py:188} INFO - [2026-05-28T01:03:38.068+0000] {dag.py:3096} INFO - Sync 1 DAGs
[2026-05-28T01:03:38.088+0000] {logging_mixin.py:188} INFO - [2026-05-28T01:03:38.087+0000] {dag.py:3954} INFO - Setting next_dagrun for flight_pipeline to 2026-05-28 01:00:00+00:00, run_after=2026-05-28 02:00:00+00:00
[2026-05-28T01:03:38.105+0000] {processor.py:183} INFO - Processing /opt/airflow/dags/flight_pipeline.py took 0.088 seconds
[2026-05-28T01:04:08.333+0000] {processor.py:161} INFO - Started process (PID=1839) to work on /opt/airflow/dags/flight_pipeline.py
[2026-05-28T01:04:08.334+0000] {processor.py:830} INFO - Processing file /opt/airflow/dags/flight_pipeline.py for tasks to queue
[2026-05-28T01:04:08.336+0000] {logging_mixin.py:188} INFO - [2026-05-28T01:04:08.335+0000] {dagbag.py:540} INFO - Filling up the DagBag from /opt/airflow/dags/flight_pipeline.py
[2026-05-28T01:04:08.355+0000] {processor.py:840} INFO - DAG(s) 'flight_pipeline' retrieved from /opt/airflow/dags/flight_pipeline.py
[2026-05-28T01:04:08.383+0000] {logging_mixin.py:188} INFO - [2026-05-28T01:04:08.382+0000] {dag.py:3096} INFO - Sync 1 DAGs
[2026-05-28T01:04:08.404+0000] {logging_mixin.py:188} INFO - [2026-05-28T01:04:08.404+0000] {dag.py:3954} INFO - Setting next_dagrun for flight_pipeline to 2026-05-28 01:00:00+00:00, run_after=2026-05-28 02:00:00+00:00
[2026-05-28T01:04:08.421+0000] {processor.py:183} INFO - Processing /opt/airflow/dags/flight_pipeline.py took 0.095 seconds
[2026-05-28T01:04:38.523+0000] {processor.py:161} INFO - Started process (PID=1844) to work on /opt/airflow/dags/flight_pipeline.py
[2026-05-28T01:04:38.524+0000] {processor.py:830} INFO - Processing file /opt/airflow/dags/flight_pipeline.py for tasks to queue
[2026-05-28T01:04:38.526+0000] {logging_mixin.py:188} INFO - [2026-05-28T01:04:38.526+0000] {dagbag.py:540} INFO - Filling up the DagBag from /opt/airflow/dags/flight_pipeline.py
[2026-05-28T01:04:38.547+0000] {processor.py:840} INFO - DAG(s) 'flight_pipeline' retrieved from /opt/airflow/dags/flight_pipeline.py
[2026-05-28T01:04:38.578+0000] {logging_mixin.py:188} INFO - [2026-05-28T01:04:38.578+0000] {dag.py:3096} INFO - Sync 1 DAGs
[2026-05-28T01:04:38.600+0000] {logging_mixin.py:188} INFO - [2026-05-28T01:04:38.600+0000] {dag.py:3954} INFO - Setting next_dagrun for flight_pipeline to 2026-05-28 01:00:00+00:00, run_after=2026-05-28 02:00:00+00:00
[2026-05-28T01:04:38.618+0000] {processor.py:183} INFO - Processing /opt/airflow/dags/flight_pipeline.py took 0.102 seconds
[2026-05-28T01:05:08.796+0000] {processor.py:161} INFO - Started process (PID=1849) to work on /opt/airflow/dags/flight_pipeline.py
[2026-05-28T01:05:08.796+0000] {processor.py:830} INFO - Processing file /opt/airflow/dags/flight_pipeline.py for tasks to queue
[2026-05-28T01:05:08.798+0000] {logging_mixin.py:188} INFO - [2026-05-28T01:05:08.798+0000] {dagbag.py:540} INFO - Filling up the DagBag from /opt/airflow/dags/flight_pipeline.py
[2026-05-28T01:05:08.815+0000] {processor.py:840} INFO - DAG(s) 'flight_pipeline' retrieved from /opt/airflow/dags/flight_pipeline.py
[2026-05-28T01:05:08.840+0000] {logging_mixin.py:188} INFO - [2026-05-28T01:05:08.840+0000] {dag.py:3096} INFO - Sync 1 DAGs
[2026-05-28T01:05:08.859+0000] {logging_mixin.py:188} INFO - [2026-05-28T01:05:08.858+0000] {dag.py:3954} INFO - Setting next_dagrun for flight_pipeline to 2026-05-28 01:00:00+00:00, run_after=2026-05-28 02:00:00+00:00
[2026-05-28T01:05:08.875+0000] {processor.py:183} INFO - Processing /opt/airflow/dags/flight_pipeline.py took 0.085 seconds
[2026-05-28T01:05:39.014+0000] {processor.py:161} INFO - Started process (PID=1854) to work on /opt/airflow/dags/flight_pipeline.py
[2026-05-28T01:05:39.015+0000] {processor.py:830} INFO - Processing file /opt/airflow/dags/flight_pipeline.py for tasks to queue
[2026-05-28T01:05:39.017+0000] {logging_mixin.py:188} INFO - [2026-05-28T01:05:39.016+0000] {dagbag.py:540} INFO - Filling up the DagBag from /opt/airflow/dags/flight_pipeline.py
[2026-05-28T01:05:39.035+0000] {processor.py:840} INFO - DAG(s) 'flight_pipeline' retrieved from /opt/airflow/dags/flight_pipeline.py
[2026-05-28T01:05:39.071+0000] {logging_mixin.py:188} INFO - [2026-05-28T01:05:39.070+0000] {dag.py:3096} INFO - Sync 1 DAGs
[2026-05-28T01:05:39.097+0000] {logging_mixin.py:188} INFO - [2026-05-28T01:05:39.097+0000] {dag.py:3954} INFO - Setting next_dagrun for flight_pipeline to 2026-05-28 01:00:00+00:00, run_after=2026-05-28 02:00:00+00:00
[2026-05-28T01:05:39.113+0000] {processor.py:183} INFO - Processing /opt/airflow/dags/flight_pipeline.py took 0.105 seconds
[2026-05-28T01:06:09.313+0000] {processor.py:161} INFO - Started process (PID=1859) to work on /opt/airflow/dags/flight_pipeline.py
[2026-05-28T01:06:09.315+0000] {processor.py:830} INFO - Processing file /opt/airflow/dags/flight_pipeline.py for tasks to queue
[2026-05-28T01:06:09.317+0000] {logging_mixin.py:188} INFO - [2026-05-28T01:06:09.316+0000] {dagbag.py:540} INFO - Filling up the DagBag from /opt/airflow/dags/flight_pipeline.py
[2026-05-28T01:06:09.338+0000] {processor.py:840} INFO - DAG(s) 'flight_pipeline' retrieved from /opt/airflow/dags/flight_pipeline.py
[2026-05-28T01:06:09.370+0000] {logging_mixin.py:188} INFO - [2026-05-28T01:06:09.370+0000] {dag.py:3096} INFO - Sync 1 DAGs
[2026-05-28T01:06:09.400+0000] {logging_mixin.py:188} INFO - [2026-05-28T01:06:09.400+0000] {dag.py:3954} INFO - Setting next_dagrun for flight_pipeline to 2026-05-28 01:00:00+00:00, run_after=2026-05-28 02:00:00+00:00
[2026-05-28T01:06:09.424+0000] {processor.py:183} INFO - Processing /opt/airflow/dags/flight_pipeline.py took 0.117 seconds
[2026-05-28T01:06:39.552+0000] {processor.py:161} INFO - Started process (PID=1864) to work on /opt/airflow/dags/flight_pipeline.py
[2026-05-28T01:06:39.553+0000] {processor.py:830} INFO - Processing file /opt/airflow/dags/flight_pipeline.py for tasks to queue
[2026-05-28T01:06:39.556+0000] {logging_mixin.py:188} INFO - [2026-05-28T01:06:39.555+0000] {dagbag.py:540} INFO - Filling up the DagBag from /opt/airflow/dags/flight_pipeline.py
[2026-05-28T01:06:39.575+0000] {processor.py:840} INFO - DAG(s) 'flight_pipeline' retrieved from /opt/airflow/dags/flight_pipeline.py
[2026-05-28T01:06:39.605+0000] {logging_mixin.py:188} INFO - [2026-05-28T01:06:39.605+0000] {dag.py:3096} INFO - Sync 1 DAGs
[2026-05-28T01:06:39.627+0000] {logging_mixin.py:188} INFO - [2026-05-28T01:06:39.627+0000] {dag.py:3954} INFO - Setting next_dagrun for flight_pipeline to 2026-05-28 01:00:00+00:00, run_after=2026-05-28 02:00:00+00:00
[2026-05-28T01:06:39.644+0000] {processor.py:183} INFO - Processing /opt/airflow/dags/flight_pipeline.py took 0.100 seconds
[2026-05-28T01:07:09.861+0000] {processor.py:161} INFO - Started process (PID=1869) to work on /opt/airflow/dags/flight_pipeline.py
[2026-05-28T01:07:09.862+0000] {processor.py:830} INFO - Processing file /opt/airflow/dags/flight_pipeline.py for tasks to queue
[2026-05-28T01:07:09.864+0000] {logging_mixin.py:188} INFO - [2026-05-28T01:07:09.863+0000] {dagbag.py:540} INFO - Filling up the DagBag from /opt/airflow/dags/flight_pipeline.py
[2026-05-28T01:07:09.881+0000] {processor.py:840} INFO - DAG(s) 'flight_pipeline' retrieved from /opt/airflow/dags/flight_pipeline.py
[2026-05-28T01:07:09.906+0000] {logging_mixin.py:188} INFO - [2026-05-28T01:07:09.905+0000] {dag.py:3096} INFO - Sync 1 DAGs
[2026-05-28T01:07:09.926+0000] {logging_mixin.py:188} INFO - [2026-05-28T01:07:09.926+0000] {dag.py:3954} INFO - Setting next_dagrun for flight_pipeline to 2026-05-28 01:00:00+00:00, run_after=2026-05-28 02:00:00+00:00
[2026-05-28T01:07:09.941+0000] {processor.py:183} INFO - Processing /opt/airflow/dags/flight_pipeline.py took 0.085 seconds
[2026-05-28T01:07:40.060+0000] {processor.py:161} INFO - Started process (PID=1874) to work on /opt/airflow/dags/flight_pipeline.py
[2026-05-28T01:07:40.061+0000] {processor.py:830} INFO - Processing file /opt/airflow/dags/flight_pipeline.py for tasks to queue
[2026-05-28T01:07:40.063+0000] {logging_mixin.py:188} INFO - [2026-05-28T01:07:40.062+0000] {dagbag.py:540} INFO - Filling up the DagBag from /opt/airflow/dags/flight_pipeline.py
[2026-05-28T01:07:40.081+0000] {processor.py:840} INFO - DAG(s) 'flight_pipeline' retrieved from /opt/airflow/dags/flight_pipeline.py
[2026-05-28T01:07:40.110+0000] {logging_mixin.py:188} INFO - [2026-05-28T01:07:40.109+0000] {dag.py:3096} INFO - Sync 1 DAGs
[2026-05-28T01:07:40.130+0000] {logging_mixin.py:188} INFO - [2026-05-28T01:07:40.130+0000] {dag.py:3954} INFO - Setting next_dagrun for flight_pipeline to 2026-05-28 01:00:00+00:00, run_after=2026-05-28 02:00:00+00:00
[2026-05-28T01:07:40.148+0000] {processor.py:183} INFO - Processing /opt/airflow/dags/flight_pipeline.py took 0.094 seconds
[2026-05-28T01:08:10.336+0000] {processor.py:161} INFO - Started process (PID=1879) to work on /opt/airflow/dags/flight_pipeline.py
[2026-05-28T01:08:10.337+0000] {processor.py:830} INFO - Processing file /opt/airflow/dags/flight_pipeline.py for tasks to queue
[2026-05-28T01:08:10.339+0000] {logging_mixin.py:188} INFO - [2026-05-28T01:08:10.339+0000] {dagbag.py:540} INFO - Filling up the DagBag from /opt/airflow/dags/flight_pipeline.py
[2026-05-28T01:08:10.359+0000] {processor.py:840} INFO - DAG(s) 'flight_pipeline' retrieved from /opt/airflow/dags/flight_pipeline.py
[2026-05-28T01:08:10.388+0000] {logging_mixin.py:188} INFO - [2026-05-28T01:08:10.388+0000] {dag.py:3096} INFO - Sync 1 DAGs
[2026-05-28T01:08:10.410+0000] {logging_mixin.py:188} INFO - [2026-05-28T01:08:10.410+0000] {dag.py:3954} INFO - Setting next_dagrun for flight_pipeline to 2026-05-28 01:00:00+00:00, run_after=2026-05-28 02:00:00+00:00
[2026-05-28T01:08:10.428+0000] {processor.py:183} INFO - Processing /opt/airflow/dags/flight_pipeline.py took 0.099 seconds
[2026-05-28T01:08:40.579+0000] {processor.py:161} INFO - Started process (PID=1884) to work on /opt/airflow/dags/flight_pipeline.py
[2026-05-28T01:08:40.581+0000] {processor.py:830} INFO - Processing file /opt/airflow/dags/flight_pipeline.py for tasks to queue
[2026-05-28T01:08:40.583+0000] {logging_mixin.py:188} INFO - [2026-05-28T01:08:40.582+0000] {dagbag.py:540} INFO - Filling up the DagBag from /opt/airflow/dags/flight_pipeline.py
[2026-05-28T01:08:40.603+0000] {processor.py:840} INFO - DAG(s) 'flight_pipeline' retrieved from /opt/airflow/dags/flight_pipeline.py
[2026-05-28T01:08:40.633+0000] {logging_mixin.py:188} INFO - [2026-05-28T01:08:40.633+0000] {dag.py:3096} INFO - Sync 1 DAGs
[2026-05-28T01:08:40.655+0000] {logging_mixin.py:188} INFO - [2026-05-28T01:08:40.654+0000] {dag.py:3954} INFO - Setting next_dagrun for flight_pipeline to 2026-05-28 01:00:00+00:00, run_after=2026-05-28 02:00:00+00:00
[2026-05-28T01:08:40.672+0000] {processor.py:183} INFO - Processing /opt/airflow/dags/flight_pipeline.py took 0.100 seconds
[2026-05-28T01:09:10.812+0000] {processor.py:161} INFO - Started process (PID=1889) to work on /opt/airflow/dags/flight_pipeline.py
[2026-05-28T01:09:10.813+0000] {processor.py:830} INFO - Processing file /opt/airflow/dags/flight_pipeline.py for tasks to queue
[2026-05-28T01:09:10.815+0000] {logging_mixin.py:188} INFO - [2026-05-28T01:09:10.815+0000] {dagbag.py:540} INFO - Filling up the DagBag from /opt/airflow/dags/flight_pipeline.py
[2026-05-28T01:09:10.832+0000] {processor.py:840} INFO - DAG(s) 'flight_pipeline' retrieved from /opt/airflow/dags/flight_pipeline.py
[2026-05-28T01:09:10.856+0000] {logging_mixin.py:188} INFO - [2026-05-28T01:09:10.856+0000] {dag.py:3096} INFO - Sync 1 DAGs
[2026-05-28T01:09:10.876+0000] {logging_mixin.py:188} INFO - [2026-05-28T01:09:10.876+0000] {dag.py:3954} INFO - Setting next_dagrun for flight_pipeline to 2026-05-28 01:00:00+00:00, run_after=2026-05-28 02:00:00+00:00
[2026-05-28T01:09:10.893+0000] {processor.py:183} INFO - Processing /opt/airflow/dags/flight_pipeline.py took 0.086 seconds
[2026-05-28T01:09:41.034+0000] {processor.py:161} INFO - Started process (PID=1894) to work on /opt/airflow/dags/flight_pipeline.py
[2026-05-28T01:09:41.035+0000] {processor.py:830} INFO - Processing file /opt/airflow/dags/flight_pipeline.py for tasks to queue
[2026-05-28T01:09:41.037+0000] {logging_mixin.py:188} INFO - [2026-05-28T01:09:41.037+0000] {dagbag.py:540} INFO - Filling up the DagBag from /opt/airflow/dags/flight_pipeline.py
[2026-05-28T01:09:41.054+0000] {processor.py:840} INFO - DAG(s) 'flight_pipeline' retrieved from /opt/airflow/dags/flight_pipeline.py
[2026-05-28T01:09:41.079+0000] {logging_mixin.py:188} INFO - [2026-05-28T01:09:41.079+0000] {dag.py:3096} INFO - Sync 1 DAGs
[2026-05-28T01:09:41.099+0000] {logging_mixin.py:188} INFO - [2026-05-28T01:09:41.098+0000] {dag.py:3954} INFO - Setting next_dagrun for flight_pipeline to 2026-05-28 01:00:00+00:00, run_after=2026-05-28 02:00:00+00:00
[2026-05-28T01:09:41.114+0000] {processor.py:183} INFO - Processing /opt/airflow/dags/flight_pipeline.py took 0.086 seconds
[2026-05-28T01:10:11.260+0000] {processor.py:161} INFO - Started process (PID=1899) to work on /opt/airflow/dags/flight_pipeline.py
[2026-05-28T01:10:11.262+0000] {processor.py:830} INFO - Processing file /opt/airflow/dags/flight_pipeline.py for tasks to queue
[2026-05-28T01:10:11.265+0000] {logging_mixin.py:188} INFO - [2026-05-28T01:10:11.264+0000] {dagbag.py:540} INFO - Filling up the DagBag from /opt/airflow/dags/flight_pipeline.py
[2026-05-28T01:10:11.285+0000] {processor.py:840} INFO - DAG(s) 'flight_pipeline' retrieved from /opt/airflow/dags/flight_pipeline.py
[2026-05-28T01:10:11.316+0000] {logging_mixin.py:188} INFO - [2026-05-28T01:10:11.316+0000] {dag.py:3096} INFO - Sync 1 DAGs
[2026-05-28T01:10:11.338+0000] {logging_mixin.py:188} INFO - [2026-05-28T01:10:11.338+0000] {dag.py:3954} INFO - Setting next_dagrun for flight_pipeline to 2026-05-28 01:00:00+00:00, run_after=2026-05-28 02:00:00+00:00
[2026-05-28T01:10:11.356+0000] {processor.py:183} INFO - Processing /opt/airflow/dags/flight_pipeline.py took 0.104 seconds
[2026-05-28T01:10:41.535+0000] {processor.py:161} INFO - Started process (PID=1904) to work on /opt/airflow/dags/flight_pipeline.py
[2026-05-28T01:10:41.536+0000] {processor.py:830} INFO - Processing file /opt/airflow/dags/flight_pipeline.py for tasks to queue
[2026-05-28T01:10:41.539+0000] {logging_mixin.py:188} INFO - [2026-05-28T01:10:41.538+0000] {dagbag.py:540} INFO - Filling up the DagBag from /opt/airflow/dags/flight_pipeline.py
[2026-05-28T01:10:41.561+0000] {processor.py:840} INFO - DAG(s) 'flight_pipeline' retrieved from /opt/airflow/dags/flight_pipeline.py
[2026-05-28T01:10:41.588+0000] {logging_mixin.py:188} INFO - [2026-05-28T01:10:41.588+0000] {dag.py:3096} INFO - Sync 1 DAGs
[2026-05-28T01:10:41.607+0000] {logging_mixin.py:188} INFO - [2026-05-28T01:10:41.607+0000] {dag.py:3954} INFO - Setting next_dagrun for flight_pipeline to 2026-05-28 01:00:00+00:00, run_after=2026-05-28 02:00:00+00:00
[2026-05-28T01:10:41.623+0000] {processor.py:183} INFO - Processing /opt/airflow/dags/flight_pipeline.py took 0.096 seconds
[2026-05-28T01:11:11.756+0000] {processor.py:161} INFO - Started process (PID=1909) to work on /opt/airflow/dags/flight_pipeline.py
[2026-05-28T01:11:11.757+0000] {processor.py:830} INFO - Processing file /opt/airflow/dags/flight_pipeline.py for tasks to queue
[2026-05-28T01:11:11.759+0000] {logging_mixin.py:188} INFO - [2026-05-28T01:11:11.758+0000] {dagbag.py:540} INFO - Filling up the DagBag from /opt/airflow/dags/flight_pipeline.py
[2026-05-28T01:11:11.776+0000] {processor.py:840} INFO - DAG(s) 'flight_pipeline' retrieved from /opt/airflow/dags/flight_pipeline.py
[2026-05-28T01:11:11.801+0000] {logging_mixin.py:188} INFO - [2026-05-28T01:11:11.801+0000] {dag.py:3096} INFO - Sync 1 DAGs
[2026-05-28T01:11:11.820+0000] {logging_mixin.py:188} INFO - [2026-05-28T01:11:11.819+0000] {dag.py:3954} INFO - Setting next_dagrun for flight_pipeline to 2026-05-28 01:00:00+00:00, run_after=2026-05-28 02:00:00+00:00
[2026-05-28T01:11:11.836+0000] {processor.py:183} INFO - Processing /opt/airflow/dags/flight_pipeline.py took 0.085 seconds
[2026-05-28T01:11:41.960+0000] {processor.py:161} INFO - Started process (PID=1914) to work on /opt/airflow/dags/flight_pipeline.py
[2026-05-28T01:11:41.961+0000] {processor.py:830} INFO - Processing file /opt/airflow/dags/flight_pipeline.py for tasks to queue
[2026-05-28T01:11:41.963+0000] {logging_mixin.py:188} INFO - [2026-05-28T01:11:41.963+0000] {dagbag.py:540} INFO - Filling up the DagBag from /opt/airflow/dags/flight_pipeline.py
[2026-05-28T01:11:41.982+0000] {processor.py:840} INFO - DAG(s) 'flight_pipeline' retrieved from /opt/airflow/dags/flight_pipeline.py
[2026-05-28T01:11:42.009+0000] {logging_mixin.py:188} INFO - [2026-05-28T01:11:42.009+0000] {dag.py:3096} INFO - Sync 1 DAGs
[2026-05-28T01:11:42.032+0000] {logging_mixin.py:188} INFO - [2026-05-28T01:11:42.031+0000] {dag.py:3954} INFO - Setting next_dagrun for flight_pipeline to 2026-05-28 01:00:00+00:00, run_after=2026-05-28 02:00:00+00:00
[2026-05-28T01:11:42.051+0000] {processor.py:183} INFO - Processing /opt/airflow/dags/flight_pipeline.py took 0.097 seconds
[2026-05-28T01:12:12.208+0000] {processor.py:161} INFO - Started process (PID=1919) to work on /opt/airflow/dags/flight_pipeline.py
[2026-05-28T01:12:12.209+0000] {processor.py:830} INFO - Processing file /opt/airflow/dags/flight_pipeline.py for tasks to queue
[2026-05-28T01:12:12.212+0000] {logging_mixin.py:188} INFO - [2026-05-28T01:12:12.211+0000] {dagbag.py:540} INFO - Filling up the DagBag from /opt/airflow/dags/flight_pipeline.py
[2026-05-28T01:12:12.279+0000] {processor.py:840} INFO - DAG(s) 'flight_pipeline' retrieved from /opt/airflow/dags/flight_pipeline.py
[2026-05-28T01:12:12.321+0000] {logging_mixin.py:188} INFO - [2026-05-28T01:12:12.321+0000] {dag.py:3096} INFO - Sync 1 DAGs
[2026-05-28T01:12:12.346+0000] {logging_mixin.py:188} INFO - [2026-05-28T01:12:12.346+0000] {dag.py:3954} INFO - Setting next_dagrun for flight_pipeline to 2026-05-28 01:00:00+00:00, run_after=2026-05-28 02:00:00+00:00
[2026-05-28T01:12:12.368+0000] {processor.py:183} INFO - Processing /opt/airflow/dags/flight_pipeline.py took 0.175 seconds
[2026-05-28T01:12:42.563+0000] {processor.py:161} INFO - Started process (PID=1924) to work on /opt/airflow/dags/flight_pipeline.py
[2026-05-28T01:12:42.564+0000] {processor.py:830} INFO - Processing file /opt/airflow/dags/flight_pipeline.py for tasks to queue
[2026-05-28T01:12:42.566+0000] {logging_mixin.py:188} INFO - [2026-05-28T01:12:42.566+0000] {dagbag.py:540} INFO - Filling up the DagBag from /opt/airflow/dags/flight_pipeline.py
[2026-05-28T01:12:42.585+0000] {processor.py:840} INFO - DAG(s) 'flight_pipeline' retrieved from /opt/airflow/dags/flight_pipeline.py
[2026-05-28T01:12:42.615+0000] {logging_mixin.py:188} INFO - [2026-05-28T01:12:42.615+0000] {dag.py:3096} INFO - Sync 1 DAGs
[2026-05-28T01:12:42.636+0000] {logging_mixin.py:188} INFO - [2026-05-28T01:12:42.636+0000] {dag.py:3954} INFO - Setting next_dagrun for flight_pipeline to 2026-05-28 01:00:00+00:00, run_after=2026-05-28 02:00:00+00:00
[2026-05-28T01:12:42.652+0000] {processor.py:183} INFO - Processing /opt/airflow/dags/flight_pipeline.py took 0.097 seconds
[2026-05-28T01:13:12.805+0000] {processor.py:161} INFO - Started process (PID=1929) to work on /opt/airflow/dags/flight_pipeline.py
[2026-05-28T01:13:12.807+0000] {processor.py:830} INFO - Processing file /opt/airflow/dags/flight_pipeline.py for tasks to queue
[2026-05-28T01:13:12.809+0000] {logging_mixin.py:188} INFO - [2026-05-28T01:13:12.808+0000] {dagbag.py:540} INFO - Filling up the DagBag from /opt/airflow/dags/flight_pipeline.py
[2026-05-28T01:13:12.827+0000] {processor.py:840} INFO - DAG(s) 'flight_pipeline' retrieved from /opt/airflow/dags/flight_pipeline.py
[2026-05-28T01:13:12.856+0000] {logging_mixin.py:188} INFO - [2026-05-28T01:13:12.856+0000] {dag.py:3096} INFO - Sync 1 DAGs
[2026-05-28T01:13:12.878+0000] {logging_mixin.py:188} INFO - [2026-05-28T01:13:12.878+0000] {dag.py:3954} INFO - Setting next_dagrun for flight_pipeline to 2026-05-28 01:00:00+00:00, run_after=2026-05-28 02:00:00+00:00
[2026-05-28T01:13:12.899+0000] {processor.py:183} INFO - Processing /opt/airflow/dags/flight_pipeline.py took 0.100 seconds
[2026-05-28T01:13:43.055+0000] {processor.py:161} INFO - Started process (PID=1934) to work on /opt/airflow/dags/flight_pipeline.py
[2026-05-28T01:13:43.056+0000] {processor.py:830} INFO - Processing file /opt/airflow/dags/flight_pipeline.py for tasks to queue
[2026-05-28T01:13:43.058+0000] {logging_mixin.py:188} INFO - [2026-05-28T01:13:43.058+0000] {dagbag.py:540} INFO - Filling up the DagBag from /opt/airflow/dags/flight_pipeline.py
[2026-05-28T01:13:43.078+0000] {processor.py:840} INFO - DAG(s) 'flight_pipeline' retrieved from /opt/airflow/dags/flight_pipeline.py
[2026-05-28T01:13:43.106+0000] {logging_mixin.py:188} INFO - [2026-05-28T01:13:43.106+0000] {dag.py:3096} INFO - Sync 1 DAGs
[2026-05-28T01:13:43.128+0000] {logging_mixin.py:188} INFO - [2026-05-28T01:13:43.128+0000] {dag.py:3954} INFO - Setting next_dagrun for flight_pipeline to 2026-05-28 01:00:00+00:00, run_after=2026-05-28 02:00:00+00:00
[2026-05-28T01:13:43.144+0000] {processor.py:183} INFO - Processing /opt/airflow/dags/flight_pipeline.py took 0.096 seconds
[2026-05-28T01:14:13.260+0000] {processor.py:161} INFO - Started process (PID=1939) to work on /opt/airflow/dags/flight_pipeline.py
[2026-05-28T01:14:13.261+0000] {processor.py:830} INFO - Processing file /opt/airflow/dags/flight_pipeline.py for tasks to queue
[2026-05-28T01:14:13.263+0000] {logging_mixin.py:188} INFO - [2026-05-28T01:14:13.263+0000] {dagbag.py:540} INFO - Filling up the DagBag from /opt/airflow/dags/flight_pipeline.py
[2026-05-28T01:14:13.283+0000] {processor.py:840} INFO - DAG(s) 'flight_pipeline' retrieved from /opt/airflow/dags/flight_pipeline.py
[2026-05-28T01:14:13.312+0000] {logging_mixin.py:188} INFO - [2026-05-28T01:14:13.311+0000] {dag.py:3096} INFO - Sync 1 DAGs
[2026-05-28T01:14:13.333+0000] {logging_mixin.py:188} INFO - [2026-05-28T01:14:13.333+0000] {dag.py:3954} INFO - Setting next_dagrun for flight_pipeline to 2026-05-28 01:00:00+00:00, run_after=2026-05-28 02:00:00+00:00
[2026-05-28T01:14:13.349+0000] {processor.py:183} INFO - Processing /opt/airflow/dags/flight_pipeline.py took 0.096 seconds
[2026-05-28T01:14:43.557+0000] {processor.py:161} INFO - Started process (PID=1944) to work on /opt/airflow/dags/flight_pipeline.py
[2026-05-28T01:14:43.558+0000] {processor.py:830} INFO - Processing file /opt/airflow/dags/flight_pipeline.py for tasks to queue
[2026-05-28T01:14:43.560+0000] {logging_mixin.py:188} INFO - [2026-05-28T01:14:43.559+0000] {dagbag.py:540} INFO - Filling up the DagBag from /opt/airflow/dags/flight_pipeline.py
[2026-05-28T01:14:43.577+0000] {processor.py:840} INFO - DAG(s) 'flight_pipeline' retrieved from /opt/airflow/dags/flight_pipeline.py
[2026-05-28T01:14:43.601+0000] {logging_mixin.py:188} INFO - [2026-05-28T01:14:43.601+0000] {dag.py:3096} INFO - Sync 1 DAGs
[2026-05-28T01:14:43.620+0000] {logging_mixin.py:188} INFO - [2026-05-28T01:14:43.620+0000] {dag.py:3954} INFO - Setting next_dagrun for flight_pipeline to 2026-05-28 01:00:00+00:00, run_after=2026-05-28 02:00:00+00:00
[2026-05-28T01:14:43.635+0000] {processor.py:183} INFO - Processing /opt/airflow/dags/flight_pipeline.py took 0.084 seconds
[2026-05-28T01:15:13.798+0000] {processor.py:161} INFO - Started process (PID=1949) to work on /opt/airflow/dags/flight_pipeline.py
[2026-05-28T01:15:13.799+0000] {processor.py:830} INFO - Processing file /opt/airflow/dags/flight_pipeline.py for tasks to queue
[2026-05-28T01:15:13.801+0000] {logging_mixin.py:188} INFO - [2026-05-28T01:15:13.800+0000] {dagbag.py:540} INFO - Filling up the DagBag from /opt/airflow/dags/flight_pipeline.py
[2026-05-28T01:15:13.818+0000] {processor.py:840} INFO - DAG(s) 'flight_pipeline' retrieved from /opt/airflow/dags/flight_pipeline.py
[2026-05-28T01:15:13.844+0000] {logging_mixin.py:188} INFO - [2026-05-28T01:15:13.844+0000] {dag.py:3096} INFO - Sync 1 DAGs
[2026-05-28T01:15:13.864+0000] {logging_mixin.py:188} INFO - [2026-05-28T01:15:13.864+0000] {dag.py:3954} INFO - Setting next_dagrun for flight_pipeline to 2026-05-28 01:00:00+00:00, run_after=2026-05-28 02:00:00+00:00
[2026-05-28T01:15:13.880+0000] {processor.py:183} INFO - Processing /opt/airflow/dags/flight_pipeline.py took 0.088 seconds
[2026-05-28T01:15:44.067+0000] {processor.py:161} INFO - Started process (PID=1954) to work on /opt/airflow/dags/flight_pipeline.py
[2026-05-28T01:15:44.069+0000] {processor.py:830} INFO - Processing file /opt/airflow/dags/flight_pipeline.py for tasks to queue
[2026-05-28T01:15:44.072+0000] {logging_mixin.py:188} INFO - [2026-05-28T01:15:44.071+0000] {dagbag.py:540} INFO - Filling up the DagBag from /opt/airflow/dags/flight_pipeline.py
[2026-05-28T01:15:44.101+0000] {processor.py:840} INFO - DAG(s) 'flight_pipeline' retrieved from /opt/airflow/dags/flight_pipeline.py
[2026-05-28T01:15:44.136+0000] {logging_mixin.py:188} INFO - [2026-05-28T01:15:44.136+0000] {dag.py:3096} INFO - Sync 1 DAGs
[2026-05-28T01:15:44.163+0000] {logging_mixin.py:188} INFO - [2026-05-28T01:15:44.163+0000] {dag.py:3954} INFO - Setting next_dagrun for flight_pipeline to 2026-05-28 01:00:00+00:00, run_after=2026-05-28 02:00:00+00:00
[2026-05-28T01:15:44.185+0000] {processor.py:183} INFO - Processing /opt/airflow/dags/flight_pipeline.py took 0.127 seconds
[2026-05-28T01:16:14.247+0000] {processor.py:161} INFO - Started process (PID=1959) to work on /opt/airflow/dags/flight_pipeline.py
[2026-05-28T01:16:14.248+0000] {processor.py:830} INFO - Processing file /opt/airflow/dags/flight_pipeline.py for tasks to queue
[2026-05-28T01:16:14.250+0000] {logging_mixin.py:188} INFO - [2026-05-28T01:16:14.250+0000] {dagbag.py:540} INFO - Filling up the DagBag from /opt/airflow/dags/flight_pipeline.py
[2026-05-28T01:16:14.270+0000] {processor.py:840} INFO - DAG(s) 'flight_pipeline' retrieved from /opt/airflow/dags/flight_pipeline.py
[2026-05-28T01:16:14.300+0000] {logging_mixin.py:188} INFO - [2026-05-28T01:16:14.300+0000] {dag.py:3096} INFO - Sync 1 DAGs
[2026-05-28T01:16:14.321+0000] {logging_mixin.py:188} INFO - [2026-05-28T01:16:14.321+0000] {dag.py:3954} INFO - Setting next_dagrun for flight_pipeline to 2026-05-28 01:00:00+00:00, run_after=2026-05-28 02:00:00+00:00
[2026-05-28T01:16:14.339+0000] {processor.py:183} INFO - Processing /opt/airflow/dags/flight_pipeline.py took 0.099 seconds
[2026-05-28T01:16:44.468+0000] {processor.py:161} INFO - Started process (PID=1964) to work on /opt/airflow/dags/flight_pipeline.py
[2026-05-28T01:16:44.469+0000] {processor.py:830} INFO - Processing file /opt/airflow/dags/flight_pipeline.py for tasks to queue
[2026-05-28T01:16:44.471+0000] {logging_mixin.py:188} INFO - [2026-05-28T01:16:44.470+0000] {dagbag.py:540} INFO - Filling up the DagBag from /opt/airflow/dags/flight_pipeline.py
[2026-05-28T01:16:44.488+0000] {processor.py:840} INFO - DAG(s) 'flight_pipeline' retrieved from /opt/airflow/dags/flight_pipeline.py
[2026-05-28T01:16:44.512+0000] {logging_mixin.py:188} INFO - [2026-05-28T01:16:44.512+0000] {dag.py:3096} INFO - Sync 1 DAGs
[2026-05-28T01:16:44.531+0000] {logging_mixin.py:188} INFO - [2026-05-28T01:16:44.531+0000] {dag.py:3954} INFO - Setting next_dagrun for flight_pipeline to 2026-05-28 01:00:00+00:00, run_after=2026-05-28 02:00:00+00:00
[2026-05-28T01:16:44.547+0000] {processor.py:183} INFO - Processing /opt/airflow/dags/flight_pipeline.py took 0.085 seconds
[2026-05-28T01:17:14.798+0000] {processor.py:161} INFO - Started process (PID=1969) to work on /opt/airflow/dags/flight_pipeline.py
[2026-05-28T01:17:14.799+0000] {processor.py:830} INFO - Processing file /opt/airflow/dags/flight_pipeline.py for tasks to queue
[2026-05-28T01:17:14.801+0000] {logging_mixin.py:188} INFO - [2026-05-28T01:17:14.801+0000] {dagbag.py:540} INFO - Filling up the DagBag from /opt/airflow/dags/flight_pipeline.py
[2026-05-28T01:17:14.824+0000] {processor.py:840} INFO - DAG(s) 'flight_pipeline' retrieved from /opt/airflow/dags/flight_pipeline.py
[2026-05-28T01:17:14.864+0000] {logging_mixin.py:188} INFO - [2026-05-28T01:17:14.863+0000] {dag.py:3096} INFO - Sync 1 DAGs
[2026-05-28T01:17:14.898+0000] {logging_mixin.py:188} INFO - [2026-05-28T01:17:14.897+0000] {dag.py:3954} INFO - Setting next_dagrun for flight_pipeline to 2026-05-28 01:00:00+00:00, run_after=2026-05-28 02:00:00+00:00
[2026-05-28T01:17:14.928+0000] {processor.py:183} INFO - Processing /opt/airflow/dags/flight_pipeline.py took 0.139 seconds
[2026-05-28T01:17:44.994+0000] {processor.py:161} INFO - Started process (PID=1974) to work on /opt/airflow/dags/flight_pipeline.py
[2026-05-28T01:17:44.995+0000] {processor.py:830} INFO - Processing file /opt/airflow/dags/flight_pipeline.py for tasks to queue
[2026-05-28T01:17:44.997+0000] {logging_mixin.py:188} INFO - [2026-05-28T01:17:44.996+0000] {dagbag.py:540} INFO - Filling up the DagBag from /opt/airflow/dags/flight_pipeline.py
[2026-05-28T01:17:45.016+0000] {processor.py:840} INFO - DAG(s) 'flight_pipeline' retrieved from /opt/airflow/dags/flight_pipeline.py
[2026-05-28T01:17:45.047+0000] {logging_mixin.py:188} INFO - [2026-05-28T01:17:45.047+0000] {dag.py:3096} INFO - Sync 1 DAGs
[2026-05-28T01:17:45.069+0000] {logging_mixin.py:188} INFO - [2026-05-28T01:17:45.069+0000] {dag.py:3954} INFO - Setting next_dagrun for flight_pipeline to 2026-05-28 01:00:00+00:00, run_after=2026-05-28 02:00:00+00:00
[2026-05-28T01:17:45.087+0000] {processor.py:183} INFO - Processing /opt/airflow/dags/flight_pipeline.py took 0.101 seconds
[2026-05-28T01:18:15.326+0000] {processor.py:161} INFO - Started process (PID=1979) to work on /opt/airflow/dags/flight_pipeline.py
[2026-05-28T01:18:15.326+0000] {processor.py:830} INFO - Processing file /opt/airflow/dags/flight_pipeline.py for tasks to queue
[2026-05-28T01:18:15.329+0000] {logging_mixin.py:188} INFO - [2026-05-28T01:18:15.329+0000] {dagbag.py:540} INFO - Filling up the DagBag from /opt/airflow/dags/flight_pipeline.py
[2026-05-28T01:18:15.346+0000] {processor.py:840} INFO - DAG(s) 'flight_pipeline' retrieved from /opt/airflow/dags/flight_pipeline.py
[2026-05-28T01:18:15.370+0000] {logging_mixin.py:188} INFO - [2026-05-28T01:18:15.370+0000] {dag.py:3096} INFO - Sync 1 DAGs
[2026-05-28T01:18:15.391+0000] {logging_mixin.py:188} INFO - [2026-05-28T01:18:15.391+0000] {dag.py:3954} INFO - Setting next_dagrun for flight_pipeline to 2026-05-28 01:00:00+00:00, run_after=2026-05-28 02:00:00+00:00
[2026-05-28T01:18:15.408+0000] {processor.py:183} INFO - Processing /opt/airflow/dags/flight_pipeline.py took 0.087 seconds
[2026-05-28T01:18:45.565+0000] {processor.py:161} INFO - Started process (PID=1984) to work on /opt/airflow/dags/flight_pipeline.py
[2026-05-28T01:18:45.566+0000] {processor.py:830} INFO - Processing file /opt/airflow/dags/flight_pipeline.py for tasks to queue
[2026-05-28T01:18:45.567+0000] {logging_mixin.py:188} INFO - [2026-05-28T01:18:45.567+0000] {dagbag.py:540} INFO - Filling up the DagBag from /opt/airflow/dags/flight_pipeline.py
[2026-05-28T01:18:45.586+0000] {processor.py:840} INFO - DAG(s) 'flight_pipeline' retrieved from /opt/airflow/dags/flight_pipeline.py
[2026-05-28T01:18:45.615+0000] {logging_mixin.py:188} INFO - [2026-05-28T01:18:45.615+0000] {dag.py:3096} INFO - Sync 1 DAGs
[2026-05-28T01:18:45.636+0000] {logging_mixin.py:188} INFO - [2026-05-28T01:18:45.636+0000] {dag.py:3954} INFO - Setting next_dagrun for flight_pipeline to 2026-05-28 01:00:00+00:00, run_after=2026-05-28 02:00:00+00:00
[2026-05-28T01:18:45.655+0000] {processor.py:183} INFO - Processing /opt/airflow/dags/flight_pipeline.py took 0.095 seconds
[2026-05-28T01:19:15.868+0000] {processor.py:161} INFO - Started process (PID=1989) to work on /opt/airflow/dags/flight_pipeline.py
[2026-05-28T01:19:15.869+0000] {processor.py:830} INFO - Processing file /opt/airflow/dags/flight_pipeline.py for tasks to queue
[2026-05-28T01:19:15.871+0000] {logging_mixin.py:188} INFO - [2026-05-28T01:19:15.871+0000] {dagbag.py:540} INFO - Filling up the DagBag from /opt/airflow/dags/flight_pipeline.py
[2026-05-28T01:19:15.888+0000] {processor.py:840} INFO - DAG(s) 'flight_pipeline' retrieved from /opt/airflow/dags/flight_pipeline.py
[2026-05-28T01:19:15.912+0000] {logging_mixin.py:188} INFO - [2026-05-28T01:19:15.912+0000] {dag.py:3096} INFO - Sync 1 DAGs
[2026-05-28T01:19:15.931+0000] {logging_mixin.py:188} INFO - [2026-05-28T01:19:15.931+0000] {dag.py:3954} INFO - Setting next_dagrun for flight_pipeline to 2026-05-28 01:00:00+00:00, run_after=2026-05-28 02:00:00+00:00
[2026-05-28T01:19:15.946+0000] {processor.py:183} INFO - Processing /opt/airflow/dags/flight_pipeline.py took 0.084 seconds
[2026-05-28T01:19:46.132+0000] {processor.py:161} INFO - Started process (PID=1994) to work on /opt/airflow/dags/flight_pipeline.py
[2026-05-28T01:19:46.133+0000] {processor.py:830} INFO - Processing file /opt/airflow/dags/flight_pipeline.py for tasks to queue
[2026-05-28T01:19:46.135+0000] {logging_mixin.py:188} INFO - [2026-05-28T01:19:46.135+0000] {dagbag.py:540} INFO - Filling up the DagBag from /opt/airflow/dags/flight_pipeline.py
[2026-05-28T01:19:46.154+0000] {processor.py:840} INFO - DAG(s) 'flight_pipeline' retrieved from /opt/airflow/dags/flight_pipeline.py
[2026-05-28T01:19:46.185+0000] {logging_mixin.py:188} INFO - [2026-05-28T01:19:46.185+0000] {dag.py:3096} INFO - Sync 1 DAGs
[2026-05-28T01:19:46.211+0000] {logging_mixin.py:188} INFO - [2026-05-28T01:19:46.211+0000] {dag.py:3954} INFO - Setting next_dagrun for flight_pipeline to 2026-05-28 01:00:00+00:00, run_after=2026-05-28 02:00:00+00:00
[2026-05-28T01:19:46.229+0000] {processor.py:183} INFO - Processing /opt/airflow/dags/flight_pipeline.py took 0.105 seconds
[2026-05-28T01:20:16.397+0000] {processor.py:161} INFO - Started process (PID=1999) to work on /opt/airflow/dags/flight_pipeline.py
[2026-05-28T01:20:16.398+0000] {processor.py:830} INFO - Processing file /opt/airflow/dags/flight_pipeline.py for tasks to queue
[2026-05-28T01:20:16.401+0000] {logging_mixin.py:188} INFO - [2026-05-28T01:20:16.400+0000] {dagbag.py:540} INFO - Filling up the DagBag from /opt/airflow/dags/flight_pipeline.py
[2026-05-28T01:20:16.421+0000] {processor.py:840} INFO - DAG(s) 'flight_pipeline' retrieved from /opt/airflow/dags/flight_pipeline.py
[2026-05-28T01:20:16.451+0000] {logging_mixin.py:188} INFO - [2026-05-28T01:20:16.450+0000] {dag.py:3096} INFO - Sync 1 DAGs
[2026-05-28T01:20:16.473+0000] {logging_mixin.py:188} INFO - [2026-05-28T01:20:16.473+0000] {dag.py:3954} INFO - Setting next_dagrun for flight_pipeline to 2026-05-28 01:00:00+00:00, run_after=2026-05-28 02:00:00+00:00
[2026-05-28T01:20:16.492+0000] {processor.py:183} INFO - Processing /opt/airflow/dags/flight_pipeline.py took 0.103 seconds
[2026-05-28T01:20:46.638+0000] {processor.py:161} INFO - Started process (PID=2004) to work on /opt/airflow/dags/flight_pipeline.py
[2026-05-28T01:20:46.639+0000] {processor.py:830} INFO - Processing file /opt/airflow/dags/flight_pipeline.py for tasks to queue
[2026-05-28T01:20:46.640+0000] {logging_mixin.py:188} INFO - [2026-05-28T01:20:46.640+0000] {dagbag.py:540} INFO - Filling up the DagBag from /opt/airflow/dags/flight_pipeline.py
[2026-05-28T01:20:46.657+0000] {processor.py:840} INFO - DAG(s) 'flight_pipeline' retrieved from /opt/airflow/dags/flight_pipeline.py
[2026-05-28T01:20:46.682+0000] {logging_mixin.py:188} INFO - [2026-05-28T01:20:46.682+0000] {dag.py:3096} INFO - Sync 1 DAGs
[2026-05-28T01:20:46.701+0000] {logging_mixin.py:188} INFO - [2026-05-28T01:20:46.701+0000] {dag.py:3954} INFO - Setting next_dagrun for flight_pipeline to 2026-05-28 01:00:00+00:00, run_after=2026-05-28 02:00:00+00:00
[2026-05-28T01:20:46.716+0000] {processor.py:183} INFO - Processing /opt/airflow/dags/flight_pipeline.py took 0.084 seconds
[2026-05-28T01:21:16.930+0000] {processor.py:161} INFO - Started process (PID=2009) to work on /opt/airflow/dags/flight_pipeline.py
[2026-05-28T01:21:16.931+0000] {processor.py:830} INFO - Processing file /opt/airflow/dags/flight_pipeline.py for tasks to queue
[2026-05-28T01:21:16.933+0000] {logging_mixin.py:188} INFO - [2026-05-28T01:21:16.933+0000] {dagbag.py:540} INFO - Filling up the DagBag from /opt/airflow/dags/flight_pipeline.py
[2026-05-28T01:21:16.951+0000] {processor.py:840} INFO - DAG(s) 'flight_pipeline' retrieved from /opt/airflow/dags/flight_pipeline.py
[2026-05-28T01:21:16.979+0000] {logging_mixin.py:188} INFO - [2026-05-28T01:21:16.979+0000] {dag.py:3096} INFO - Sync 1 DAGs
[2026-05-28T01:21:17.000+0000] {logging_mixin.py:188} INFO - [2026-05-28T01:21:17.000+0000] {dag.py:3954} INFO - Setting next_dagrun for flight_pipeline to 2026-05-28 01:00:00+00:00, run_after=2026-05-28 02:00:00+00:00
[2026-05-28T01:21:17.018+0000] {processor.py:183} INFO - Processing /opt/airflow/dags/flight_pipeline.py took 0.093 seconds
[2026-05-28T01:21:47.191+0000] {processor.py:161} INFO - Started process (PID=2014) to work on /opt/airflow/dags/flight_pipeline.py
[2026-05-28T01:21:47.192+0000] {processor.py:830} INFO - Processing file /opt/airflow/dags/flight_pipeline.py for tasks to queue
[2026-05-28T01:21:47.194+0000] {logging_mixin.py:188} INFO - [2026-05-28T01:21:47.194+0000] {dagbag.py:540} INFO - Filling up the DagBag from /opt/airflow/dags/flight_pipeline.py
[2026-05-28T01:21:47.216+0000] {processor.py:840} INFO - DAG(s) 'flight_pipeline' retrieved from /opt/airflow/dags/flight_pipeline.py
[2026-05-28T01:21:47.253+0000] {logging_mixin.py:188} INFO - [2026-05-28T01:21:47.252+0000] {dag.py:3096} INFO - Sync 1 DAGs
[2026-05-28T01:21:47.278+0000] {logging_mixin.py:188} INFO - [2026-05-28T01:21:47.278+0000] {dag.py:3954} INFO - Setting next_dagrun for flight_pipeline to 2026-05-28 01:00:00+00:00, run_after=2026-05-28 02:00:00+00:00
[2026-05-28T01:21:47.298+0000] {processor.py:183} INFO - Processing /opt/airflow/dags/flight_pipeline.py took 0.114 seconds
[2026-05-28T01:22:17.455+0000] {processor.py:161} INFO - Started process (PID=2019) to work on /opt/airflow/dags/flight_pipeline.py
[2026-05-28T01:22:17.456+0000] {processor.py:830} INFO - Processing file /opt/airflow/dags/flight_pipeline.py for tasks to queue
[2026-05-28T01:22:17.458+0000] {logging_mixin.py:188} INFO - [2026-05-28T01:22:17.457+0000] {dagbag.py:540} INFO - Filling up the DagBag from /opt/airflow/dags/flight_pipeline.py
[2026-05-28T01:22:17.477+0000] {processor.py:840} INFO - DAG(s) 'flight_pipeline' retrieved from /opt/airflow/dags/flight_pipeline.py
[2026-05-28T01:22:17.505+0000] {logging_mixin.py:188} INFO - [2026-05-28T01:22:17.505+0000] {dag.py:3096} INFO - Sync 1 DAGs
[2026-05-28T01:22:17.526+0000] {logging_mixin.py:188} INFO - [2026-05-28T01:22:17.526+0000] {dag.py:3954} INFO - Setting next_dagrun for flight_pipeline to 2026-05-28 01:00:00+00:00, run_after=2026-05-28 02:00:00+00:00
[2026-05-28T01:22:17.542+0000] {processor.py:183} INFO - Processing /opt/airflow/dags/flight_pipeline.py took 0.092 seconds
[2026-05-28T01:22:47.680+0000] {processor.py:161} INFO - Started process (PID=2024) to work on /opt/airflow/dags/flight_pipeline.py
[2026-05-28T01:22:47.681+0000] {processor.py:830} INFO - Processing file /opt/airflow/dags/flight_pipeline.py for tasks to queue
[2026-05-28T01:22:47.683+0000] {logging_mixin.py:188} INFO - [2026-05-28T01:22:47.683+0000] {dagbag.py:540} INFO - Filling up the DagBag from /opt/airflow/dags/flight_pipeline.py
[2026-05-28T01:22:47.700+0000] {processor.py:840} INFO - DAG(s) 'flight_pipeline' retrieved from /opt/airflow/dags/flight_pipeline.py
[2026-05-28T01:22:47.725+0000] {logging_mixin.py:188} INFO - [2026-05-28T01:22:47.725+0000] {dag.py:3096} INFO - Sync 1 DAGs
[2026-05-28T01:22:47.744+0000] {logging_mixin.py:188} INFO - [2026-05-28T01:22:47.744+0000] {dag.py:3954} INFO - Setting next_dagrun for flight_pipeline to 2026-05-28 01:00:00+00:00, run_after=2026-05-28 02:00:00+00:00
[2026-05-28T01:22:47.760+0000] {processor.py:183} INFO - Processing /opt/airflow/dags/flight_pipeline.py took 0.085 seconds
[2026-05-28T01:23:17.957+0000] {processor.py:161} INFO - Started process (PID=2029) to work on /opt/airflow/dags/flight_pipeline.py
[2026-05-28T01:23:17.958+0000] {processor.py:830} INFO - Processing file /opt/airflow/dags/flight_pipeline.py for tasks to queue
[2026-05-28T01:23:17.960+0000] {logging_mixin.py:188} INFO - [2026-05-28T01:23:17.960+0000] {dagbag.py:540} INFO - Filling up the DagBag from /opt/airflow/dags/flight_pipeline.py
[2026-05-28T01:23:17.980+0000] {processor.py:840} INFO - DAG(s) 'flight_pipeline' retrieved from /opt/airflow/dags/flight_pipeline.py
[2026-05-28T01:23:18.012+0000] {logging_mixin.py:188} INFO - [2026-05-28T01:23:18.011+0000] {dag.py:3096} INFO - Sync 1 DAGs
[2026-05-28T01:23:18.035+0000] {logging_mixin.py:188} INFO - [2026-05-28T01:23:18.035+0000] {dag.py:3954} INFO - Setting next_dagrun for flight_pipeline to 2026-05-28 01:00:00+00:00, run_after=2026-05-28 02:00:00+00:00
[2026-05-28T01:23:18.054+0000] {processor.py:183} INFO - Processing /opt/airflow/dags/flight_pipeline.py took 0.104 seconds
[2026-05-28T01:23:48.223+0000] {processor.py:161} INFO - Started process (PID=2034) to work on /opt/airflow/dags/flight_pipeline.py
[2026-05-28T01:23:48.224+0000] {processor.py:830} INFO - Processing file /opt/airflow/dags/flight_pipeline.py for tasks to queue
[2026-05-28T01:23:48.226+0000] {logging_mixin.py:188} INFO - [2026-05-28T01:23:48.226+0000] {dagbag.py:540} INFO - Filling up the DagBag from /opt/airflow/dags/flight_pipeline.py
[2026-05-28T01:23:48.246+0000] {processor.py:840} INFO - DAG(s) 'flight_pipeline' retrieved from /opt/airflow/dags/flight_pipeline.py
[2026-05-28T01:23:48.276+0000] {logging_mixin.py:188} INFO - [2026-05-28T01:23:48.276+0000] {dag.py:3096} INFO - Sync 1 DAGs
[2026-05-28T01:23:48.298+0000] {logging_mixin.py:188} INFO - [2026-05-28T01:23:48.298+0000] {dag.py:3954} INFO - Setting next_dagrun for flight_pipeline to 2026-05-28 01:00:00+00:00, run_after=2026-05-28 02:00:00+00:00
[2026-05-28T01:23:48.316+0000] {processor.py:183} INFO - Processing /opt/airflow/dags/flight_pipeline.py took 0.100 seconds
[2026-05-28T01:24:18.465+0000] {processor.py:161} INFO - Started process (PID=2039) to work on /opt/airflow/dags/flight_pipeline.py
[2026-05-28T01:24:18.466+0000] {processor.py:830} INFO - Processing file /opt/airflow/dags/flight_pipeline.py for tasks to queue
[2026-05-28T01:24:18.467+0000] {logging_mixin.py:188} INFO - [2026-05-28T01:24:18.467+0000] {dagbag.py:540} INFO - Filling up the DagBag from /opt/airflow/dags/flight_pipeline.py
[2026-05-28T01:24:18.484+0000] {processor.py:840} INFO - DAG(s) 'flight_pipeline' retrieved from /opt/airflow/dags/flight_pipeline.py
[2026-05-28T01:24:18.509+0000] {logging_mixin.py:188} INFO - [2026-05-28T01:24:18.509+0000] {dag.py:3096} INFO - Sync 1 DAGs
[2026-05-28T01:24:18.529+0000] {logging_mixin.py:188} INFO - [2026-05-28T01:24:18.529+0000] {dag.py:3954} INFO - Setting next_dagrun for flight_pipeline to 2026-05-28 01:00:00+00:00, run_after=2026-05-28 02:00:00+00:00
[2026-05-28T01:24:18.544+0000] {processor.py:183} INFO - Processing /opt/airflow/dags/flight_pipeline.py took 0.085 seconds
[2026-05-28T01:24:48.742+0000] {processor.py:161} INFO - Started process (PID=2044) to work on /opt/airflow/dags/flight_pipeline.py
[2026-05-28T01:24:48.743+0000] {processor.py:830} INFO - Processing file /opt/airflow/dags/flight_pipeline.py for tasks to queue
[2026-05-28T01:24:48.745+0000] {logging_mixin.py:188} INFO - [2026-05-28T01:24:48.744+0000] {dagbag.py:540} INFO - Filling up the DagBag from /opt/airflow/dags/flight_pipeline.py
[2026-05-28T01:24:48.765+0000] {processor.py:840} INFO - DAG(s) 'flight_pipeline' retrieved from /opt/airflow/dags/flight_pipeline.py
[2026-05-28T01:24:48.795+0000] {logging_mixin.py:188} INFO - [2026-05-28T01:24:48.795+0000] {dag.py:3096} INFO - Sync 1 DAGs
[2026-05-28T01:24:48.817+0000] {logging_mixin.py:188} INFO - [2026-05-28T01:24:48.817+0000] {dag.py:3954} INFO - Setting next_dagrun for flight_pipeline to 2026-05-28 01:00:00+00:00, run_after=2026-05-28 02:00:00+00:00
[2026-05-28T01:24:48.836+0000] {processor.py:183} INFO - Processing /opt/airflow/dags/flight_pipeline.py took 0.101 seconds
[2026-05-28T01:25:19.026+0000] {processor.py:161} INFO - Started process (PID=2049) to work on /opt/airflow/dags/flight_pipeline.py
[2026-05-28T01:25:19.027+0000] {processor.py:830} INFO - Processing file /opt/airflow/dags/flight_pipeline.py for tasks to queue
[2026-05-28T01:25:19.029+0000] {logging_mixin.py:188} INFO - [2026-05-28T01:25:19.029+0000] {dagbag.py:540} INFO - Filling up the DagBag from /opt/airflow/dags/flight_pipeline.py
[2026-05-28T01:25:19.052+0000] {processor.py:840} INFO - DAG(s) 'flight_pipeline' retrieved from /opt/airflow/dags/flight_pipeline.py
[2026-05-28T01:25:19.084+0000] {logging_mixin.py:188} INFO - [2026-05-28T01:25:19.083+0000] {dag.py:3096} INFO - Sync 1 DAGs
[2026-05-28T01:25:19.110+0000] {logging_mixin.py:188} INFO - [2026-05-28T01:25:19.110+0000] {dag.py:3954} INFO - Setting next_dagrun for flight_pipeline to 2026-05-28 01:00:00+00:00, run_after=2026-05-28 02:00:00+00:00
[2026-05-28T01:25:19.132+0000] {processor.py:183} INFO - Processing /opt/airflow/dags/flight_pipeline.py took 0.115 seconds
[2026-05-28T01:25:49.284+0000] {processor.py:161} INFO - Started process (PID=2054) to work on /opt/airflow/dags/flight_pipeline.py
[2026-05-28T01:25:49.286+0000] {processor.py:830} INFO - Processing file /opt/airflow/dags/flight_pipeline.py for tasks to queue
[2026-05-28T01:25:49.289+0000] {logging_mixin.py:188} INFO - [2026-05-28T01:25:49.288+0000] {dagbag.py:540} INFO - Filling up the DagBag from /opt/airflow/dags/flight_pipeline.py
[2026-05-28T01:25:49.310+0000] {processor.py:840} INFO - DAG(s) 'flight_pipeline' retrieved from /opt/airflow/dags/flight_pipeline.py
[2026-05-28T01:25:49.343+0000] {logging_mixin.py:188} INFO - [2026-05-28T01:25:49.343+0000] {dag.py:3096} INFO - Sync 1 DAGs
[2026-05-28T01:25:49.370+0000] {logging_mixin.py:188} INFO - [2026-05-28T01:25:49.370+0000] {dag.py:3954} INFO - Setting next_dagrun for flight_pipeline to 2026-05-28 01:00:00+00:00, run_after=2026-05-28 02:00:00+00:00
[2026-05-28T01:25:49.392+0000] {processor.py:183} INFO - Processing /opt/airflow/dags/flight_pipeline.py took 0.116 seconds
[2026-05-28T01:26:19.514+0000] {processor.py:161} INFO - Started process (PID=2059) to work on /opt/airflow/dags/flight_pipeline.py
[2026-05-28T01:26:19.515+0000] {processor.py:830} INFO - Processing file /opt/airflow/dags/flight_pipeline.py for tasks to queue
[2026-05-28T01:26:19.517+0000] {logging_mixin.py:188} INFO - [2026-05-28T01:26:19.517+0000] {dagbag.py:540} INFO - Filling up the DagBag from /opt/airflow/dags/flight_pipeline.py
[2026-05-28T01:26:19.535+0000] {processor.py:840} INFO - DAG(s) 'flight_pipeline' retrieved from /opt/airflow/dags/flight_pipeline.py
[2026-05-28T01:26:19.559+0000] {logging_mixin.py:188} INFO - [2026-05-28T01:26:19.559+0000] {dag.py:3096} INFO - Sync 1 DAGs
[2026-05-28T01:26:19.578+0000] {logging_mixin.py:188} INFO - [2026-05-28T01:26:19.578+0000] {dag.py:3954} INFO - Setting next_dagrun for flight_pipeline to 2026-05-28 01:00:00+00:00, run_after=2026-05-28 02:00:00+00:00
[2026-05-28T01:26:19.596+0000] {processor.py:183} INFO - Processing /opt/airflow/dags/flight_pipeline.py took 0.087 seconds
[2026-05-28T01:26:49.829+0000] {processor.py:161} INFO - Started process (PID=2064) to work on /opt/airflow/dags/flight_pipeline.py
[2026-05-28T01:26:49.831+0000] {processor.py:830} INFO - Processing file /opt/airflow/dags/flight_pipeline.py for tasks to queue
[2026-05-28T01:26:49.833+0000] {logging_mixin.py:188} INFO - [2026-05-28T01:26:49.833+0000] {dagbag.py:540} INFO - Filling up the DagBag from /opt/airflow/dags/flight_pipeline.py
[2026-05-28T01:26:49.855+0000] {processor.py:840} INFO - DAG(s) 'flight_pipeline' retrieved from /opt/airflow/dags/flight_pipeline.py
[2026-05-28T01:26:49.887+0000] {logging_mixin.py:188} INFO - [2026-05-28T01:26:49.887+0000] {dag.py:3096} INFO - Sync 1 DAGs
[2026-05-28T01:26:49.913+0000] {logging_mixin.py:188} INFO - [2026-05-28T01:26:49.913+0000] {dag.py:3954} INFO - Setting next_dagrun for flight_pipeline to 2026-05-28 01:00:00+00:00, run_after=2026-05-28 02:00:00+00:00
[2026-05-28T01:26:49.933+0000] {processor.py:183} INFO - Processing /opt/airflow/dags/flight_pipeline.py took 0.112 seconds
[2026-05-28T01:27:20.058+0000] {processor.py:161} INFO - Started process (PID=2069) to work on /opt/airflow/dags/flight_pipeline.py
[2026-05-28T01:27:20.059+0000] {processor.py:830} INFO - Processing file /opt/airflow/dags/flight_pipeline.py for tasks to queue
[2026-05-28T01:27:20.062+0000] {logging_mixin.py:188} INFO - [2026-05-28T01:27:20.061+0000] {dagbag.py:540} INFO - Filling up the DagBag from /opt/airflow/dags/flight_pipeline.py
[2026-05-28T01:27:20.081+0000] {processor.py:840} INFO - DAG(s) 'flight_pipeline' retrieved from /opt/airflow/dags/flight_pipeline.py
[2026-05-28T01:27:20.114+0000] {logging_mixin.py:188} INFO - [2026-05-28T01:27:20.114+0000] {dag.py:3096} INFO - Sync 1 DAGs
[2026-05-28T01:27:20.136+0000] {logging_mixin.py:188} INFO - [2026-05-28T01:27:20.136+0000] {dag.py:3954} INFO - Setting next_dagrun for flight_pipeline to 2026-05-28 01:00:00+00:00, run_after=2026-05-28 02:00:00+00:00
[2026-05-28T01:27:20.152+0000] {processor.py:183} INFO - Processing /opt/airflow/dags/flight_pipeline.py took 0.101 seconds
[2026-05-28T01:27:50.352+0000] {processor.py:161} INFO - Started process (PID=2074) to work on /opt/airflow/dags/flight_pipeline.py
[2026-05-28T01:27:50.353+0000] {processor.py:830} INFO - Processing file /opt/airflow/dags/flight_pipeline.py for tasks to queue
[2026-05-28T01:27:50.355+0000] {logging_mixin.py:188} INFO - [2026-05-28T01:27:50.355+0000] {dagbag.py:540} INFO - Filling up the DagBag from /opt/airflow/dags/flight_pipeline.py
[2026-05-28T01:27:50.374+0000] {processor.py:840} INFO - DAG(s) 'flight_pipeline' retrieved from /opt/airflow/dags/flight_pipeline.py
[2026-05-28T01:27:50.402+0000] {logging_mixin.py:188} INFO - [2026-05-28T01:27:50.402+0000] {dag.py:3096} INFO - Sync 1 DAGs
[2026-05-28T01:27:50.424+0000] {logging_mixin.py:188} INFO - [2026-05-28T01:27:50.423+0000] {dag.py:3954} INFO - Setting next_dagrun for flight_pipeline to 2026-05-28 01:00:00+00:00, run_after=2026-05-28 02:00:00+00:00
[2026-05-28T01:27:50.440+0000] {processor.py:183} INFO - Processing /opt/airflow/dags/flight_pipeline.py took 0.095 seconds
[2026-05-28T01:28:20.565+0000] {processor.py:161} INFO - Started process (PID=2079) to work on /opt/airflow/dags/flight_pipeline.py
[2026-05-28T01:28:20.566+0000] {processor.py:830} INFO - Processing file /opt/airflow/dags/flight_pipeline.py for tasks to queue
[2026-05-28T01:28:20.568+0000] {logging_mixin.py:188} INFO - [2026-05-28T01:28:20.568+0000] {dagbag.py:540} INFO - Filling up the DagBag from /opt/airflow/dags/flight_pipeline.py
[2026-05-28T01:28:20.585+0000] {processor.py:840} INFO - DAG(s) 'flight_pipeline' retrieved from /opt/airflow/dags/flight_pipeline.py
[2026-05-28T01:28:20.610+0000] {logging_mixin.py:188} INFO - [2026-05-28T01:28:20.609+0000] {dag.py:3096} INFO - Sync 1 DAGs
[2026-05-28T01:28:20.628+0000] {logging_mixin.py:188} INFO - [2026-05-28T01:28:20.628+0000] {dag.py:3954} INFO - Setting next_dagrun for flight_pipeline to 2026-05-28 01:00:00+00:00, run_after=2026-05-28 02:00:00+00:00
[2026-05-28T01:28:20.645+0000] {processor.py:183} INFO - Processing /opt/airflow/dags/flight_pipeline.py took 0.085 seconds
[2026-05-28T01:28:50.858+0000] {processor.py:161} INFO - Started process (PID=2084) to work on /opt/airflow/dags/flight_pipeline.py
[2026-05-28T01:28:50.859+0000] {processor.py:830} INFO - Processing file /opt/airflow/dags/flight_pipeline.py for tasks to queue
[2026-05-28T01:28:50.861+0000] {logging_mixin.py:188} INFO - [2026-05-28T01:28:50.861+0000] {dagbag.py:540} INFO - Filling up the DagBag from /opt/airflow/dags/flight_pipeline.py
[2026-05-28T01:28:50.878+0000] {processor.py:840} INFO - DAG(s) 'flight_pipeline' retrieved from /opt/airflow/dags/flight_pipeline.py
[2026-05-28T01:28:50.905+0000] {logging_mixin.py:188} INFO - [2026-05-28T01:28:50.905+0000] {dag.py:3096} INFO - Sync 1 DAGs
[2026-05-28T01:28:50.928+0000] {logging_mixin.py:188} INFO - [2026-05-28T01:28:50.928+0000] {dag.py:3954} INFO - Setting next_dagrun for flight_pipeline to 2026-05-28 01:00:00+00:00, run_after=2026-05-28 02:00:00+00:00
[2026-05-28T01:28:50.948+0000] {processor.py:183} INFO - Processing /opt/airflow/dags/flight_pipeline.py took 0.095 seconds
[2026-05-28T01:29:21.107+0000] {processor.py:161} INFO - Started process (PID=2089) to work on /opt/airflow/dags/flight_pipeline.py
[2026-05-28T01:29:21.109+0000] {processor.py:830} INFO - Processing file /opt/airflow/dags/flight_pipeline.py for tasks to queue
[2026-05-28T01:29:21.111+0000] {logging_mixin.py:188} INFO - [2026-05-28T01:29:21.110+0000] {dagbag.py:540} INFO - Filling up the DagBag from /opt/airflow/dags/flight_pipeline.py
[2026-05-28T01:29:21.130+0000] {processor.py:840} INFO - DAG(s) 'flight_pipeline' retrieved from /opt/airflow/dags/flight_pipeline.py
[2026-05-28T01:29:21.159+0000] {logging_mixin.py:188} INFO - [2026-05-28T01:29:21.159+0000] {dag.py:3096} INFO - Sync 1 DAGs
[2026-05-28T01:29:21.181+0000] {logging_mixin.py:188} INFO - [2026-05-28T01:29:21.181+0000] {dag.py:3954} INFO - Setting next_dagrun for flight_pipeline to 2026-05-28 01:00:00+00:00, run_after=2026-05-28 02:00:00+00:00
[2026-05-28T01:29:21.199+0000] {processor.py:183} INFO - Processing /opt/airflow/dags/flight_pipeline.py took 0.098 seconds
[2026-05-28T01:29:51.364+0000] {processor.py:161} INFO - Started process (PID=2094) to work on /opt/airflow/dags/flight_pipeline.py
[2026-05-28T01:29:51.365+0000] {processor.py:830} INFO - Processing file /opt/airflow/dags/flight_pipeline.py for tasks to queue
[2026-05-28T01:29:51.367+0000] {logging_mixin.py:188} INFO - [2026-05-28T01:29:51.367+0000] {dagbag.py:540} INFO - Filling up the DagBag from /opt/airflow/dags/flight_pipeline.py
[2026-05-28T01:29:51.387+0000] {processor.py:840} INFO - DAG(s) 'flight_pipeline' retrieved from /opt/airflow/dags/flight_pipeline.py
[2026-05-28T01:29:51.415+0000] {logging_mixin.py:188} INFO - [2026-05-28T01:29:51.415+0000] {dag.py:3096} INFO - Sync 1 DAGs
[2026-05-28T01:29:51.437+0000] {logging_mixin.py:188} INFO - [2026-05-28T01:29:51.437+0000] {dag.py:3954} INFO - Setting next_dagrun for flight_pipeline to 2026-05-28 01:00:00+00:00, run_after=2026-05-28 02:00:00+00:00
[2026-05-28T01:29:51.453+0000] {processor.py:183} INFO - Processing /opt/airflow/dags/flight_pipeline.py took 0.096 seconds
[2026-05-28T01:30:21.606+0000] {processor.py:161} INFO - Started process (PID=2099) to work on /opt/airflow/dags/flight_pipeline.py
[2026-05-28T01:30:21.607+0000] {processor.py:830} INFO - Processing file /opt/airflow/dags/flight_pipeline.py for tasks to queue
[2026-05-28T01:30:21.609+0000] {logging_mixin.py:188} INFO - [2026-05-28T01:30:21.609+0000] {dagbag.py:540} INFO - Filling up the DagBag from /opt/airflow/dags/flight_pipeline.py
[2026-05-28T01:30:21.626+0000] {processor.py:840} INFO - DAG(s) 'flight_pipeline' retrieved from /opt/airflow/dags/flight_pipeline.py
[2026-05-28T01:30:21.652+0000] {logging_mixin.py:188} INFO - [2026-05-28T01:30:21.652+0000] {dag.py:3096} INFO - Sync 1 DAGs
[2026-05-28T01:30:21.672+0000] {logging_mixin.py:188} INFO - [2026-05-28T01:30:21.671+0000] {dag.py:3954} INFO - Setting next_dagrun for flight_pipeline to 2026-05-28 01:00:00+00:00, run_after=2026-05-28 02:00:00+00:00
[2026-05-28T01:30:21.688+0000] {processor.py:183} INFO - Processing /opt/airflow/dags/flight_pipeline.py took 0.087 seconds
[2026-05-28T01:30:51.926+0000] {processor.py:161} INFO - Started process (PID=2104) to work on /opt/airflow/dags/flight_pipeline.py
[2026-05-28T01:30:51.927+0000] {processor.py:830} INFO - Processing file /opt/airflow/dags/flight_pipeline.py for tasks to queue
[2026-05-28T01:30:51.929+0000] {logging_mixin.py:188} INFO - [2026-05-28T01:30:51.928+0000] {dagbag.py:540} INFO - Filling up the DagBag from /opt/airflow/dags/flight_pipeline.py
[2026-05-28T01:30:51.946+0000] {processor.py:840} INFO - DAG(s) 'flight_pipeline' retrieved from /opt/airflow/dags/flight_pipeline.py
[2026-05-28T01:30:51.980+0000] {logging_mixin.py:188} INFO - [2026-05-28T01:30:51.979+0000] {dag.py:3096} INFO - Sync 1 DAGs
[2026-05-28T01:30:52.003+0000] {logging_mixin.py:188} INFO - [2026-05-28T01:30:52.003+0000] {dag.py:3954} INFO - Setting next_dagrun for flight_pipeline to 2026-05-28 01:00:00+00:00, run_after=2026-05-28 02:00:00+00:00
[2026-05-28T01:30:52.022+0000] {processor.py:183} INFO - Processing /opt/airflow/dags/flight_pipeline.py took 0.102 seconds
[2026-05-28T01:31:22.177+0000] {processor.py:161} INFO - Started process (PID=2109) to work on /opt/airflow/dags/flight_pipeline.py
[2026-05-28T01:31:22.178+0000] {processor.py:830} INFO - Processing file /opt/airflow/dags/flight_pipeline.py for tasks to queue
[2026-05-28T01:31:22.179+0000] {logging_mixin.py:188} INFO - [2026-05-28T01:31:22.179+0000] {dagbag.py:540} INFO - Filling up the DagBag from /opt/airflow/dags/flight_pipeline.py
[2026-05-28T01:31:22.196+0000] {processor.py:840} INFO - DAG(s) 'flight_pipeline' retrieved from /opt/airflow/dags/flight_pipeline.py
[2026-05-28T01:31:22.224+0000] {logging_mixin.py:188} INFO - [2026-05-28T01:31:22.224+0000] {dag.py:3096} INFO - Sync 1 DAGs
[2026-05-28T01:31:22.245+0000] {logging_mixin.py:188} INFO - [2026-05-28T01:31:22.245+0000] {dag.py:3954} INFO - Setting next_dagrun for flight_pipeline to 2026-05-28 01:00:00+00:00, run_after=2026-05-28 02:00:00+00:00
[2026-05-28T01:31:22.263+0000] {processor.py:183} INFO - Processing /opt/airflow/dags/flight_pipeline.py took 0.092 seconds
[2026-05-28T01:31:52.516+0000] {processor.py:161} INFO - Started process (PID=2114) to work on /opt/airflow/dags/flight_pipeline.py
[2026-05-28T01:31:52.517+0000] {processor.py:830} INFO - Processing file /opt/airflow/dags/flight_pipeline.py for tasks to queue
[2026-05-28T01:31:52.519+0000] {logging_mixin.py:188} INFO - [2026-05-28T01:31:52.519+0000] {dagbag.py:540} INFO - Filling up the DagBag from /opt/airflow/dags/flight_pipeline.py
[2026-05-28T01:31:52.536+0000] {processor.py:840} INFO - DAG(s) 'flight_pipeline' retrieved from /opt/airflow/dags/flight_pipeline.py
[2026-05-28T01:31:52.561+0000] {logging_mixin.py:188} INFO - [2026-05-28T01:31:52.561+0000] {dag.py:3096} INFO - Sync 1 DAGs
[2026-05-28T01:31:52.582+0000] {logging_mixin.py:188} INFO - [2026-05-28T01:31:52.582+0000] {dag.py:3954} INFO - Setting next_dagrun for flight_pipeline to 2026-05-28 01:00:00+00:00, run_after=2026-05-28 02:00:00+00:00
[2026-05-28T01:31:52.599+0000] {processor.py:183} INFO - Processing /opt/airflow/dags/flight_pipeline.py took 0.087 seconds
[2026-05-28T01:32:22.724+0000] {processor.py:161} INFO - Started process (PID=2119) to work on /opt/airflow/dags/flight_pipeline.py
[2026-05-28T01:32:22.725+0000] {processor.py:830} INFO - Processing file /opt/airflow/dags/flight_pipeline.py for tasks to queue
[2026-05-28T01:32:22.727+0000] {logging_mixin.py:188} INFO - [2026-05-28T01:32:22.727+0000] {dagbag.py:540} INFO - Filling up the DagBag from /opt/airflow/dags/flight_pipeline.py
[2026-05-28T01:32:22.744+0000] {processor.py:840} INFO - DAG(s) 'flight_pipeline' retrieved from /opt/airflow/dags/flight_pipeline.py
[2026-05-28T01:32:22.769+0000] {logging_mixin.py:188} INFO - [2026-05-28T01:32:22.769+0000] {dag.py:3096} INFO - Sync 1 DAGs
[2026-05-28T01:32:22.788+0000] {logging_mixin.py:188} INFO - [2026-05-28T01:32:22.788+0000] {dag.py:3954} INFO - Setting next_dagrun for flight_pipeline to 2026-05-28 01:00:00+00:00, run_after=2026-05-28 02:00:00+00:00
[2026-05-28T01:32:22.805+0000] {processor.py:183} INFO - Processing /opt/airflow/dags/flight_pipeline.py took 0.087 seconds
[2026-05-28T01:32:53.006+0000] {processor.py:161} INFO - Started process (PID=2124) to work on /opt/airflow/dags/flight_pipeline.py
[2026-05-28T01:32:53.007+0000] {processor.py:830} INFO - Processing file /opt/airflow/dags/flight_pipeline.py for tasks to queue
[2026-05-28T01:32:53.009+0000] {logging_mixin.py:188} INFO - [2026-05-28T01:32:53.008+0000] {dagbag.py:540} INFO - Filling up the DagBag from /opt/airflow/dags/flight_pipeline.py
[2026-05-28T01:32:53.028+0000] {processor.py:840} INFO - DAG(s) 'flight_pipeline' retrieved from /opt/airflow/dags/flight_pipeline.py
[2026-05-28T01:32:53.055+0000] {logging_mixin.py:188} INFO - [2026-05-28T01:32:53.055+0000] {dag.py:3096} INFO - Sync 1 DAGs
[2026-05-28T01:32:53.077+0000] {logging_mixin.py:188} INFO - [2026-05-28T01:32:53.077+0000] {dag.py:3954} INFO - Setting next_dagrun for flight_pipeline to 2026-05-28 01:00:00+00:00, run_after=2026-05-28 02:00:00+00:00
[2026-05-28T01:32:53.097+0000] {processor.py:183} INFO - Processing /opt/airflow/dags/flight_pipeline.py took 0.097 seconds
[2026-05-28T01:33:23.265+0000] {processor.py:161} INFO - Started process (PID=2129) to work on /opt/airflow/dags/flight_pipeline.py
[2026-05-28T01:33:23.266+0000] {processor.py:830} INFO - Processing file /opt/airflow/dags/flight_pipeline.py for tasks to queue
[2026-05-28T01:33:23.268+0000] {logging_mixin.py:188} INFO - [2026-05-28T01:33:23.267+0000] {dagbag.py:540} INFO - Filling up the DagBag from /opt/airflow/dags/flight_pipeline.py
[2026-05-28T01:33:23.286+0000] {processor.py:840} INFO - DAG(s) 'flight_pipeline' retrieved from /opt/airflow/dags/flight_pipeline.py
[2026-05-28T01:33:23.315+0000] {logging_mixin.py:188} INFO - [2026-05-28T01:33:23.315+0000] {dag.py:3096} INFO - Sync 1 DAGs
[2026-05-28T01:33:23.338+0000] {logging_mixin.py:188} INFO - [2026-05-28T01:33:23.338+0000] {dag.py:3954} INFO - Setting next_dagrun for flight_pipeline to 2026-05-28 01:00:00+00:00, run_after=2026-05-28 02:00:00+00:00
[2026-05-28T01:33:23.356+0000] {processor.py:183} INFO - Processing /opt/airflow/dags/flight_pipeline.py took 0.096 seconds
[2026-05-28T01:33:53.585+0000] {processor.py:161} INFO - Started process (PID=2134) to work on /opt/airflow/dags/flight_pipeline.py
[2026-05-28T01:33:53.586+0000] {processor.py:830} INFO - Processing file /opt/airflow/dags/flight_pipeline.py for tasks to queue
[2026-05-28T01:33:53.588+0000] {logging_mixin.py:188} INFO - [2026-05-28T01:33:53.588+0000] {dagbag.py:540} INFO - Filling up the DagBag from /opt/airflow/dags/flight_pipeline.py
[2026-05-28T01:33:53.607+0000] {processor.py:840} INFO - DAG(s) 'flight_pipeline' retrieved from /opt/airflow/dags/flight_pipeline.py
[2026-05-28T01:33:53.636+0000] {logging_mixin.py:188} INFO - [2026-05-28T01:33:53.635+0000] {dag.py:3096} INFO - Sync 1 DAGs
[2026-05-28T01:33:53.658+0000] {logging_mixin.py:188} INFO - [2026-05-28T01:33:53.658+0000] {dag.py:3954} INFO - Setting next_dagrun for flight_pipeline to 2026-05-28 01:00:00+00:00, run_after=2026-05-28 02:00:00+00:00
[2026-05-28T01:33:53.674+0000] {processor.py:183} INFO - Processing /opt/airflow/dags/flight_pipeline.py took 0.094 seconds
[2026-05-28T01:34:23.838+0000] {processor.py:161} INFO - Started process (PID=2139) to work on /opt/airflow/dags/flight_pipeline.py
[2026-05-28T01:34:23.839+0000] {processor.py:830} INFO - Processing file /opt/airflow/dags/flight_pipeline.py for tasks to queue
[2026-05-28T01:34:23.841+0000] {logging_mixin.py:188} INFO - [2026-05-28T01:34:23.840+0000] {dagbag.py:540} INFO - Filling up the DagBag from /opt/airflow/dags/flight_pipeline.py
[2026-05-28T01:34:23.858+0000] {processor.py:840} INFO - DAG(s) 'flight_pipeline' retrieved from /opt/airflow/dags/flight_pipeline.py
[2026-05-28T01:34:23.883+0000] {logging_mixin.py:188} INFO - [2026-05-28T01:34:23.883+0000] {dag.py:3096} INFO - Sync 1 DAGs
[2026-05-28T01:34:23.902+0000] {logging_mixin.py:188} INFO - [2026-05-28T01:34:23.901+0000] {dag.py:3954} INFO - Setting next_dagrun for flight_pipeline to 2026-05-28 01:00:00+00:00, run_after=2026-05-28 02:00:00+00:00
[2026-05-28T01:34:23.917+0000] {processor.py:183} INFO - Processing /opt/airflow/dags/flight_pipeline.py took 0.084 seconds
[2026-05-28T01:34:54.120+0000] {processor.py:161} INFO - Started process (PID=2144) to work on /opt/airflow/dags/flight_pipeline.py
[2026-05-28T01:34:54.121+0000] {processor.py:830} INFO - Processing file /opt/airflow/dags/flight_pipeline.py for tasks to queue
[2026-05-28T01:34:54.122+0000] {logging_mixin.py:188} INFO - [2026-05-28T01:34:54.122+0000] {dagbag.py:540} INFO - Filling up the DagBag from /opt/airflow/dags/flight_pipeline.py
[2026-05-28T01:34:54.140+0000] {processor.py:840} INFO - DAG(s) 'flight_pipeline' retrieved from /opt/airflow/dags/flight_pipeline.py
[2026-05-28T01:34:54.169+0000] {logging_mixin.py:188} INFO - [2026-05-28T01:34:54.169+0000] {dag.py:3096} INFO - Sync 1 DAGs
[2026-05-28T01:34:54.190+0000] {logging_mixin.py:188} INFO - [2026-05-28T01:34:54.189+0000] {dag.py:3954} INFO - Setting next_dagrun for flight_pipeline to 2026-05-28 01:00:00+00:00, run_after=2026-05-28 02:00:00+00:00
[2026-05-28T01:34:54.208+0000] {processor.py:183} INFO - Processing /opt/airflow/dags/flight_pipeline.py took 0.094 seconds
[2026-05-28T01:35:24.326+0000] {processor.py:161} INFO - Started process (PID=2149) to work on /opt/airflow/dags/flight_pipeline.py
[2026-05-28T01:35:24.327+0000] {processor.py:830} INFO - Processing file /opt/airflow/dags/flight_pipeline.py for tasks to queue
[2026-05-28T01:35:24.329+0000] {logging_mixin.py:188} INFO - [2026-05-28T01:35:24.328+0000] {dagbag.py:540} INFO - Filling up the DagBag from /opt/airflow/dags/flight_pipeline.py
[2026-05-28T01:35:24.346+0000] {processor.py:840} INFO - DAG(s) 'flight_pipeline' retrieved from /opt/airflow/dags/flight_pipeline.py
[2026-05-28T01:35:24.374+0000] {logging_mixin.py:188} INFO - [2026-05-28T01:35:24.373+0000] {dag.py:3096} INFO - Sync 1 DAGs
[2026-05-28T01:35:24.396+0000] {logging_mixin.py:188} INFO - [2026-05-28T01:35:24.396+0000] {dag.py:3954} INFO - Setting next_dagrun for flight_pipeline to 2026-05-28 01:00:00+00:00, run_after=2026-05-28 02:00:00+00:00
[2026-05-28T01:35:24.416+0000] {processor.py:183} INFO - Processing /opt/airflow/dags/flight_pipeline.py took 0.096 seconds
[2026-05-28T01:35:54.698+0000] {processor.py:161} INFO - Started process (PID=2154) to work on /opt/airflow/dags/flight_pipeline.py
[2026-05-28T01:35:54.698+0000] {processor.py:830} INFO - Processing file /opt/airflow/dags/flight_pipeline.py for tasks to queue
[2026-05-28T01:35:54.700+0000] {logging_mixin.py:188} INFO - [2026-05-28T01:35:54.700+0000] {dagbag.py:540} INFO - Filling up the DagBag from /opt/airflow/dags/flight_pipeline.py
[2026-05-28T01:35:54.717+0000] {processor.py:840} INFO - DAG(s) 'flight_pipeline' retrieved from /opt/airflow/dags/flight_pipeline.py
[2026-05-28T01:35:54.741+0000] {logging_mixin.py:188} INFO - [2026-05-28T01:35:54.741+0000] {dag.py:3096} INFO - Sync 1 DAGs
[2026-05-28T01:35:54.761+0000] {logging_mixin.py:188} INFO - [2026-05-28T01:35:54.760+0000] {dag.py:3954} INFO - Setting next_dagrun for flight_pipeline to 2026-05-28 01:00:00+00:00, run_after=2026-05-28 02:00:00+00:00
[2026-05-28T01:35:54.778+0000] {processor.py:183} INFO - Processing /opt/airflow/dags/flight_pipeline.py took 0.085 seconds
[2026-05-28T01:36:24.915+0000] {processor.py:161} INFO - Started process (PID=2159) to work on /opt/airflow/dags/flight_pipeline.py
[2026-05-28T01:36:24.917+0000] {processor.py:830} INFO - Processing file /opt/airflow/dags/flight_pipeline.py for tasks to queue
[2026-05-28T01:36:24.919+0000] {logging_mixin.py:188} INFO - [2026-05-28T01:36:24.918+0000] {dagbag.py:540} INFO - Filling up the DagBag from /opt/airflow/dags/flight_pipeline.py
[2026-05-28T01:36:24.938+0000] {processor.py:840} INFO - DAG(s) 'flight_pipeline' retrieved from /opt/airflow/dags/flight_pipeline.py
[2026-05-28T01:36:24.966+0000] {logging_mixin.py:188} INFO - [2026-05-28T01:36:24.966+0000] {dag.py:3096} INFO - Sync 1 DAGs
[2026-05-28T01:36:24.986+0000] {logging_mixin.py:188} INFO - [2026-05-28T01:36:24.986+0000] {dag.py:3954} INFO - Setting next_dagrun for flight_pipeline to 2026-05-28 01:00:00+00:00, run_after=2026-05-28 02:00:00+00:00
[2026-05-28T01:36:25.001+0000] {processor.py:183} INFO - Processing /opt/airflow/dags/flight_pipeline.py took 0.094 seconds
[2026-05-28T01:36:55.181+0000] {processor.py:161} INFO - Started process (PID=2164) to work on /opt/airflow/dags/flight_pipeline.py
[2026-05-28T01:36:55.182+0000] {processor.py:830} INFO - Processing file /opt/airflow/dags/flight_pipeline.py for tasks to queue
[2026-05-28T01:36:55.183+0000] {logging_mixin.py:188} INFO - [2026-05-28T01:36:55.183+0000] {dagbag.py:540} INFO - Filling up the DagBag from /opt/airflow/dags/flight_pipeline.py
[2026-05-28T01:36:55.201+0000] {processor.py:840} INFO - DAG(s) 'flight_pipeline' retrieved from /opt/airflow/dags/flight_pipeline.py
[2026-05-28T01:36:55.228+0000] {logging_mixin.py:188} INFO - [2026-05-28T01:36:55.228+0000] {dag.py:3096} INFO - Sync 1 DAGs
[2026-05-28T01:36:55.249+0000] {logging_mixin.py:188} INFO - [2026-05-28T01:36:55.249+0000] {dag.py:3954} INFO - Setting next_dagrun for flight_pipeline to 2026-05-28 01:00:00+00:00, run_after=2026-05-28 02:00:00+00:00
[2026-05-28T01:36:55.269+0000] {processor.py:183} INFO - Processing /opt/airflow/dags/flight_pipeline.py took 0.094 seconds
[2026-05-28T01:37:25.386+0000] {processor.py:161} INFO - Started process (PID=2169) to work on /opt/airflow/dags/flight_pipeline.py
[2026-05-28T01:37:25.387+0000] {processor.py:830} INFO - Processing file /opt/airflow/dags/flight_pipeline.py for tasks to queue
[2026-05-28T01:37:25.389+0000] {logging_mixin.py:188} INFO - [2026-05-28T01:37:25.389+0000] {dagbag.py:540} INFO - Filling up the DagBag from /opt/airflow/dags/flight_pipeline.py
[2026-05-28T01:37:25.409+0000] {processor.py:840} INFO - DAG(s) 'flight_pipeline' retrieved from /opt/airflow/dags/flight_pipeline.py
[2026-05-28T01:37:25.438+0000] {logging_mixin.py:188} INFO - [2026-05-28T01:37:25.438+0000] {dag.py:3096} INFO - Sync 1 DAGs
[2026-05-28T01:37:25.461+0000] {logging_mixin.py:188} INFO - [2026-05-28T01:37:25.460+0000] {dag.py:3954} INFO - Setting next_dagrun for flight_pipeline to 2026-05-28 01:00:00+00:00, run_after=2026-05-28 02:00:00+00:00
[2026-05-28T01:37:25.479+0000] {processor.py:183} INFO - Processing /opt/airflow/dags/flight_pipeline.py took 0.099 seconds
[2026-05-28T01:37:55.707+0000] {processor.py:161} INFO - Started process (PID=2174) to work on /opt/airflow/dags/flight_pipeline.py
[2026-05-28T01:37:55.708+0000] {processor.py:830} INFO - Processing file /opt/airflow/dags/flight_pipeline.py for tasks to queue
[2026-05-28T01:37:55.710+0000] {logging_mixin.py:188} INFO - [2026-05-28T01:37:55.710+0000] {dagbag.py:540} INFO - Filling up the DagBag from /opt/airflow/dags/flight_pipeline.py
[2026-05-28T01:37:55.730+0000] {processor.py:840} INFO - DAG(s) 'flight_pipeline' retrieved from /opt/airflow/dags/flight_pipeline.py
[2026-05-28T01:37:55.757+0000] {logging_mixin.py:188} INFO - [2026-05-28T01:37:55.757+0000] {dag.py:3096} INFO - Sync 1 DAGs
[2026-05-28T01:37:55.779+0000] {logging_mixin.py:188} INFO - [2026-05-28T01:37:55.779+0000] {dag.py:3954} INFO - Setting next_dagrun for flight_pipeline to 2026-05-28 01:00:00+00:00, run_after=2026-05-28 02:00:00+00:00
[2026-05-28T01:37:55.796+0000] {processor.py:183} INFO - Processing /opt/airflow/dags/flight_pipeline.py took 0.097 seconds
[2026-05-28T01:38:25.959+0000] {processor.py:161} INFO - Started process (PID=2179) to work on /opt/airflow/dags/flight_pipeline.py
[2026-05-28T01:38:25.960+0000] {processor.py:830} INFO - Processing file /opt/airflow/dags/flight_pipeline.py for tasks to queue
[2026-05-28T01:38:25.962+0000] {logging_mixin.py:188} INFO - [2026-05-28T01:38:25.961+0000] {dagbag.py:540} INFO - Filling up the DagBag from /opt/airflow/dags/flight_pipeline.py
[2026-05-28T01:38:25.981+0000] {processor.py:840} INFO - DAG(s) 'flight_pipeline' retrieved from /opt/airflow/dags/flight_pipeline.py
[2026-05-28T01:38:26.010+0000] {logging_mixin.py:188} INFO - [2026-05-28T01:38:26.010+0000] {dag.py:3096} INFO - Sync 1 DAGs
[2026-05-28T01:38:26.043+0000] {logging_mixin.py:188} INFO - [2026-05-28T01:38:26.043+0000] {dag.py:3954} INFO - Setting next_dagrun for flight_pipeline to 2026-05-28 01:00:00+00:00, run_after=2026-05-28 02:00:00+00:00
[2026-05-28T01:38:26.065+0000] {processor.py:183} INFO - Processing /opt/airflow/dags/flight_pipeline.py took 0.113 seconds
[2026-05-28T01:38:56.235+0000] {processor.py:161} INFO - Started process (PID=2184) to work on /opt/airflow/dags/flight_pipeline.py
[2026-05-28T01:38:56.237+0000] {processor.py:830} INFO - Processing file /opt/airflow/dags/flight_pipeline.py for tasks to queue
[2026-05-28T01:38:56.240+0000] {logging_mixin.py:188} INFO - [2026-05-28T01:38:56.239+0000] {dagbag.py:540} INFO - Filling up the DagBag from /opt/airflow/dags/flight_pipeline.py
[2026-05-28T01:38:56.263+0000] {processor.py:840} INFO - DAG(s) 'flight_pipeline' retrieved from /opt/airflow/dags/flight_pipeline.py
[2026-05-28T01:38:56.292+0000] {logging_mixin.py:188} INFO - [2026-05-28T01:38:56.292+0000] {dag.py:3096} INFO - Sync 1 DAGs
[2026-05-28T01:38:56.316+0000] {logging_mixin.py:188} INFO - [2026-05-28T01:38:56.315+0000] {dag.py:3954} INFO - Setting next_dagrun for flight_pipeline to 2026-05-28 01:00:00+00:00, run_after=2026-05-28 02:00:00+00:00
[2026-05-28T01:38:56.334+0000] {processor.py:183} INFO - Processing /opt/airflow/dags/flight_pipeline.py took 0.106 seconds
[2026-05-28T01:39:26.428+0000] {processor.py:161} INFO - Started process (PID=2189) to work on /opt/airflow/dags/flight_pipeline.py
[2026-05-28T01:39:26.430+0000] {processor.py:830} INFO - Processing file /opt/airflow/dags/flight_pipeline.py for tasks to queue
[2026-05-28T01:39:26.433+0000] {logging_mixin.py:188} INFO - [2026-05-28T01:39:26.432+0000] {dagbag.py:540} INFO - Filling up the DagBag from /opt/airflow/dags/flight_pipeline.py
[2026-05-28T01:39:26.454+0000] {processor.py:840} INFO - DAG(s) 'flight_pipeline' retrieved from /opt/airflow/dags/flight_pipeline.py
[2026-05-28T01:39:26.489+0000] {logging_mixin.py:188} INFO - [2026-05-28T01:39:26.489+0000] {dag.py:3096} INFO - Sync 1 DAGs
[2026-05-28T01:39:26.517+0000] {logging_mixin.py:188} INFO - [2026-05-28T01:39:26.517+0000] {dag.py:3954} INFO - Setting next_dagrun for flight_pipeline to 2026-05-28 01:00:00+00:00, run_after=2026-05-28 02:00:00+00:00
[2026-05-28T01:39:26.536+0000] {processor.py:183} INFO - Processing /opt/airflow/dags/flight_pipeline.py took 0.116 seconds
[2026-05-28T01:39:56.752+0000] {processor.py:161} INFO - Started process (PID=2194) to work on /opt/airflow/dags/flight_pipeline.py
[2026-05-28T01:39:56.753+0000] {processor.py:830} INFO - Processing file /opt/airflow/dags/flight_pipeline.py for tasks to queue
[2026-05-28T01:39:56.756+0000] {logging_mixin.py:188} INFO - [2026-05-28T01:39:56.755+0000] {dagbag.py:540} INFO - Filling up the DagBag from /opt/airflow/dags/flight_pipeline.py
[2026-05-28T01:39:56.781+0000] {processor.py:840} INFO - DAG(s) 'flight_pipeline' retrieved from /opt/airflow/dags/flight_pipeline.py
[2026-05-28T01:39:56.818+0000] {logging_mixin.py:188} INFO - [2026-05-28T01:39:56.818+0000] {dag.py:3096} INFO - Sync 1 DAGs
[2026-05-28T01:39:56.847+0000] {logging_mixin.py:188} INFO - [2026-05-28T01:39:56.847+0000] {dag.py:3954} INFO - Setting next_dagrun for flight_pipeline to 2026-05-28 01:00:00+00:00, run_after=2026-05-28 02:00:00+00:00
[2026-05-28T01:39:56.869+0000] {processor.py:183} INFO - Processing /opt/airflow/dags/flight_pipeline.py took 0.125 seconds
[2026-05-28T01:40:26.962+0000] {processor.py:161} INFO - Started process (PID=2199) to work on /opt/airflow/dags/flight_pipeline.py
[2026-05-28T01:40:26.963+0000] {processor.py:830} INFO - Processing file /opt/airflow/dags/flight_pipeline.py for tasks to queue
[2026-05-28T01:40:26.965+0000] {logging_mixin.py:188} INFO - [2026-05-28T01:40:26.965+0000] {dagbag.py:540} INFO - Filling up the DagBag from /opt/airflow/dags/flight_pipeline.py
[2026-05-28T01:40:26.982+0000] {processor.py:840} INFO - DAG(s) 'flight_pipeline' retrieved from /opt/airflow/dags/flight_pipeline.py
[2026-05-28T01:40:27.007+0000] {logging_mixin.py:188} INFO - [2026-05-28T01:40:27.007+0000] {dag.py:3096} INFO - Sync 1 DAGs
[2026-05-28T01:40:27.026+0000] {logging_mixin.py:188} INFO - [2026-05-28T01:40:27.026+0000] {dag.py:3954} INFO - Setting next_dagrun for flight_pipeline to 2026-05-28 01:00:00+00:00, run_after=2026-05-28 02:00:00+00:00
[2026-05-28T01:40:27.043+0000] {processor.py:183} INFO - Processing /opt/airflow/dags/flight_pipeline.py took 0.087 seconds
[2026-05-28T01:40:57.203+0000] {processor.py:161} INFO - Started process (PID=2204) to work on /opt/airflow/dags/flight_pipeline.py
[2026-05-28T01:40:57.205+0000] {processor.py:830} INFO - Processing file /opt/airflow/dags/flight_pipeline.py for tasks to queue
[2026-05-28T01:40:57.207+0000] {logging_mixin.py:188} INFO - [2026-05-28T01:40:57.206+0000] {dagbag.py:540} INFO - Filling up the DagBag from /opt/airflow/dags/flight_pipeline.py
[2026-05-28T01:40:57.226+0000] {processor.py:840} INFO - DAG(s) 'flight_pipeline' retrieved from /opt/airflow/dags/flight_pipeline.py
[2026-05-28T01:40:57.255+0000] {logging_mixin.py:188} INFO - [2026-05-28T01:40:57.255+0000] {dag.py:3096} INFO - Sync 1 DAGs
[2026-05-28T01:40:57.282+0000] {logging_mixin.py:188} INFO - [2026-05-28T01:40:57.281+0000] {dag.py:3954} INFO - Setting next_dagrun for flight_pipeline to 2026-05-28 01:00:00+00:00, run_after=2026-05-28 02:00:00+00:00
[2026-05-28T01:40:57.309+0000] {processor.py:183} INFO - Processing /opt/airflow/dags/flight_pipeline.py took 0.112 seconds
[2026-05-28T01:41:27.437+0000] {processor.py:161} INFO - Started process (PID=2209) to work on /opt/airflow/dags/flight_pipeline.py
[2026-05-28T01:41:27.438+0000] {processor.py:830} INFO - Processing file /opt/airflow/dags/flight_pipeline.py for tasks to queue
[2026-05-28T01:41:27.440+0000] {logging_mixin.py:188} INFO - [2026-05-28T01:41:27.440+0000] {dagbag.py:540} INFO - Filling up the DagBag from /opt/airflow/dags/flight_pipeline.py
[2026-05-28T01:41:27.460+0000] {processor.py:840} INFO - DAG(s) 'flight_pipeline' retrieved from /opt/airflow/dags/flight_pipeline.py
[2026-05-28T01:41:27.489+0000] {logging_mixin.py:188} INFO - [2026-05-28T01:41:27.489+0000] {dag.py:3096} INFO - Sync 1 DAGs
[2026-05-28T01:41:27.510+0000] {logging_mixin.py:188} INFO - [2026-05-28T01:41:27.510+0000] {dag.py:3954} INFO - Setting next_dagrun for flight_pipeline to 2026-05-28 01:00:00+00:00, run_after=2026-05-28 02:00:00+00:00
[2026-05-28T01:41:27.528+0000] {processor.py:183} INFO - Processing /opt/airflow/dags/flight_pipeline.py took 0.099 seconds
[2026-05-28T01:41:57.698+0000] {processor.py:161} INFO - Started process (PID=2214) to work on /opt/airflow/dags/flight_pipeline.py
[2026-05-28T01:41:57.699+0000] {processor.py:830} INFO - Processing file /opt/airflow/dags/flight_pipeline.py for tasks to queue
[2026-05-28T01:41:57.701+0000] {logging_mixin.py:188} INFO - [2026-05-28T01:41:57.700+0000] {dagbag.py:540} INFO - Filling up the DagBag from /opt/airflow/dags/flight_pipeline.py
[2026-05-28T01:41:57.718+0000] {processor.py:840} INFO - DAG(s) 'flight_pipeline' retrieved from /opt/airflow/dags/flight_pipeline.py
[2026-05-28T01:41:57.741+0000] {logging_mixin.py:188} INFO - [2026-05-28T01:41:57.741+0000] {dag.py:3096} INFO - Sync 1 DAGs
[2026-05-28T01:41:57.762+0000] {logging_mixin.py:188} INFO - [2026-05-28T01:41:57.762+0000] {dag.py:3954} INFO - Setting next_dagrun for flight_pipeline to 2026-05-28 01:00:00+00:00, run_after=2026-05-28 02:00:00+00:00
[2026-05-28T01:41:57.777+0000] {processor.py:183} INFO - Processing /opt/airflow/dags/flight_pipeline.py took 0.085 seconds
[2026-05-28T01:42:27.950+0000] {processor.py:161} INFO - Started process (PID=2219) to work on /opt/airflow/dags/flight_pipeline.py
[2026-05-28T01:42:27.951+0000] {processor.py:830} INFO - Processing file /opt/airflow/dags/flight_pipeline.py for tasks to queue
[2026-05-28T01:42:27.953+0000] {logging_mixin.py:188} INFO - [2026-05-28T01:42:27.952+0000] {dagbag.py:540} INFO - Filling up the DagBag from /opt/airflow/dags/flight_pipeline.py
[2026-05-28T01:42:27.972+0000] {processor.py:840} INFO - DAG(s) 'flight_pipeline' retrieved from /opt/airflow/dags/flight_pipeline.py
[2026-05-28T01:42:28.001+0000] {logging_mixin.py:188} INFO - [2026-05-28T01:42:28.001+0000] {dag.py:3096} INFO - Sync 1 DAGs
[2026-05-28T01:42:28.024+0000] {logging_mixin.py:188} INFO - [2026-05-28T01:42:28.024+0000] {dag.py:3954} INFO - Setting next_dagrun for flight_pipeline to 2026-05-28 01:00:00+00:00, run_after=2026-05-28 02:00:00+00:00
[2026-05-28T01:42:28.044+0000] {processor.py:183} INFO - Processing /opt/airflow/dags/flight_pipeline.py took 0.102 seconds
[2026-05-28T01:42:58.226+0000] {processor.py:161} INFO - Started process (PID=2224) to work on /opt/airflow/dags/flight_pipeline.py
[2026-05-28T01:42:58.227+0000] {processor.py:830} INFO - Processing file /opt/airflow/dags/flight_pipeline.py for tasks to queue
[2026-05-28T01:42:58.229+0000] {logging_mixin.py:188} INFO - [2026-05-28T01:42:58.229+0000] {dagbag.py:540} INFO - Filling up the DagBag from /opt/airflow/dags/flight_pipeline.py
[2026-05-28T01:42:58.250+0000] {processor.py:840} INFO - DAG(s) 'flight_pipeline' retrieved from /opt/airflow/dags/flight_pipeline.py
[2026-05-28T01:42:58.279+0000] {logging_mixin.py:188} INFO - [2026-05-28T01:42:58.278+0000] {dag.py:3096} INFO - Sync 1 DAGs
[2026-05-28T01:42:58.299+0000] {logging_mixin.py:188} INFO - [2026-05-28T01:42:58.299+0000] {dag.py:3954} INFO - Setting next_dagrun for flight_pipeline to 2026-05-28 01:00:00+00:00, run_after=2026-05-28 02:00:00+00:00
[2026-05-28T01:42:58.317+0000] {processor.py:183} INFO - Processing /opt/airflow/dags/flight_pipeline.py took 0.098 seconds
[2026-05-28T01:43:28.481+0000] {processor.py:161} INFO - Started process (PID=2229) to work on /opt/airflow/dags/flight_pipeline.py
[2026-05-28T01:43:28.483+0000] {processor.py:830} INFO - Processing file /opt/airflow/dags/flight_pipeline.py for tasks to queue
[2026-05-28T01:43:28.485+0000] {logging_mixin.py:188} INFO - [2026-05-28T01:43:28.484+0000] {dagbag.py:540} INFO - Filling up the DagBag from /opt/airflow/dags/flight_pipeline.py
[2026-05-28T01:43:28.507+0000] {processor.py:840} INFO - DAG(s) 'flight_pipeline' retrieved from /opt/airflow/dags/flight_pipeline.py
[2026-05-28T01:43:28.545+0000] {logging_mixin.py:188} INFO - [2026-05-28T01:43:28.545+0000] {dag.py:3096} INFO - Sync 1 DAGs
[2026-05-28T01:43:28.578+0000] {logging_mixin.py:188} INFO - [2026-05-28T01:43:28.578+0000] {dag.py:3954} INFO - Setting next_dagrun for flight_pipeline to 2026-05-28 01:00:00+00:00, run_after=2026-05-28 02:00:00+00:00
[2026-05-28T01:43:28.603+0000] {processor.py:183} INFO - Processing /opt/airflow/dags/flight_pipeline.py took 0.129 seconds
[2026-05-28T01:43:58.745+0000] {processor.py:161} INFO - Started process (PID=2234) to work on /opt/airflow/dags/flight_pipeline.py
[2026-05-28T01:43:58.747+0000] {processor.py:830} INFO - Processing file /opt/airflow/dags/flight_pipeline.py for tasks to queue
[2026-05-28T01:43:58.749+0000] {logging_mixin.py:188} INFO - [2026-05-28T01:43:58.749+0000] {dagbag.py:540} INFO - Filling up the DagBag from /opt/airflow/dags/flight_pipeline.py
[2026-05-28T01:43:58.774+0000] {processor.py:840} INFO - DAG(s) 'flight_pipeline' retrieved from /opt/airflow/dags/flight_pipeline.py
[2026-05-28T01:43:58.808+0000] {logging_mixin.py:188} INFO - [2026-05-28T01:43:58.808+0000] {dag.py:3096} INFO - Sync 1 DAGs
[2026-05-28T01:43:58.835+0000] {logging_mixin.py:188} INFO - [2026-05-28T01:43:58.835+0000] {dag.py:3954} INFO - Setting next_dagrun for flight_pipeline to 2026-05-28 01:00:00+00:00, run_after=2026-05-28 02:00:00+00:00
[2026-05-28T01:43:58.858+0000] {processor.py:183} INFO - Processing /opt/airflow/dags/flight_pipeline.py took 0.121 seconds
[2026-05-28T01:44:29.065+0000] {processor.py:161} INFO - Started process (PID=2239) to work on /opt/airflow/dags/flight_pipeline.py
[2026-05-28T01:44:29.066+0000] {processor.py:830} INFO - Processing file /opt/airflow/dags/flight_pipeline.py for tasks to queue
[2026-05-28T01:44:29.068+0000] {logging_mixin.py:188} INFO - [2026-05-28T01:44:29.068+0000] {dagbag.py:540} INFO - Filling up the DagBag from /opt/airflow/dags/flight_pipeline.py
[2026-05-28T01:44:29.086+0000] {processor.py:840} INFO - DAG(s) 'flight_pipeline' retrieved from /opt/airflow/dags/flight_pipeline.py
[2026-05-28T01:44:29.117+0000] {logging_mixin.py:188} INFO - [2026-05-28T01:44:29.117+0000] {dag.py:3096} INFO - Sync 1 DAGs
[2026-05-28T01:44:29.141+0000] {logging_mixin.py:188} INFO - [2026-05-28T01:44:29.141+0000] {dag.py:3954} INFO - Setting next_dagrun for flight_pipeline to 2026-05-28 01:00:00+00:00, run_after=2026-05-28 02:00:00+00:00
[2026-05-28T01:44:29.162+0000] {processor.py:183} INFO - Processing /opt/airflow/dags/flight_pipeline.py took 0.104 seconds
[2026-05-28T01:44:59.299+0000] {processor.py:161} INFO - Started process (PID=2244) to work on /opt/airflow/dags/flight_pipeline.py
[2026-05-28T01:44:59.300+0000] {processor.py:830} INFO - Processing file /opt/airflow/dags/flight_pipeline.py for tasks to queue
[2026-05-28T01:44:59.303+0000] {logging_mixin.py:188} INFO - [2026-05-28T01:44:59.302+0000] {dagbag.py:540} INFO - Filling up the DagBag from /opt/airflow/dags/flight_pipeline.py
[2026-05-28T01:44:59.323+0000] {processor.py:840} INFO - DAG(s) 'flight_pipeline' retrieved from /opt/airflow/dags/flight_pipeline.py
[2026-05-28T01:44:59.354+0000] {logging_mixin.py:188} INFO - [2026-05-28T01:44:59.353+0000] {dag.py:3096} INFO - Sync 1 DAGs
[2026-05-28T01:44:59.376+0000] {logging_mixin.py:188} INFO - [2026-05-28T01:44:59.376+0000] {dag.py:3954} INFO - Setting next_dagrun for flight_pipeline to 2026-05-28 01:00:00+00:00, run_after=2026-05-28 02:00:00+00:00
[2026-05-28T01:44:59.392+0000] {processor.py:183} INFO - Processing /opt/airflow/dags/flight_pipeline.py took 0.102 seconds
[2026-05-28T01:45:29.638+0000] {processor.py:161} INFO - Started process (PID=2249) to work on /opt/airflow/dags/flight_pipeline.py
[2026-05-28T01:45:29.639+0000] {processor.py:830} INFO - Processing file /opt/airflow/dags/flight_pipeline.py for tasks to queue
[2026-05-28T01:45:29.641+0000] {logging_mixin.py:188} INFO - [2026-05-28T01:45:29.640+0000] {dagbag.py:540} INFO - Filling up the DagBag from /opt/airflow/dags/flight_pipeline.py
[2026-05-28T01:45:29.660+0000] {processor.py:840} INFO - DAG(s) 'flight_pipeline' retrieved from /opt/airflow/dags/flight_pipeline.py
[2026-05-28T01:45:29.689+0000] {logging_mixin.py:188} INFO - [2026-05-28T01:45:29.689+0000] {dag.py:3096} INFO - Sync 1 DAGs
[2026-05-28T01:45:29.711+0000] {logging_mixin.py:188} INFO - [2026-05-28T01:45:29.711+0000] {dag.py:3954} INFO - Setting next_dagrun for flight_pipeline to 2026-05-28 01:00:00+00:00, run_after=2026-05-28 02:00:00+00:00
[2026-05-28T01:45:29.727+0000] {processor.py:183} INFO - Processing /opt/airflow/dags/flight_pipeline.py took 0.096 seconds
[2026-05-28T01:45:59.920+0000] {processor.py:161} INFO - Started process (PID=2254) to work on /opt/airflow/dags/flight_pipeline.py
[2026-05-28T01:45:59.921+0000] {processor.py:830} INFO - Processing file /opt/airflow/dags/flight_pipeline.py for tasks to queue
[2026-05-28T01:45:59.923+0000] {logging_mixin.py:188} INFO - [2026-05-28T01:45:59.922+0000] {dagbag.py:540} INFO - Filling up the DagBag from /opt/airflow/dags/flight_pipeline.py
[2026-05-28T01:45:59.940+0000] {processor.py:840} INFO - DAG(s) 'flight_pipeline' retrieved from /opt/airflow/dags/flight_pipeline.py
[2026-05-28T01:45:59.965+0000] {logging_mixin.py:188} INFO - [2026-05-28T01:45:59.965+0000] {dag.py:3096} INFO - Sync 1 DAGs
[2026-05-28T01:45:59.985+0000] {logging_mixin.py:188} INFO - [2026-05-28T01:45:59.985+0000] {dag.py:3954} INFO - Setting next_dagrun for flight_pipeline to 2026-05-28 01:00:00+00:00, run_after=2026-05-28 02:00:00+00:00
[2026-05-28T01:46:00.003+0000] {processor.py:183} INFO - Processing /opt/airflow/dags/flight_pipeline.py took 0.088 seconds
[2026-05-28T01:46:30.223+0000] {processor.py:161} INFO - Started process (PID=2259) to work on /opt/airflow/dags/flight_pipeline.py
[2026-05-28T01:46:30.224+0000] {processor.py:830} INFO - Processing file /opt/airflow/dags/flight_pipeline.py for tasks to queue
[2026-05-28T01:46:30.226+0000] {logging_mixin.py:188} INFO - [2026-05-28T01:46:30.226+0000] {dagbag.py:540} INFO - Filling up the DagBag from /opt/airflow/dags/flight_pipeline.py
[2026-05-28T01:46:30.244+0000] {processor.py:840} INFO - DAG(s) 'flight_pipeline' retrieved from /opt/airflow/dags/flight_pipeline.py
[2026-05-28T01:46:30.270+0000] {logging_mixin.py:188} INFO - [2026-05-28T01:46:30.270+0000] {dag.py:3096} INFO - Sync 1 DAGs
[2026-05-28T01:46:30.293+0000] {logging_mixin.py:188} INFO - [2026-05-28T01:46:30.292+0000] {dag.py:3954} INFO - Setting next_dagrun for flight_pipeline to 2026-05-28 01:00:00+00:00, run_after=2026-05-28 02:00:00+00:00
[2026-05-28T01:46:30.313+0000] {processor.py:183} INFO - Processing /opt/airflow/dags/flight_pipeline.py took 0.095 seconds
[2026-05-28T01:47:00.511+0000] {processor.py:161} INFO - Started process (PID=2264) to work on /opt/airflow/dags/flight_pipeline.py
[2026-05-28T01:47:00.512+0000] {processor.py:830} INFO - Processing file /opt/airflow/dags/flight_pipeline.py for tasks to queue
[2026-05-28T01:47:00.515+0000] {logging_mixin.py:188} INFO - [2026-05-28T01:47:00.514+0000] {dagbag.py:540} INFO - Filling up the DagBag from /opt/airflow/dags/flight_pipeline.py
[2026-05-28T01:47:00.537+0000] {processor.py:840} INFO - DAG(s) 'flight_pipeline' retrieved from /opt/airflow/dags/flight_pipeline.py
[2026-05-28T01:47:00.570+0000] {logging_mixin.py:188} INFO - [2026-05-28T01:47:00.569+0000] {dag.py:3096} INFO - Sync 1 DAGs
[2026-05-28T01:47:00.594+0000] {logging_mixin.py:188} INFO - [2026-05-28T01:47:00.594+0000] {dag.py:3954} INFO - Setting next_dagrun for flight_pipeline to 2026-05-28 01:00:00+00:00, run_after=2026-05-28 02:00:00+00:00
[2026-05-28T01:47:00.613+0000] {processor.py:183} INFO - Processing /opt/airflow/dags/flight_pipeline.py took 0.111 seconds
[2026-05-28T01:47:30.772+0000] {processor.py:161} INFO - Started process (PID=2269) to work on /opt/airflow/dags/flight_pipeline.py
[2026-05-28T01:47:30.774+0000] {processor.py:830} INFO - Processing file /opt/airflow/dags/flight_pipeline.py for tasks to queue
[2026-05-28T01:47:30.776+0000] {logging_mixin.py:188} INFO - [2026-05-28T01:47:30.776+0000] {dagbag.py:540} INFO - Filling up the DagBag from /opt/airflow/dags/flight_pipeline.py
[2026-05-28T01:47:30.798+0000] {processor.py:840} INFO - DAG(s) 'flight_pipeline' retrieved from /opt/airflow/dags/flight_pipeline.py
[2026-05-28T01:47:30.832+0000] {logging_mixin.py:188} INFO - [2026-05-28T01:47:30.832+0000] {dag.py:3096} INFO - Sync 1 DAGs
[2026-05-28T01:47:30.861+0000] {logging_mixin.py:188} INFO - [2026-05-28T01:47:30.861+0000] {dag.py:3954} INFO - Setting next_dagrun for flight_pipeline to 2026-05-28 01:00:00+00:00, run_after=2026-05-28 02:00:00+00:00
[2026-05-28T01:47:30.885+0000] {processor.py:183} INFO - Processing /opt/airflow/dags/flight_pipeline.py took 0.121 seconds
[2026-05-28T01:48:01.013+0000] {processor.py:161} INFO - Started process (PID=2274) to work on /opt/airflow/dags/flight_pipeline.py
[2026-05-28T01:48:01.014+0000] {processor.py:830} INFO - Processing file /opt/airflow/dags/flight_pipeline.py for tasks to queue
[2026-05-28T01:48:01.016+0000] {logging_mixin.py:188} INFO - [2026-05-28T01:48:01.016+0000] {dagbag.py:540} INFO - Filling up the DagBag from /opt/airflow/dags/flight_pipeline.py
[2026-05-28T01:48:01.034+0000] {processor.py:840} INFO - DAG(s) 'flight_pipeline' retrieved from /opt/airflow/dags/flight_pipeline.py
[2026-05-28T01:48:01.059+0000] {logging_mixin.py:188} INFO - [2026-05-28T01:48:01.058+0000] {dag.py:3096} INFO - Sync 1 DAGs
[2026-05-28T01:48:01.085+0000] {logging_mixin.py:188} INFO - [2026-05-28T01:48:01.084+0000] {dag.py:3954} INFO - Setting next_dagrun for flight_pipeline to 2026-05-28 01:00:00+00:00, run_after=2026-05-28 02:00:00+00:00
[2026-05-28T01:48:01.101+0000] {processor.py:183} INFO - Processing /opt/airflow/dags/flight_pipeline.py took 0.093 seconds
[2026-05-28T01:48:31.364+0000] {processor.py:161} INFO - Started process (PID=2279) to work on /opt/airflow/dags/flight_pipeline.py
[2026-05-28T01:48:31.365+0000] {processor.py:830} INFO - Processing file /opt/airflow/dags/flight_pipeline.py for tasks to queue
[2026-05-28T01:48:31.367+0000] {logging_mixin.py:188} INFO - [2026-05-28T01:48:31.367+0000] {dagbag.py:540} INFO - Filling up the DagBag from /opt/airflow/dags/flight_pipeline.py
[2026-05-28T01:48:31.385+0000] {processor.py:840} INFO - DAG(s) 'flight_pipeline' retrieved from /opt/airflow/dags/flight_pipeline.py
[2026-05-28T01:48:31.413+0000] {logging_mixin.py:188} INFO - [2026-05-28T01:48:31.413+0000] {dag.py:3096} INFO - Sync 1 DAGs
[2026-05-28T01:48:31.434+0000] {logging_mixin.py:188} INFO - [2026-05-28T01:48:31.434+0000] {dag.py:3954} INFO - Setting next_dagrun for flight_pipeline to 2026-05-28 01:00:00+00:00, run_after=2026-05-28 02:00:00+00:00
[2026-05-28T01:48:31.455+0000] {processor.py:183} INFO - Processing /opt/airflow/dags/flight_pipeline.py took 0.096 seconds
[2026-05-28T01:49:01.577+0000] {processor.py:161} INFO - Started process (PID=2284) to work on /opt/airflow/dags/flight_pipeline.py
[2026-05-28T01:49:01.579+0000] {processor.py:830} INFO - Processing file /opt/airflow/dags/flight_pipeline.py for tasks to queue
[2026-05-28T01:49:01.581+0000] {logging_mixin.py:188} INFO - [2026-05-28T01:49:01.580+0000] {dagbag.py:540} INFO - Filling up the DagBag from /opt/airflow/dags/flight_pipeline.py
[2026-05-28T01:49:01.601+0000] {processor.py:840} INFO - DAG(s) 'flight_pipeline' retrieved from /opt/airflow/dags/flight_pipeline.py
[2026-05-28T01:49:01.630+0000] {logging_mixin.py:188} INFO - [2026-05-28T01:49:01.629+0000] {dag.py:3096} INFO - Sync 1 DAGs
[2026-05-28T01:49:01.652+0000] {logging_mixin.py:188} INFO - [2026-05-28T01:49:01.651+0000] {dag.py:3954} INFO - Setting next_dagrun for flight_pipeline to 2026-05-28 01:00:00+00:00, run_after=2026-05-28 02:00:00+00:00
[2026-05-28T01:49:01.669+0000] {processor.py:183} INFO - Processing /opt/airflow/dags/flight_pipeline.py took 0.099 seconds
[2026-05-28T01:49:31.857+0000] {processor.py:161} INFO - Started process (PID=2289) to work on /opt/airflow/dags/flight_pipeline.py
[2026-05-28T01:49:31.858+0000] {processor.py:830} INFO - Processing file /opt/airflow/dags/flight_pipeline.py for tasks to queue
[2026-05-28T01:49:31.860+0000] {logging_mixin.py:188} INFO - [2026-05-28T01:49:31.860+0000] {dagbag.py:540} INFO - Filling up the DagBag from /opt/airflow/dags/flight_pipeline.py
[2026-05-28T01:49:31.879+0000] {processor.py:840} INFO - DAG(s) 'flight_pipeline' retrieved from /opt/airflow/dags/flight_pipeline.py
[2026-05-28T01:49:31.907+0000] {logging_mixin.py:188} INFO - [2026-05-28T01:49:31.907+0000] {dag.py:3096} INFO - Sync 1 DAGs
[2026-05-28T01:49:31.928+0000] {logging_mixin.py:188} INFO - [2026-05-28T01:49:31.928+0000] {dag.py:3954} INFO - Setting next_dagrun for flight_pipeline to 2026-05-28 01:00:00+00:00, run_after=2026-05-28 02:00:00+00:00
[2026-05-28T01:49:31.946+0000] {processor.py:183} INFO - Processing /opt/airflow/dags/flight_pipeline.py took 0.095 seconds
[2026-05-28T01:50:02.070+0000] {processor.py:161} INFO - Started process (PID=2294) to work on /opt/airflow/dags/flight_pipeline.py
[2026-05-28T01:50:02.071+0000] {processor.py:830} INFO - Processing file /opt/airflow/dags/flight_pipeline.py for tasks to queue
[2026-05-28T01:50:02.073+0000] {logging_mixin.py:188} INFO - [2026-05-28T01:50:02.073+0000] {dagbag.py:540} INFO - Filling up the DagBag from /opt/airflow/dags/flight_pipeline.py
[2026-05-28T01:50:02.090+0000] {processor.py:840} INFO - DAG(s) 'flight_pipeline' retrieved from /opt/airflow/dags/flight_pipeline.py
[2026-05-28T01:50:02.114+0000] {logging_mixin.py:188} INFO - [2026-05-28T01:50:02.114+0000] {dag.py:3096} INFO - Sync 1 DAGs
[2026-05-28T01:50:02.133+0000] {logging_mixin.py:188} INFO - [2026-05-28T01:50:02.133+0000] {dag.py:3954} INFO - Setting next_dagrun for flight_pipeline to 2026-05-28 01:00:00+00:00, run_after=2026-05-28 02:00:00+00:00
[2026-05-28T01:50:02.149+0000] {processor.py:183} INFO - Processing /opt/airflow/dags/flight_pipeline.py took 0.085 seconds
[2026-05-28T01:50:32.422+0000] {processor.py:161} INFO - Started process (PID=2299) to work on /opt/airflow/dags/flight_pipeline.py
[2026-05-28T01:50:32.423+0000] {processor.py:830} INFO - Processing file /opt/airflow/dags/flight_pipeline.py for tasks to queue
[2026-05-28T01:50:32.425+0000] {logging_mixin.py:188} INFO - [2026-05-28T01:50:32.425+0000] {dagbag.py:540} INFO - Filling up the DagBag from /opt/airflow/dags/flight_pipeline.py
[2026-05-28T01:50:32.445+0000] {processor.py:840} INFO - DAG(s) 'flight_pipeline' retrieved from /opt/airflow/dags/flight_pipeline.py
[2026-05-28T01:50:32.476+0000] {logging_mixin.py:188} INFO - [2026-05-28T01:50:32.476+0000] {dag.py:3096} INFO - Sync 1 DAGs
[2026-05-28T01:50:32.498+0000] {logging_mixin.py:188} INFO - [2026-05-28T01:50:32.498+0000] {dag.py:3954} INFO - Setting next_dagrun for flight_pipeline to 2026-05-28 01:00:00+00:00, run_after=2026-05-28 02:00:00+00:00
[2026-05-28T01:50:32.523+0000] {processor.py:183} INFO - Processing /opt/airflow/dags/flight_pipeline.py took 0.109 seconds
[2026-05-28T01:51:02.697+0000] {processor.py:161} INFO - Started process (PID=2304) to work on /opt/airflow/dags/flight_pipeline.py
[2026-05-28T01:51:02.698+0000] {processor.py:830} INFO - Processing file /opt/airflow/dags/flight_pipeline.py for tasks to queue
[2026-05-28T01:51:02.700+0000] {logging_mixin.py:188} INFO - [2026-05-28T01:51:02.700+0000] {dagbag.py:540} INFO - Filling up the DagBag from /opt/airflow/dags/flight_pipeline.py
[2026-05-28T01:51:02.719+0000] {processor.py:840} INFO - DAG(s) 'flight_pipeline' retrieved from /opt/airflow/dags/flight_pipeline.py
[2026-05-28T01:51:02.749+0000] {logging_mixin.py:188} INFO - [2026-05-28T01:51:02.748+0000] {dag.py:3096} INFO - Sync 1 DAGs
[2026-05-28T01:51:02.771+0000] {logging_mixin.py:188} INFO - [2026-05-28T01:51:02.771+0000] {dag.py:3954} INFO - Setting next_dagrun for flight_pipeline to 2026-05-28 01:00:00+00:00, run_after=2026-05-28 02:00:00+00:00
[2026-05-28T01:51:02.787+0000] {processor.py:183} INFO - Processing /opt/airflow/dags/flight_pipeline.py took 0.098 seconds
[2026-05-28T01:51:32.960+0000] {processor.py:161} INFO - Started process (PID=2309) to work on /opt/airflow/dags/flight_pipeline.py
[2026-05-28T01:51:32.961+0000] {processor.py:830} INFO - Processing file /opt/airflow/dags/flight_pipeline.py for tasks to queue
[2026-05-28T01:51:32.963+0000] {logging_mixin.py:188} INFO - [2026-05-28T01:51:32.962+0000] {dagbag.py:540} INFO - Filling up the DagBag from /opt/airflow/dags/flight_pipeline.py
[2026-05-28T01:51:32.981+0000] {processor.py:840} INFO - DAG(s) 'flight_pipeline' retrieved from /opt/airflow/dags/flight_pipeline.py
[2026-05-28T01:51:33.007+0000] {logging_mixin.py:188} INFO - [2026-05-28T01:51:33.006+0000] {dag.py:3096} INFO - Sync 1 DAGs
[2026-05-28T01:51:33.025+0000] {logging_mixin.py:188} INFO - [2026-05-28T01:51:33.025+0000] {dag.py:3954} INFO - Setting next_dagrun for flight_pipeline to 2026-05-28 01:00:00+00:00, run_after=2026-05-28 02:00:00+00:00
[2026-05-28T01:51:33.041+0000] {processor.py:183} INFO - Processing /opt/airflow/dags/flight_pipeline.py took 0.087 seconds
[2026-05-28T01:52:03.176+0000] {processor.py:161} INFO - Started process (PID=2314) to work on /opt/airflow/dags/flight_pipeline.py
[2026-05-28T01:52:03.177+0000] {processor.py:830} INFO - Processing file /opt/airflow/dags/flight_pipeline.py for tasks to queue
[2026-05-28T01:52:03.178+0000] {logging_mixin.py:188} INFO - [2026-05-28T01:52:03.178+0000] {dagbag.py:540} INFO - Filling up the DagBag from /opt/airflow/dags/flight_pipeline.py
[2026-05-28T01:52:03.195+0000] {processor.py:840} INFO - DAG(s) 'flight_pipeline' retrieved from /opt/airflow/dags/flight_pipeline.py
[2026-05-28T01:52:03.221+0000] {logging_mixin.py:188} INFO - [2026-05-28T01:52:03.221+0000] {dag.py:3096} INFO - Sync 1 DAGs
[2026-05-28T01:52:03.241+0000] {logging_mixin.py:188} INFO - [2026-05-28T01:52:03.241+0000] {dag.py:3954} INFO - Setting next_dagrun for flight_pipeline to 2026-05-28 01:00:00+00:00, run_after=2026-05-28 02:00:00+00:00
[2026-05-28T01:52:03.263+0000] {processor.py:183} INFO - Processing /opt/airflow/dags/flight_pipeline.py took 0.093 seconds
[2026-05-28T01:52:33.468+0000] {processor.py:161} INFO - Started process (PID=2319) to work on /opt/airflow/dags/flight_pipeline.py
[2026-05-28T01:52:33.469+0000] {processor.py:830} INFO - Processing file /opt/airflow/dags/flight_pipeline.py for tasks to queue
[2026-05-28T01:52:33.471+0000] {logging_mixin.py:188} INFO - [2026-05-28T01:52:33.471+0000] {dagbag.py:540} INFO - Filling up the DagBag from /opt/airflow/dags/flight_pipeline.py
[2026-05-28T01:52:33.491+0000] {processor.py:840} INFO - DAG(s) 'flight_pipeline' retrieved from /opt/airflow/dags/flight_pipeline.py
[2026-05-28T01:52:33.519+0000] {logging_mixin.py:188} INFO - [2026-05-28T01:52:33.518+0000] {dag.py:3096} INFO - Sync 1 DAGs
[2026-05-28T01:52:33.540+0000] {logging_mixin.py:188} INFO - [2026-05-28T01:52:33.540+0000] {dag.py:3954} INFO - Setting next_dagrun for flight_pipeline to 2026-05-28 01:00:00+00:00, run_after=2026-05-28 02:00:00+00:00
[2026-05-28T01:52:33.560+0000] {processor.py:183} INFO - Processing /opt/airflow/dags/flight_pipeline.py took 0.097 seconds
[2026-05-28T01:53:03.724+0000] {processor.py:161} INFO - Started process (PID=2324) to work on /opt/airflow/dags/flight_pipeline.py
[2026-05-28T01:53:03.726+0000] {processor.py:830} INFO - Processing file /opt/airflow/dags/flight_pipeline.py for tasks to queue
[2026-05-28T01:53:03.728+0000] {logging_mixin.py:188} INFO - [2026-05-28T01:53:03.727+0000] {dagbag.py:540} INFO - Filling up the DagBag from /opt/airflow/dags/flight_pipeline.py
[2026-05-28T01:53:03.747+0000] {processor.py:840} INFO - DAG(s) 'flight_pipeline' retrieved from /opt/airflow/dags/flight_pipeline.py
[2026-05-28T01:53:03.778+0000] {logging_mixin.py:188} INFO - [2026-05-28T01:53:03.778+0000] {dag.py:3096} INFO - Sync 1 DAGs
[2026-05-28T01:53:03.800+0000] {logging_mixin.py:188} INFO - [2026-05-28T01:53:03.800+0000] {dag.py:3954} INFO - Setting next_dagrun for flight_pipeline to 2026-05-28 01:00:00+00:00, run_after=2026-05-28 02:00:00+00:00
[2026-05-28T01:53:03.818+0000] {processor.py:183} INFO - Processing /opt/airflow/dags/flight_pipeline.py took 0.101 seconds
[2026-05-28T01:53:34.053+0000] {processor.py:161} INFO - Started process (PID=2329) to work on /opt/airflow/dags/flight_pipeline.py
[2026-05-28T01:53:34.054+0000] {processor.py:830} INFO - Processing file /opt/airflow/dags/flight_pipeline.py for tasks to queue
[2026-05-28T01:53:34.056+0000] {logging_mixin.py:188} INFO - [2026-05-28T01:53:34.056+0000] {dagbag.py:540} INFO - Filling up the DagBag from /opt/airflow/dags/flight_pipeline.py
[2026-05-28T01:53:34.075+0000] {processor.py:840} INFO - DAG(s) 'flight_pipeline' retrieved from /opt/airflow/dags/flight_pipeline.py
[2026-05-28T01:53:34.102+0000] {logging_mixin.py:188} INFO - [2026-05-28T01:53:34.102+0000] {dag.py:3096} INFO - Sync 1 DAGs
[2026-05-28T01:53:34.124+0000] {logging_mixin.py:188} INFO - [2026-05-28T01:53:34.124+0000] {dag.py:3954} INFO - Setting next_dagrun for flight_pipeline to 2026-05-28 01:00:00+00:00, run_after=2026-05-28 02:00:00+00:00
[2026-05-28T01:53:34.143+0000] {processor.py:183} INFO - Processing /opt/airflow/dags/flight_pipeline.py took 0.097 seconds
[2026-05-28T01:54:04.244+0000] {processor.py:161} INFO - Started process (PID=2334) to work on /opt/airflow/dags/flight_pipeline.py
[2026-05-28T01:54:04.245+0000] {processor.py:830} INFO - Processing file /opt/airflow/dags/flight_pipeline.py for tasks to queue
[2026-05-28T01:54:04.247+0000] {logging_mixin.py:188} INFO - [2026-05-28T01:54:04.247+0000] {dagbag.py:540} INFO - Filling up the DagBag from /opt/airflow/dags/flight_pipeline.py
[2026-05-28T01:54:04.266+0000] {processor.py:840} INFO - DAG(s) 'flight_pipeline' retrieved from /opt/airflow/dags/flight_pipeline.py
[2026-05-28T01:54:04.294+0000] {logging_mixin.py:188} INFO - [2026-05-28T01:54:04.294+0000] {dag.py:3096} INFO - Sync 1 DAGs
[2026-05-28T01:54:04.316+0000] {logging_mixin.py:188} INFO - [2026-05-28T01:54:04.316+0000] {dag.py:3954} INFO - Setting next_dagrun for flight_pipeline to 2026-05-28 01:00:00+00:00, run_after=2026-05-28 02:00:00+00:00
[2026-05-28T01:54:04.332+0000] {processor.py:183} INFO - Processing /opt/airflow/dags/flight_pipeline.py took 0.095 seconds
[2026-05-28T01:54:34.569+0000] {processor.py:161} INFO - Started process (PID=2339) to work on /opt/airflow/dags/flight_pipeline.py
[2026-05-28T01:54:34.570+0000] {processor.py:830} INFO - Processing file /opt/airflow/dags/flight_pipeline.py for tasks to queue
[2026-05-28T01:54:34.573+0000] {logging_mixin.py:188} INFO - [2026-05-28T01:54:34.572+0000] {dagbag.py:540} INFO - Filling up the DagBag from /opt/airflow/dags/flight_pipeline.py
[2026-05-28T01:54:34.594+0000] {processor.py:840} INFO - DAG(s) 'flight_pipeline' retrieved from /opt/airflow/dags/flight_pipeline.py
[2026-05-28T01:54:34.624+0000] {logging_mixin.py:188} INFO - [2026-05-28T01:54:34.623+0000] {dag.py:3096} INFO - Sync 1 DAGs
[2026-05-28T01:54:34.648+0000] {logging_mixin.py:188} INFO - [2026-05-28T01:54:34.648+0000] {dag.py:3954} INFO - Setting next_dagrun for flight_pipeline to 2026-05-28 01:00:00+00:00, run_after=2026-05-28 02:00:00+00:00
[2026-05-28T01:54:34.668+0000] {processor.py:183} INFO - Processing /opt/airflow/dags/flight_pipeline.py took 0.107 seconds
[2026-05-28T01:55:04.834+0000] {processor.py:161} INFO - Started process (PID=2344) to work on /opt/airflow/dags/flight_pipeline.py
[2026-05-28T01:55:04.835+0000] {processor.py:830} INFO - Processing file /opt/airflow/dags/flight_pipeline.py for tasks to queue
[2026-05-28T01:55:04.837+0000] {logging_mixin.py:188} INFO - [2026-05-28T01:55:04.837+0000] {dagbag.py:540} INFO - Filling up the DagBag from /opt/airflow/dags/flight_pipeline.py
[2026-05-28T01:55:04.857+0000] {processor.py:840} INFO - DAG(s) 'flight_pipeline' retrieved from /opt/airflow/dags/flight_pipeline.py
[2026-05-28T01:55:04.886+0000] {logging_mixin.py:188} INFO - [2026-05-28T01:55:04.885+0000] {dag.py:3096} INFO - Sync 1 DAGs
[2026-05-28T01:55:04.908+0000] {logging_mixin.py:188} INFO - [2026-05-28T01:55:04.907+0000] {dag.py:3954} INFO - Setting next_dagrun for flight_pipeline to 2026-05-28 01:00:00+00:00, run_after=2026-05-28 02:00:00+00:00
[2026-05-28T01:55:04.923+0000] {processor.py:183} INFO - Processing /opt/airflow/dags/flight_pipeline.py took 0.096 seconds
[2026-05-28T01:55:35.177+0000] {processor.py:161} INFO - Started process (PID=2349) to work on /opt/airflow/dags/flight_pipeline.py
[2026-05-28T01:55:35.178+0000] {processor.py:830} INFO - Processing file /opt/airflow/dags/flight_pipeline.py for tasks to queue
[2026-05-28T01:55:35.180+0000] {logging_mixin.py:188} INFO - [2026-05-28T01:55:35.180+0000] {dagbag.py:540} INFO - Filling up the DagBag from /opt/airflow/dags/flight_pipeline.py
[2026-05-28T01:55:35.200+0000] {processor.py:840} INFO - DAG(s) 'flight_pipeline' retrieved from /opt/airflow/dags/flight_pipeline.py
[2026-05-28T01:55:35.228+0000] {logging_mixin.py:188} INFO - [2026-05-28T01:55:35.228+0000] {dag.py:3096} INFO - Sync 1 DAGs
[2026-05-28T01:55:35.249+0000] {logging_mixin.py:188} INFO - [2026-05-28T01:55:35.249+0000] {dag.py:3954} INFO - Setting next_dagrun for flight_pipeline to 2026-05-28 01:00:00+00:00, run_after=2026-05-28 02:00:00+00:00
[2026-05-28T01:55:35.267+0000] {processor.py:183} INFO - Processing /opt/airflow/dags/flight_pipeline.py took 0.096 seconds
[2026-05-28T01:56:05.418+0000] {processor.py:161} INFO - Started process (PID=2354) to work on /opt/airflow/dags/flight_pipeline.py
[2026-05-28T01:56:05.419+0000] {processor.py:830} INFO - Processing file /opt/airflow/dags/flight_pipeline.py for tasks to queue
[2026-05-28T01:56:05.421+0000] {logging_mixin.py:188} INFO - [2026-05-28T01:56:05.420+0000] {dagbag.py:540} INFO - Filling up the DagBag from /opt/airflow/dags/flight_pipeline.py
[2026-05-28T01:56:05.438+0000] {processor.py:840} INFO - DAG(s) 'flight_pipeline' retrieved from /opt/airflow/dags/flight_pipeline.py
[2026-05-28T01:56:05.464+0000] {logging_mixin.py:188} INFO - [2026-05-28T01:56:05.463+0000] {dag.py:3096} INFO - Sync 1 DAGs
[2026-05-28T01:56:05.482+0000] {logging_mixin.py:188} INFO - [2026-05-28T01:56:05.482+0000] {dag.py:3954} INFO - Setting next_dagrun for flight_pipeline to 2026-05-28 01:00:00+00:00, run_after=2026-05-28 02:00:00+00:00
[2026-05-28T01:56:05.498+0000] {processor.py:183} INFO - Processing /opt/airflow/dags/flight_pipeline.py took 0.086 seconds
[2026-05-28T01:56:35.686+0000] {processor.py:161} INFO - Started process (PID=2359) to work on /opt/airflow/dags/flight_pipeline.py
[2026-05-28T01:56:35.687+0000] {processor.py:830} INFO - Processing file /opt/airflow/dags/flight_pipeline.py for tasks to queue
[2026-05-28T01:56:35.689+0000] {logging_mixin.py:188} INFO - [2026-05-28T01:56:35.689+0000] {dagbag.py:540} INFO - Filling up the DagBag from /opt/airflow/dags/flight_pipeline.py
[2026-05-28T01:56:35.707+0000] {processor.py:840} INFO - DAG(s) 'flight_pipeline' retrieved from /opt/airflow/dags/flight_pipeline.py
[2026-05-28T01:56:35.733+0000] {logging_mixin.py:188} INFO - [2026-05-28T01:56:35.733+0000] {dag.py:3096} INFO - Sync 1 DAGs
[2026-05-28T01:56:35.755+0000] {logging_mixin.py:188} INFO - [2026-05-28T01:56:35.754+0000] {dag.py:3954} INFO - Setting next_dagrun for flight_pipeline to 2026-05-28 01:00:00+00:00, run_after=2026-05-28 02:00:00+00:00
[2026-05-28T01:56:35.774+0000] {processor.py:183} INFO - Processing /opt/airflow/dags/flight_pipeline.py took 0.094 seconds
[2026-05-28T01:57:05.951+0000] {processor.py:161} INFO - Started process (PID=2364) to work on /opt/airflow/dags/flight_pipeline.py
[2026-05-28T01:57:05.952+0000] {processor.py:830} INFO - Processing file /opt/airflow/dags/flight_pipeline.py for tasks to queue
[2026-05-28T01:57:05.954+0000] {logging_mixin.py:188} INFO - [2026-05-28T01:57:05.954+0000] {dagbag.py:540} INFO - Filling up the DagBag from /opt/airflow/dags/flight_pipeline.py
[2026-05-28T01:57:05.974+0000] {processor.py:840} INFO - DAG(s) 'flight_pipeline' retrieved from /opt/airflow/dags/flight_pipeline.py
[2026-05-28T01:57:06.005+0000] {logging_mixin.py:188} INFO - [2026-05-28T01:57:06.005+0000] {dag.py:3096} INFO - Sync 1 DAGs
[2026-05-28T01:57:06.028+0000] {logging_mixin.py:188} INFO - [2026-05-28T01:57:06.027+0000] {dag.py:3954} INFO - Setting next_dagrun for flight_pipeline to 2026-05-28 01:00:00+00:00, run_after=2026-05-28 02:00:00+00:00
[2026-05-28T01:57:06.043+0000] {processor.py:183} INFO - Processing /opt/airflow/dags/flight_pipeline.py took 0.100 seconds
[2026-05-28T01:57:36.243+0000] {processor.py:161} INFO - Started process (PID=2369) to work on /opt/airflow/dags/flight_pipeline.py
[2026-05-28T01:57:36.244+0000] {processor.py:830} INFO - Processing file /opt/airflow/dags/flight_pipeline.py for tasks to queue
[2026-05-28T01:57:36.246+0000] {logging_mixin.py:188} INFO - [2026-05-28T01:57:36.245+0000] {dagbag.py:540} INFO - Filling up the DagBag from /opt/airflow/dags/flight_pipeline.py
[2026-05-28T01:57:36.264+0000] {processor.py:840} INFO - DAG(s) 'flight_pipeline' retrieved from /opt/airflow/dags/flight_pipeline.py
[2026-05-28T01:57:36.288+0000] {logging_mixin.py:188} INFO - [2026-05-28T01:57:36.288+0000] {dag.py:3096} INFO - Sync 1 DAGs
[2026-05-28T01:57:36.308+0000] {logging_mixin.py:188} INFO - [2026-05-28T01:57:36.307+0000] {dag.py:3954} INFO - Setting next_dagrun for flight_pipeline to 2026-05-28 01:00:00+00:00, run_after=2026-05-28 02:00:00+00:00
[2026-05-28T01:57:36.330+0000] {processor.py:183} INFO - Processing /opt/airflow/dags/flight_pipeline.py took 0.092 seconds
[2026-05-28T01:58:06.477+0000] {processor.py:161} INFO - Started process (PID=2374) to work on /opt/airflow/dags/flight_pipeline.py
[2026-05-28T01:58:06.478+0000] {processor.py:830} INFO - Processing file /opt/airflow/dags/flight_pipeline.py for tasks to queue
[2026-05-28T01:58:06.480+0000] {logging_mixin.py:188} INFO - [2026-05-28T01:58:06.480+0000] {dagbag.py:540} INFO - Filling up the DagBag from /opt/airflow/dags/flight_pipeline.py
[2026-05-28T01:58:06.501+0000] {processor.py:840} INFO - DAG(s) 'flight_pipeline' retrieved from /opt/airflow/dags/flight_pipeline.py
[2026-05-28T01:58:06.528+0000] {logging_mixin.py:188} INFO - [2026-05-28T01:58:06.527+0000] {dag.py:3096} INFO - Sync 1 DAGs
[2026-05-28T01:58:06.548+0000] {logging_mixin.py:188} INFO - [2026-05-28T01:58:06.548+0000] {dag.py:3954} INFO - Setting next_dagrun for flight_pipeline to 2026-05-28 01:00:00+00:00, run_after=2026-05-28 02:00:00+00:00
[2026-05-28T01:58:06.567+0000] {processor.py:183} INFO - Processing /opt/airflow/dags/flight_pipeline.py took 0.102 seconds
[2026-05-28T01:58:36.776+0000] {processor.py:161} INFO - Started process (PID=2379) to work on /opt/airflow/dags/flight_pipeline.py
[2026-05-28T01:58:36.777+0000] {processor.py:830} INFO - Processing file /opt/airflow/dags/flight_pipeline.py for tasks to queue
[2026-05-28T01:58:36.780+0000] {logging_mixin.py:188} INFO - [2026-05-28T01:58:36.779+0000] {dagbag.py:540} INFO - Filling up the DagBag from /opt/airflow/dags/flight_pipeline.py
[2026-05-28T01:58:36.802+0000] {processor.py:840} INFO - DAG(s) 'flight_pipeline' retrieved from /opt/airflow/dags/flight_pipeline.py
[2026-05-28T01:58:36.832+0000] {logging_mixin.py:188} INFO - [2026-05-28T01:58:36.832+0000] {dag.py:3096} INFO - Sync 1 DAGs
[2026-05-28T01:58:36.854+0000] {logging_mixin.py:188} INFO - [2026-05-28T01:58:36.854+0000] {dag.py:3954} INFO - Setting next_dagrun for flight_pipeline to 2026-05-28 01:00:00+00:00, run_after=2026-05-28 02:00:00+00:00
[2026-05-28T01:58:36.880+0000] {processor.py:183} INFO - Processing /opt/airflow/dags/flight_pipeline.py took 0.112 seconds
[2026-05-28T01:59:07.043+0000] {processor.py:161} INFO - Started process (PID=2384) to work on /opt/airflow/dags/flight_pipeline.py
[2026-05-28T01:59:07.044+0000] {processor.py:830} INFO - Processing file /opt/airflow/dags/flight_pipeline.py for tasks to queue
[2026-05-28T01:59:07.047+0000] {logging_mixin.py:188} INFO - [2026-05-28T01:59:07.046+0000] {dagbag.py:540} INFO - Filling up the DagBag from /opt/airflow/dags/flight_pipeline.py
[2026-05-28T01:59:07.065+0000] {processor.py:840} INFO - DAG(s) 'flight_pipeline' retrieved from /opt/airflow/dags/flight_pipeline.py
[2026-05-28T01:59:07.096+0000] {logging_mixin.py:188} INFO - [2026-05-28T01:59:07.096+0000] {dag.py:3096} INFO - Sync 1 DAGs
[2026-05-28T01:59:07.117+0000] {logging_mixin.py:188} INFO - [2026-05-28T01:59:07.117+0000] {dag.py:3954} INFO - Setting next_dagrun for flight_pipeline to 2026-05-28 01:00:00+00:00, run_after=2026-05-28 02:00:00+00:00
[2026-05-28T01:59:07.135+0000] {processor.py:183} INFO - Processing /opt/airflow/dags/flight_pipeline.py took 0.099 seconds
[2026-05-28T01:59:37.357+0000] {processor.py:161} INFO - Started process (PID=2389) to work on /opt/airflow/dags/flight_pipeline.py
[2026-05-28T01:59:37.358+0000] {processor.py:830} INFO - Processing file /opt/airflow/dags/flight_pipeline.py for tasks to queue
[2026-05-28T01:59:37.360+0000] {logging_mixin.py:188} INFO - [2026-05-28T01:59:37.360+0000] {dagbag.py:540} INFO - Filling up the DagBag from /opt/airflow/dags/flight_pipeline.py
[2026-05-28T01:59:37.379+0000] {processor.py:840} INFO - DAG(s) 'flight_pipeline' retrieved from /opt/airflow/dags/flight_pipeline.py
[2026-05-28T01:59:37.407+0000] {logging_mixin.py:188} INFO - [2026-05-28T01:59:37.407+0000] {dag.py:3096} INFO - Sync 1 DAGs
[2026-05-28T01:59:37.428+0000] {logging_mixin.py:188} INFO - [2026-05-28T01:59:37.427+0000] {dag.py:3954} INFO - Setting next_dagrun for flight_pipeline to 2026-05-28 01:00:00+00:00, run_after=2026-05-28 02:00:00+00:00
[2026-05-28T01:59:37.445+0000] {processor.py:183} INFO - Processing /opt/airflow/dags/flight_pipeline.py took 0.095 seconds
[2026-05-28T02:00:07.586+0000] {processor.py:161} INFO - Started process (PID=2413) to work on /opt/airflow/dags/flight_pipeline.py
[2026-05-28T02:00:07.587+0000] {processor.py:830} INFO - Processing file /opt/airflow/dags/flight_pipeline.py for tasks to queue
[2026-05-28T02:00:07.589+0000] {logging_mixin.py:188} INFO - [2026-05-28T02:00:07.589+0000] {dagbag.py:540} INFO - Filling up the DagBag from /opt/airflow/dags/flight_pipeline.py
[2026-05-28T02:00:07.606+0000] {processor.py:840} INFO - DAG(s) 'flight_pipeline' retrieved from /opt/airflow/dags/flight_pipeline.py
[2026-05-28T02:00:07.631+0000] {logging_mixin.py:188} INFO - [2026-05-28T02:00:07.631+0000] {dag.py:3096} INFO - Sync 1 DAGs
[2026-05-28T02:00:07.652+0000] {logging_mixin.py:188} INFO - [2026-05-28T02:00:07.651+0000] {dag.py:3954} INFO - Setting next_dagrun for flight_pipeline to 2026-05-28 02:00:00+00:00, run_after=2026-05-28 03:00:00+00:00
[2026-05-28T02:00:07.668+0000] {processor.py:183} INFO - Processing /opt/airflow/dags/flight_pipeline.py took 0.087 seconds
[2026-05-28T02:00:37.905+0000] {processor.py:161} INFO - Started process (PID=2430) to work on /opt/airflow/dags/flight_pipeline.py
[2026-05-28T02:00:37.907+0000] {processor.py:830} INFO - Processing file /opt/airflow/dags/flight_pipeline.py for tasks to queue
[2026-05-28T02:00:37.908+0000] {logging_mixin.py:188} INFO - [2026-05-28T02:00:37.908+0000] {dagbag.py:540} INFO - Filling up the DagBag from /opt/airflow/dags/flight_pipeline.py
[2026-05-28T02:00:37.927+0000] {processor.py:840} INFO - DAG(s) 'flight_pipeline' retrieved from /opt/airflow/dags/flight_pipeline.py
[2026-05-28T02:00:37.956+0000] {logging_mixin.py:188} INFO - [2026-05-28T02:00:37.956+0000] {dag.py:3096} INFO - Sync 1 DAGs
[2026-05-28T02:00:37.981+0000] {logging_mixin.py:188} INFO - [2026-05-28T02:00:37.980+0000] {dag.py:3954} INFO - Setting next_dagrun for flight_pipeline to 2026-05-28 02:00:00+00:00, run_after=2026-05-28 03:00:00+00:00
[2026-05-28T02:00:38.005+0000] {processor.py:183} INFO - Processing /opt/airflow/dags/flight_pipeline.py took 0.106 seconds
[2026-05-28T02:01:08.149+0000] {processor.py:161} INFO - Started process (PID=2435) to work on /opt/airflow/dags/flight_pipeline.py
[2026-05-28T02:01:08.151+0000] {processor.py:830} INFO - Processing file /opt/airflow/dags/flight_pipeline.py for tasks to queue
[2026-05-28T02:01:08.154+0000] {logging_mixin.py:188} INFO - [2026-05-28T02:01:08.153+0000] {dagbag.py:540} INFO - Filling up the DagBag from /opt/airflow/dags/flight_pipeline.py
[2026-05-28T02:01:08.174+0000] {processor.py:840} INFO - DAG(s) 'flight_pipeline' retrieved from /opt/airflow/dags/flight_pipeline.py
[2026-05-28T02:01:08.210+0000] {logging_mixin.py:188} INFO - [2026-05-28T02:01:08.210+0000] {dag.py:3096} INFO - Sync 1 DAGs
[2026-05-28T02:01:08.233+0000] {logging_mixin.py:188} INFO - [2026-05-28T02:01:08.233+0000] {dag.py:3954} INFO - Setting next_dagrun for flight_pipeline to 2026-05-28 02:00:00+00:00, run_after=2026-05-28 03:00:00+00:00
[2026-05-28T02:01:08.253+0000] {processor.py:183} INFO - Processing /opt/airflow/dags/flight_pipeline.py took 0.112 seconds
[2026-05-28T02:01:38.469+0000] {processor.py:161} INFO - Started process (PID=2440) to work on /opt/airflow/dags/flight_pipeline.py
[2026-05-28T02:01:38.470+0000] {processor.py:830} INFO - Processing file /opt/airflow/dags/flight_pipeline.py for tasks to queue
[2026-05-28T02:01:38.472+0000] {logging_mixin.py:188} INFO - [2026-05-28T02:01:38.471+0000] {dagbag.py:540} INFO - Filling up the DagBag from /opt/airflow/dags/flight_pipeline.py
[2026-05-28T02:01:38.490+0000] {processor.py:840} INFO - DAG(s) 'flight_pipeline' retrieved from /opt/airflow/dags/flight_pipeline.py
[2026-05-28T02:01:38.518+0000] {logging_mixin.py:188} INFO - [2026-05-28T02:01:38.517+0000] {dag.py:3096} INFO - Sync 1 DAGs
[2026-05-28T02:01:38.539+0000] {logging_mixin.py:188} INFO - [2026-05-28T02:01:38.538+0000] {dag.py:3954} INFO - Setting next_dagrun for flight_pipeline to 2026-05-28 02:00:00+00:00, run_after=2026-05-28 03:00:00+00:00
[2026-05-28T02:01:38.556+0000] {processor.py:183} INFO - Processing /opt/airflow/dags/flight_pipeline.py took 0.094 seconds
[2026-05-28T02:02:08.740+0000] {processor.py:161} INFO - Started process (PID=2445) to work on /opt/airflow/dags/flight_pipeline.py
[2026-05-28T02:02:08.741+0000] {processor.py:830} INFO - Processing file /opt/airflow/dags/flight_pipeline.py for tasks to queue
[2026-05-28T02:02:08.743+0000] {logging_mixin.py:188} INFO - [2026-05-28T02:02:08.742+0000] {dagbag.py:540} INFO - Filling up the DagBag from /opt/airflow/dags/flight_pipeline.py
[2026-05-28T02:02:08.761+0000] {processor.py:840} INFO - DAG(s) 'flight_pipeline' retrieved from /opt/airflow/dags/flight_pipeline.py
[2026-05-28T02:02:08.786+0000] {logging_mixin.py:188} INFO - [2026-05-28T02:02:08.786+0000] {dag.py:3096} INFO - Sync 1 DAGs
[2026-05-28T02:02:08.805+0000] {logging_mixin.py:188} INFO - [2026-05-28T02:02:08.805+0000] {dag.py:3954} INFO - Setting next_dagrun for flight_pipeline to 2026-05-28 02:00:00+00:00, run_after=2026-05-28 03:00:00+00:00
[2026-05-28T02:02:08.822+0000] {processor.py:183} INFO - Processing /opt/airflow/dags/flight_pipeline.py took 0.088 seconds
[2026-05-28T02:02:39.026+0000] {processor.py:161} INFO - Started process (PID=2450) to work on /opt/airflow/dags/flight_pipeline.py
[2026-05-28T02:02:39.027+0000] {processor.py:830} INFO - Processing file /opt/airflow/dags/flight_pipeline.py for tasks to queue
[2026-05-28T02:02:39.029+0000] {logging_mixin.py:188} INFO - [2026-05-28T02:02:39.028+0000] {dagbag.py:540} INFO - Filling up the DagBag from /opt/airflow/dags/flight_pipeline.py
[2026-05-28T02:02:39.046+0000] {processor.py:840} INFO - DAG(s) 'flight_pipeline' retrieved from /opt/airflow/dags/flight_pipeline.py
[2026-05-28T02:02:39.071+0000] {logging_mixin.py:188} INFO - [2026-05-28T02:02:39.071+0000] {dag.py:3096} INFO - Sync 1 DAGs
[2026-05-28T02:02:39.089+0000] {logging_mixin.py:188} INFO - [2026-05-28T02:02:39.089+0000] {dag.py:3954} INFO - Setting next_dagrun for flight_pipeline to 2026-05-28 02:00:00+00:00, run_after=2026-05-28 03:00:00+00:00
[2026-05-28T02:02:39.107+0000] {processor.py:183} INFO - Processing /opt/airflow/dags/flight_pipeline.py took 0.086 seconds
[2026-05-28T02:03:09.243+0000] {processor.py:161} INFO - Started process (PID=2455) to work on /opt/airflow/dags/flight_pipeline.py
[2026-05-28T02:03:09.244+0000] {processor.py:830} INFO - Processing file /opt/airflow/dags/flight_pipeline.py for tasks to queue
[2026-05-28T02:03:09.246+0000] {logging_mixin.py:188} INFO - [2026-05-28T02:03:09.246+0000] {dagbag.py:540} INFO - Filling up the DagBag from /opt/airflow/dags/flight_pipeline.py
[2026-05-28T02:03:09.265+0000] {processor.py:840} INFO - DAG(s) 'flight_pipeline' retrieved from /opt/airflow/dags/flight_pipeline.py
[2026-05-28T02:03:09.295+0000] {logging_mixin.py:188} INFO - [2026-05-28T02:03:09.295+0000] {dag.py:3096} INFO - Sync 1 DAGs
[2026-05-28T02:03:09.317+0000] {logging_mixin.py:188} INFO - [2026-05-28T02:03:09.317+0000] {dag.py:3954} INFO - Setting next_dagrun for flight_pipeline to 2026-05-28 02:00:00+00:00, run_after=2026-05-28 03:00:00+00:00
[2026-05-28T02:03:09.334+0000] {processor.py:183} INFO - Processing /opt/airflow/dags/flight_pipeline.py took 0.098 seconds
[2026-05-28T02:03:39.549+0000] {processor.py:161} INFO - Started process (PID=2460) to work on /opt/airflow/dags/flight_pipeline.py
[2026-05-28T02:03:39.550+0000] {processor.py:830} INFO - Processing file /opt/airflow/dags/flight_pipeline.py for tasks to queue
[2026-05-28T02:03:39.553+0000] {logging_mixin.py:188} INFO - [2026-05-28T02:03:39.552+0000] {dagbag.py:540} INFO - Filling up the DagBag from /opt/airflow/dags/flight_pipeline.py
[2026-05-28T02:03:39.576+0000] {processor.py:840} INFO - DAG(s) 'flight_pipeline' retrieved from /opt/airflow/dags/flight_pipeline.py
[2026-05-28T02:03:39.610+0000] {logging_mixin.py:188} INFO - [2026-05-28T02:03:39.609+0000] {dag.py:3096} INFO - Sync 1 DAGs
[2026-05-28T02:03:39.637+0000] {logging_mixin.py:188} INFO - [2026-05-28T02:03:39.636+0000] {dag.py:3954} INFO - Setting next_dagrun for flight_pipeline to 2026-05-28 02:00:00+00:00, run_after=2026-05-28 03:00:00+00:00
[2026-05-28T02:03:39.662+0000] {processor.py:183} INFO - Processing /opt/airflow/dags/flight_pipeline.py took 0.121 seconds
[2026-05-28T02:04:09.789+0000] {processor.py:161} INFO - Started process (PID=2465) to work on /opt/airflow/dags/flight_pipeline.py
[2026-05-28T02:04:09.790+0000] {processor.py:830} INFO - Processing file /opt/airflow/dags/flight_pipeline.py for tasks to queue
[2026-05-28T02:04:09.792+0000] {logging_mixin.py:188} INFO - [2026-05-28T02:04:09.791+0000] {dagbag.py:540} INFO - Filling up the DagBag from /opt/airflow/dags/flight_pipeline.py
[2026-05-28T02:04:09.809+0000] {processor.py:840} INFO - DAG(s) 'flight_pipeline' retrieved from /opt/airflow/dags/flight_pipeline.py
[2026-05-28T02:04:09.834+0000] {logging_mixin.py:188} INFO - [2026-05-28T02:04:09.834+0000] {dag.py:3096} INFO - Sync 1 DAGs
[2026-05-28T02:04:09.853+0000] {logging_mixin.py:188} INFO - [2026-05-28T02:04:09.852+0000] {dag.py:3954} INFO - Setting next_dagrun for flight_pipeline to 2026-05-28 02:00:00+00:00, run_after=2026-05-28 03:00:00+00:00
[2026-05-28T02:04:09.868+0000] {processor.py:183} INFO - Processing /opt/airflow/dags/flight_pipeline.py took 0.085 seconds
[2026-05-28T02:04:40.028+0000] {processor.py:161} INFO - Started process (PID=2470) to work on /opt/airflow/dags/flight_pipeline.py
[2026-05-28T02:04:40.029+0000] {processor.py:830} INFO - Processing file /opt/airflow/dags/flight_pipeline.py for tasks to queue
[2026-05-28T02:04:40.031+0000] {logging_mixin.py:188} INFO - [2026-05-28T02:04:40.030+0000] {dagbag.py:540} INFO - Filling up the DagBag from /opt/airflow/dags/flight_pipeline.py
[2026-05-28T02:04:40.049+0000] {processor.py:840} INFO - DAG(s) 'flight_pipeline' retrieved from /opt/airflow/dags/flight_pipeline.py
[2026-05-28T02:04:40.076+0000] {logging_mixin.py:188} INFO - [2026-05-28T02:04:40.076+0000] {dag.py:3096} INFO - Sync 1 DAGs
[2026-05-28T02:04:40.100+0000] {logging_mixin.py:188} INFO - [2026-05-28T02:04:40.099+0000] {dag.py:3954} INFO - Setting next_dagrun for flight_pipeline to 2026-05-28 02:00:00+00:00, run_after=2026-05-28 03:00:00+00:00
[2026-05-28T02:04:40.118+0000] {processor.py:183} INFO - Processing /opt/airflow/dags/flight_pipeline.py took 0.097 seconds
[2026-05-28T02:05:10.305+0000] {processor.py:161} INFO - Started process (PID=2475) to work on /opt/airflow/dags/flight_pipeline.py
[2026-05-28T02:05:10.306+0000] {processor.py:830} INFO - Processing file /opt/airflow/dags/flight_pipeline.py for tasks to queue
[2026-05-28T02:05:10.309+0000] {logging_mixin.py:188} INFO - [2026-05-28T02:05:10.308+0000] {dagbag.py:540} INFO - Filling up the DagBag from /opt/airflow/dags/flight_pipeline.py
[2026-05-28T02:05:10.328+0000] {processor.py:840} INFO - DAG(s) 'flight_pipeline' retrieved from /opt/airflow/dags/flight_pipeline.py
[2026-05-28T02:05:10.355+0000] {logging_mixin.py:188} INFO - [2026-05-28T02:05:10.355+0000] {dag.py:3096} INFO - Sync 1 DAGs
[2026-05-28T02:05:10.376+0000] {logging_mixin.py:188} INFO - [2026-05-28T02:05:10.376+0000] {dag.py:3954} INFO - Setting next_dagrun for flight_pipeline to 2026-05-28 02:00:00+00:00, run_after=2026-05-28 03:00:00+00:00
[2026-05-28T02:05:10.392+0000] {processor.py:183} INFO - Processing /opt/airflow/dags/flight_pipeline.py took 0.095 seconds
[2026-05-28T02:05:40.602+0000] {processor.py:161} INFO - Started process (PID=2480) to work on /opt/airflow/dags/flight_pipeline.py
[2026-05-28T02:05:40.603+0000] {processor.py:830} INFO - Processing file /opt/airflow/dags/flight_pipeline.py for tasks to queue
[2026-05-28T02:05:40.605+0000] {logging_mixin.py:188} INFO - [2026-05-28T02:05:40.605+0000] {dagbag.py:540} INFO - Filling up the DagBag from /opt/airflow/dags/flight_pipeline.py
[2026-05-28T02:05:40.624+0000] {processor.py:840} INFO - DAG(s) 'flight_pipeline' retrieved from /opt/airflow/dags/flight_pipeline.py
[2026-05-28T02:05:40.655+0000] {logging_mixin.py:188} INFO - [2026-05-28T02:05:40.655+0000] {dag.py:3096} INFO - Sync 1 DAGs
[2026-05-28T02:05:40.678+0000] {logging_mixin.py:188} INFO - [2026-05-28T02:05:40.678+0000] {dag.py:3954} INFO - Setting next_dagrun for flight_pipeline to 2026-05-28 02:00:00+00:00, run_after=2026-05-28 03:00:00+00:00
[2026-05-28T02:05:40.697+0000] {processor.py:183} INFO - Processing /opt/airflow/dags/flight_pipeline.py took 0.102 seconds
[2026-05-28T02:06:10.960+0000] {processor.py:161} INFO - Started process (PID=2485) to work on /opt/airflow/dags/flight_pipeline.py
[2026-05-28T02:06:10.961+0000] {processor.py:830} INFO - Processing file /opt/airflow/dags/flight_pipeline.py for tasks to queue
[2026-05-28T02:06:10.963+0000] {logging_mixin.py:188} INFO - [2026-05-28T02:06:10.963+0000] {dagbag.py:540} INFO - Filling up the DagBag from /opt/airflow/dags/flight_pipeline.py
[2026-05-28T02:06:10.984+0000] {processor.py:840} INFO - DAG(s) 'flight_pipeline' retrieved from /opt/airflow/dags/flight_pipeline.py
[2026-05-28T02:06:11.011+0000] {logging_mixin.py:188} INFO - [2026-05-28T02:06:11.011+0000] {dag.py:3096} INFO - Sync 1 DAGs
[2026-05-28T02:06:11.032+0000] {logging_mixin.py:188} INFO - [2026-05-28T02:06:11.032+0000] {dag.py:3954} INFO - Setting next_dagrun for flight_pipeline to 2026-05-28 02:00:00+00:00, run_after=2026-05-28 03:00:00+00:00
[2026-05-28T02:06:11.051+0000] {processor.py:183} INFO - Processing /opt/airflow/dags/flight_pipeline.py took 0.097 seconds
[2026-05-28T02:06:41.245+0000] {processor.py:161} INFO - Started process (PID=2490) to work on /opt/airflow/dags/flight_pipeline.py
[2026-05-28T02:06:41.246+0000] {processor.py:830} INFO - Processing file /opt/airflow/dags/flight_pipeline.py for tasks to queue
[2026-05-28T02:06:41.248+0000] {logging_mixin.py:188} INFO - [2026-05-28T02:06:41.248+0000] {dagbag.py:540} INFO - Filling up the DagBag from /opt/airflow/dags/flight_pipeline.py
[2026-05-28T02:06:41.270+0000] {processor.py:840} INFO - DAG(s) 'flight_pipeline' retrieved from /opt/airflow/dags/flight_pipeline.py
[2026-05-28T02:06:41.300+0000] {logging_mixin.py:188} INFO - [2026-05-28T02:06:41.300+0000] {dag.py:3096} INFO - Sync 1 DAGs
[2026-05-28T02:06:41.324+0000] {logging_mixin.py:188} INFO - [2026-05-28T02:06:41.324+0000] {dag.py:3954} INFO - Setting next_dagrun for flight_pipeline to 2026-05-28 02:00:00+00:00, run_after=2026-05-28 03:00:00+00:00
[2026-05-28T02:06:41.341+0000] {processor.py:183} INFO - Processing /opt/airflow/dags/flight_pipeline.py took 0.104 seconds
[2026-05-28T02:07:11.604+0000] {processor.py:161} INFO - Started process (PID=2495) to work on /opt/airflow/dags/flight_pipeline.py
[2026-05-28T02:07:11.605+0000] {processor.py:830} INFO - Processing file /opt/airflow/dags/flight_pipeline.py for tasks to queue
[2026-05-28T02:07:11.607+0000] {logging_mixin.py:188} INFO - [2026-05-28T02:07:11.607+0000] {dagbag.py:540} INFO - Filling up the DagBag from /opt/airflow/dags/flight_pipeline.py
[2026-05-28T02:07:11.626+0000] {processor.py:840} INFO - DAG(s) 'flight_pipeline' retrieved from /opt/airflow/dags/flight_pipeline.py
[2026-05-28T02:07:11.654+0000] {logging_mixin.py:188} INFO - [2026-05-28T02:07:11.654+0000] {dag.py:3096} INFO - Sync 1 DAGs
[2026-05-28T02:07:11.676+0000] {logging_mixin.py:188} INFO - [2026-05-28T02:07:11.676+0000] {dag.py:3954} INFO - Setting next_dagrun for flight_pipeline to 2026-05-28 02:00:00+00:00, run_after=2026-05-28 03:00:00+00:00
[2026-05-28T02:07:11.692+0000] {processor.py:183} INFO - Processing /opt/airflow/dags/flight_pipeline.py took 0.095 seconds
[2026-05-28T02:07:41.891+0000] {processor.py:161} INFO - Started process (PID=2500) to work on /opt/airflow/dags/flight_pipeline.py
[2026-05-28T02:07:41.892+0000] {processor.py:830} INFO - Processing file /opt/airflow/dags/flight_pipeline.py for tasks to queue
[2026-05-28T02:07:41.895+0000] {logging_mixin.py:188} INFO - [2026-05-28T02:07:41.894+0000] {dagbag.py:540} INFO - Filling up the DagBag from /opt/airflow/dags/flight_pipeline.py
[2026-05-28T02:07:41.930+0000] {processor.py:840} INFO - DAG(s) 'flight_pipeline' retrieved from /opt/airflow/dags/flight_pipeline.py
[2026-05-28T02:07:41.969+0000] {logging_mixin.py:188} INFO - [2026-05-28T02:07:41.969+0000] {dag.py:3096} INFO - Sync 1 DAGs
[2026-05-28T02:07:41.996+0000] {logging_mixin.py:188} INFO - [2026-05-28T02:07:41.995+0000] {dag.py:3954} INFO - Setting next_dagrun for flight_pipeline to 2026-05-28 02:00:00+00:00, run_after=2026-05-28 03:00:00+00:00
[2026-05-28T02:07:42.021+0000] {processor.py:183} INFO - Processing /opt/airflow/dags/flight_pipeline.py took 0.141 seconds
[2026-05-28T02:08:12.211+0000] {processor.py:161} INFO - Started process (PID=2505) to work on /opt/airflow/dags/flight_pipeline.py
[2026-05-28T02:08:12.212+0000] {processor.py:830} INFO - Processing file /opt/airflow/dags/flight_pipeline.py for tasks to queue
[2026-05-28T02:08:12.214+0000] {logging_mixin.py:188} INFO - [2026-05-28T02:08:12.214+0000] {dagbag.py:540} INFO - Filling up the DagBag from /opt/airflow/dags/flight_pipeline.py
[2026-05-28T02:08:12.232+0000] {processor.py:840} INFO - DAG(s) 'flight_pipeline' retrieved from /opt/airflow/dags/flight_pipeline.py
[2026-05-28T02:08:12.258+0000] {logging_mixin.py:188} INFO - [2026-05-28T02:08:12.258+0000] {dag.py:3096} INFO - Sync 1 DAGs
[2026-05-28T02:08:12.277+0000] {logging_mixin.py:188} INFO - [2026-05-28T02:08:12.277+0000] {dag.py:3954} INFO - Setting next_dagrun for flight_pipeline to 2026-05-28 02:00:00+00:00, run_after=2026-05-28 03:00:00+00:00
[2026-05-28T02:08:12.294+0000] {processor.py:183} INFO - Processing /opt/airflow/dags/flight_pipeline.py took 0.089 seconds
[2026-05-28T02:08:42.487+0000] {processor.py:161} INFO - Started process (PID=2510) to work on /opt/airflow/dags/flight_pipeline.py
[2026-05-28T02:08:42.488+0000] {processor.py:830} INFO - Processing file /opt/airflow/dags/flight_pipeline.py for tasks to queue
[2026-05-28T02:08:42.490+0000] {logging_mixin.py:188} INFO - [2026-05-28T02:08:42.490+0000] {dagbag.py:540} INFO - Filling up the DagBag from /opt/airflow/dags/flight_pipeline.py
[2026-05-28T02:08:42.509+0000] {processor.py:840} INFO - DAG(s) 'flight_pipeline' retrieved from /opt/airflow/dags/flight_pipeline.py
[2026-05-28T02:08:42.537+0000] {logging_mixin.py:188} INFO - [2026-05-28T02:08:42.537+0000] {dag.py:3096} INFO - Sync 1 DAGs
[2026-05-28T02:08:42.561+0000] {logging_mixin.py:188} INFO - [2026-05-28T02:08:42.560+0000] {dag.py:3954} INFO - Setting next_dagrun for flight_pipeline to 2026-05-28 02:00:00+00:00, run_after=2026-05-28 03:00:00+00:00
[2026-05-28T02:08:42.580+0000] {processor.py:183} INFO - Processing /opt/airflow/dags/flight_pipeline.py took 0.099 seconds
[2026-05-28T02:09:12.718+0000] {processor.py:161} INFO - Started process (PID=2515) to work on /opt/airflow/dags/flight_pipeline.py
[2026-05-28T02:09:12.719+0000] {processor.py:830} INFO - Processing file /opt/airflow/dags/flight_pipeline.py for tasks to queue
[2026-05-28T02:09:12.721+0000] {logging_mixin.py:188} INFO - [2026-05-28T02:09:12.721+0000] {dagbag.py:540} INFO - Filling up the DagBag from /opt/airflow/dags/flight_pipeline.py
[2026-05-28T02:09:12.741+0000] {processor.py:840} INFO - DAG(s) 'flight_pipeline' retrieved from /opt/airflow/dags/flight_pipeline.py
[2026-05-28T02:09:12.772+0000] {logging_mixin.py:188} INFO - [2026-05-28T02:09:12.772+0000] {dag.py:3096} INFO - Sync 1 DAGs
[2026-05-28T02:09:12.794+0000] {logging_mixin.py:188} INFO - [2026-05-28T02:09:12.794+0000] {dag.py:3954} INFO - Setting next_dagrun for flight_pipeline to 2026-05-28 02:00:00+00:00, run_after=2026-05-28 03:00:00+00:00
[2026-05-28T02:09:12.812+0000] {processor.py:183} INFO - Processing /opt/airflow/dags/flight_pipeline.py took 0.102 seconds
[2026-05-28T02:09:43.060+0000] {processor.py:161} INFO - Started process (PID=2520) to work on /opt/airflow/dags/flight_pipeline.py
[2026-05-28T02:09:43.061+0000] {processor.py:830} INFO - Processing file /opt/airflow/dags/flight_pipeline.py for tasks to queue
[2026-05-28T02:09:43.063+0000] {logging_mixin.py:188} INFO - [2026-05-28T02:09:43.063+0000] {dagbag.py:540} INFO - Filling up the DagBag from /opt/airflow/dags/flight_pipeline.py
[2026-05-28T02:09:43.080+0000] {processor.py:840} INFO - DAG(s) 'flight_pipeline' retrieved from /opt/airflow/dags/flight_pipeline.py
[2026-05-28T02:09:43.105+0000] {logging_mixin.py:188} INFO - [2026-05-28T02:09:43.104+0000] {dag.py:3096} INFO - Sync 1 DAGs
[2026-05-28T02:09:43.124+0000] {logging_mixin.py:188} INFO - [2026-05-28T02:09:43.124+0000] {dag.py:3954} INFO - Setting next_dagrun for flight_pipeline to 2026-05-28 02:00:00+00:00, run_after=2026-05-28 03:00:00+00:00
[2026-05-28T02:09:43.140+0000] {processor.py:183} INFO - Processing /opt/airflow/dags/flight_pipeline.py took 0.085 seconds
[2026-05-28T02:10:13.280+0000] {processor.py:161} INFO - Started process (PID=2525) to work on /opt/airflow/dags/flight_pipeline.py
[2026-05-28T02:10:13.281+0000] {processor.py:830} INFO - Processing file /opt/airflow/dags/flight_pipeline.py for tasks to queue
[2026-05-28T02:10:13.283+0000] {logging_mixin.py:188} INFO - [2026-05-28T02:10:13.283+0000] {dagbag.py:540} INFO - Filling up the DagBag from /opt/airflow/dags/flight_pipeline.py
[2026-05-28T02:10:13.300+0000] {processor.py:840} INFO - DAG(s) 'flight_pipeline' retrieved from /opt/airflow/dags/flight_pipeline.py
[2026-05-28T02:10:13.326+0000] {logging_mixin.py:188} INFO - [2026-05-28T02:10:13.326+0000] {dag.py:3096} INFO - Sync 1 DAGs
[2026-05-28T02:10:13.345+0000] {logging_mixin.py:188} INFO - [2026-05-28T02:10:13.345+0000] {dag.py:3954} INFO - Setting next_dagrun for flight_pipeline to 2026-05-28 02:00:00+00:00, run_after=2026-05-28 03:00:00+00:00
[2026-05-28T02:10:13.361+0000] {processor.py:183} INFO - Processing /opt/airflow/dags/flight_pipeline.py took 0.087 seconds
[2026-05-28T02:10:43.558+0000] {processor.py:161} INFO - Started process (PID=2530) to work on /opt/airflow/dags/flight_pipeline.py
[2026-05-28T02:10:43.559+0000] {processor.py:830} INFO - Processing file /opt/airflow/dags/flight_pipeline.py for tasks to queue
[2026-05-28T02:10:43.561+0000] {logging_mixin.py:188} INFO - [2026-05-28T02:10:43.560+0000] {dagbag.py:540} INFO - Filling up the DagBag from /opt/airflow/dags/flight_pipeline.py
[2026-05-28T02:10:43.580+0000] {processor.py:840} INFO - DAG(s) 'flight_pipeline' retrieved from /opt/airflow/dags/flight_pipeline.py
[2026-05-28T02:10:43.608+0000] {logging_mixin.py:188} INFO - [2026-05-28T02:10:43.608+0000] {dag.py:3096} INFO - Sync 1 DAGs
[2026-05-28T02:10:43.630+0000] {logging_mixin.py:188} INFO - [2026-05-28T02:10:43.630+0000] {dag.py:3954} INFO - Setting next_dagrun for flight_pipeline to 2026-05-28 02:00:00+00:00, run_after=2026-05-28 03:00:00+00:00
[2026-05-28T02:10:43.648+0000] {processor.py:183} INFO - Processing /opt/airflow/dags/flight_pipeline.py took 0.096 seconds
[2026-05-28T02:11:13.796+0000] {processor.py:161} INFO - Started process (PID=2535) to work on /opt/airflow/dags/flight_pipeline.py
[2026-05-28T02:11:13.797+0000] {processor.py:830} INFO - Processing file /opt/airflow/dags/flight_pipeline.py for tasks to queue
[2026-05-28T02:11:13.800+0000] {logging_mixin.py:188} INFO - [2026-05-28T02:11:13.799+0000] {dagbag.py:540} INFO - Filling up the DagBag from /opt/airflow/dags/flight_pipeline.py
[2026-05-28T02:11:13.827+0000] {processor.py:840} INFO - DAG(s) 'flight_pipeline' retrieved from /opt/airflow/dags/flight_pipeline.py
[2026-05-28T02:11:13.858+0000] {logging_mixin.py:188} INFO - [2026-05-28T02:11:13.858+0000] {dag.py:3096} INFO - Sync 1 DAGs
[2026-05-28T02:11:13.880+0000] {logging_mixin.py:188} INFO - [2026-05-28T02:11:13.880+0000] {dag.py:3954} INFO - Setting next_dagrun for flight_pipeline to 2026-05-28 02:00:00+00:00, run_after=2026-05-28 03:00:00+00:00
[2026-05-28T02:11:13.898+0000] {processor.py:183} INFO - Processing /opt/airflow/dags/flight_pipeline.py took 0.109 seconds
[2026-05-28T02:11:44.094+0000] {processor.py:161} INFO - Started process (PID=2540) to work on /opt/airflow/dags/flight_pipeline.py
[2026-05-28T02:11:44.095+0000] {processor.py:830} INFO - Processing file /opt/airflow/dags/flight_pipeline.py for tasks to queue
[2026-05-28T02:11:44.096+0000] {logging_mixin.py:188} INFO - [2026-05-28T02:11:44.096+0000] {dagbag.py:540} INFO - Filling up the DagBag from /opt/airflow/dags/flight_pipeline.py
[2026-05-28T02:11:44.113+0000] {processor.py:840} INFO - DAG(s) 'flight_pipeline' retrieved from /opt/airflow/dags/flight_pipeline.py
[2026-05-28T02:11:44.139+0000] {logging_mixin.py:188} INFO - [2026-05-28T02:11:44.139+0000] {dag.py:3096} INFO - Sync 1 DAGs
[2026-05-28T02:11:44.158+0000] {logging_mixin.py:188} INFO - [2026-05-28T02:11:44.158+0000] {dag.py:3954} INFO - Setting next_dagrun for flight_pipeline to 2026-05-28 02:00:00+00:00, run_after=2026-05-28 03:00:00+00:00
[2026-05-28T02:11:44.174+0000] {processor.py:183} INFO - Processing /opt/airflow/dags/flight_pipeline.py took 0.086 seconds
[2026-05-28T02:12:14.412+0000] {processor.py:161} INFO - Started process (PID=2545) to work on /opt/airflow/dags/flight_pipeline.py
[2026-05-28T02:12:14.414+0000] {processor.py:830} INFO - Processing file /opt/airflow/dags/flight_pipeline.py for tasks to queue
[2026-05-28T02:12:14.415+0000] {logging_mixin.py:188} INFO - [2026-05-28T02:12:14.415+0000] {dagbag.py:540} INFO - Filling up the DagBag from /opt/airflow/dags/flight_pipeline.py
[2026-05-28T02:12:14.432+0000] {processor.py:840} INFO - DAG(s) 'flight_pipeline' retrieved from /opt/airflow/dags/flight_pipeline.py
[2026-05-28T02:12:14.457+0000] {logging_mixin.py:188} INFO - [2026-05-28T02:12:14.457+0000] {dag.py:3096} INFO - Sync 1 DAGs
[2026-05-28T02:12:14.477+0000] {logging_mixin.py:188} INFO - [2026-05-28T02:12:14.477+0000] {dag.py:3954} INFO - Setting next_dagrun for flight_pipeline to 2026-05-28 02:00:00+00:00, run_after=2026-05-28 03:00:00+00:00
[2026-05-28T02:12:14.493+0000] {processor.py:183} INFO - Processing /opt/airflow/dags/flight_pipeline.py took 0.086 seconds
[2026-05-28T02:12:44.645+0000] {processor.py:161} INFO - Started process (PID=2550) to work on /opt/airflow/dags/flight_pipeline.py
[2026-05-28T02:12:44.647+0000] {processor.py:830} INFO - Processing file /opt/airflow/dags/flight_pipeline.py for tasks to queue
[2026-05-28T02:12:44.649+0000] {logging_mixin.py:188} INFO - [2026-05-28T02:12:44.648+0000] {dagbag.py:540} INFO - Filling up the DagBag from /opt/airflow/dags/flight_pipeline.py
[2026-05-28T02:12:44.669+0000] {processor.py:840} INFO - DAG(s) 'flight_pipeline' retrieved from /opt/airflow/dags/flight_pipeline.py
[2026-05-28T02:12:44.698+0000] {logging_mixin.py:188} INFO - [2026-05-28T02:12:44.698+0000] {dag.py:3096} INFO - Sync 1 DAGs
[2026-05-28T02:12:44.720+0000] {logging_mixin.py:188} INFO - [2026-05-28T02:12:44.720+0000] {dag.py:3954} INFO - Setting next_dagrun for flight_pipeline to 2026-05-28 02:00:00+00:00, run_after=2026-05-28 03:00:00+00:00
[2026-05-28T02:12:44.736+0000] {processor.py:183} INFO - Processing /opt/airflow/dags/flight_pipeline.py took 0.099 seconds
[2026-05-28T02:13:14.920+0000] {processor.py:161} INFO - Started process (PID=2555) to work on /opt/airflow/dags/flight_pipeline.py
[2026-05-28T02:13:14.921+0000] {processor.py:830} INFO - Processing file /opt/airflow/dags/flight_pipeline.py for tasks to queue
[2026-05-28T02:13:14.923+0000] {logging_mixin.py:188} INFO - [2026-05-28T02:13:14.923+0000] {dagbag.py:540} INFO - Filling up the DagBag from /opt/airflow/dags/flight_pipeline.py
[2026-05-28T02:13:14.943+0000] {processor.py:840} INFO - DAG(s) 'flight_pipeline' retrieved from /opt/airflow/dags/flight_pipeline.py
[2026-05-28T02:13:14.972+0000] {logging_mixin.py:188} INFO - [2026-05-28T02:13:14.972+0000] {dag.py:3096} INFO - Sync 1 DAGs
[2026-05-28T02:13:14.994+0000] {logging_mixin.py:188} INFO - [2026-05-28T02:13:14.993+0000] {dag.py:3954} INFO - Setting next_dagrun for flight_pipeline to 2026-05-28 02:00:00+00:00, run_after=2026-05-28 03:00:00+00:00
[2026-05-28T02:13:15.012+0000] {processor.py:183} INFO - Processing /opt/airflow/dags/flight_pipeline.py took 0.100 seconds
[2026-05-28T02:13:45.206+0000] {processor.py:161} INFO - Started process (PID=2560) to work on /opt/airflow/dags/flight_pipeline.py
[2026-05-28T02:13:45.207+0000] {processor.py:830} INFO - Processing file /opt/airflow/dags/flight_pipeline.py for tasks to queue
[2026-05-28T02:13:45.208+0000] {logging_mixin.py:188} INFO - [2026-05-28T02:13:45.208+0000] {dagbag.py:540} INFO - Filling up the DagBag from /opt/airflow/dags/flight_pipeline.py
[2026-05-28T02:13:45.226+0000] {processor.py:840} INFO - DAG(s) 'flight_pipeline' retrieved from /opt/airflow/dags/flight_pipeline.py
[2026-05-28T02:13:45.252+0000] {logging_mixin.py:188} INFO - [2026-05-28T02:13:45.252+0000] {dag.py:3096} INFO - Sync 1 DAGs
[2026-05-28T02:13:45.273+0000] {logging_mixin.py:188} INFO - [2026-05-28T02:13:45.273+0000] {dag.py:3954} INFO - Setting next_dagrun for flight_pipeline to 2026-05-28 02:00:00+00:00, run_after=2026-05-28 03:00:00+00:00
[2026-05-28T02:13:45.290+0000] {processor.py:183} INFO - Processing /opt/airflow/dags/flight_pipeline.py took 0.090 seconds
[2026-05-28T02:14:15.514+0000] {processor.py:161} INFO - Started process (PID=2565) to work on /opt/airflow/dags/flight_pipeline.py
[2026-05-28T02:14:15.516+0000] {processor.py:830} INFO - Processing file /opt/airflow/dags/flight_pipeline.py for tasks to queue
[2026-05-28T02:14:15.518+0000] {logging_mixin.py:188} INFO - [2026-05-28T02:14:15.517+0000] {dagbag.py:540} INFO - Filling up the DagBag from /opt/airflow/dags/flight_pipeline.py
[2026-05-28T02:14:15.539+0000] {processor.py:840} INFO - DAG(s) 'flight_pipeline' retrieved from /opt/airflow/dags/flight_pipeline.py
[2026-05-28T02:14:15.567+0000] {logging_mixin.py:188} INFO - [2026-05-28T02:14:15.567+0000] {dag.py:3096} INFO - Sync 1 DAGs
[2026-05-28T02:14:15.588+0000] {logging_mixin.py:188} INFO - [2026-05-28T02:14:15.588+0000] {dag.py:3954} INFO - Setting next_dagrun for flight_pipeline to 2026-05-28 02:00:00+00:00, run_after=2026-05-28 03:00:00+00:00
[2026-05-28T02:14:15.608+0000] {processor.py:183} INFO - Processing /opt/airflow/dags/flight_pipeline.py took 0.102 seconds
[2026-05-28T02:14:45.759+0000] {processor.py:161} INFO - Started process (PID=2570) to work on /opt/airflow/dags/flight_pipeline.py
[2026-05-28T02:14:45.760+0000] {processor.py:830} INFO - Processing file /opt/airflow/dags/flight_pipeline.py for tasks to queue
[2026-05-28T02:14:45.761+0000] {logging_mixin.py:188} INFO - [2026-05-28T02:14:45.761+0000] {dagbag.py:540} INFO - Filling up the DagBag from /opt/airflow/dags/flight_pipeline.py
[2026-05-28T02:14:45.779+0000] {processor.py:840} INFO - DAG(s) 'flight_pipeline' retrieved from /opt/airflow/dags/flight_pipeline.py
[2026-05-28T02:14:45.808+0000] {logging_mixin.py:188} INFO - [2026-05-28T02:14:45.808+0000] {dag.py:3096} INFO - Sync 1 DAGs
[2026-05-28T02:14:45.830+0000] {logging_mixin.py:188} INFO - [2026-05-28T02:14:45.830+0000] {dag.py:3954} INFO - Setting next_dagrun for flight_pipeline to 2026-05-28 02:00:00+00:00, run_after=2026-05-28 03:00:00+00:00
[2026-05-28T02:14:45.848+0000] {processor.py:183} INFO - Processing /opt/airflow/dags/flight_pipeline.py took 0.096 seconds
[2026-05-28T02:15:16.079+0000] {processor.py:161} INFO - Started process (PID=2575) to work on /opt/airflow/dags/flight_pipeline.py
[2026-05-28T02:15:16.080+0000] {processor.py:830} INFO - Processing file /opt/airflow/dags/flight_pipeline.py for tasks to queue
[2026-05-28T02:15:16.082+0000] {logging_mixin.py:188} INFO - [2026-05-28T02:15:16.081+0000] {dagbag.py:540} INFO - Filling up the DagBag from /opt/airflow/dags/flight_pipeline.py
[2026-05-28T02:15:16.098+0000] {processor.py:840} INFO - DAG(s) 'flight_pipeline' retrieved from /opt/airflow/dags/flight_pipeline.py
[2026-05-28T02:15:16.122+0000] {logging_mixin.py:188} INFO - [2026-05-28T02:15:16.122+0000] {dag.py:3096} INFO - Sync 1 DAGs
[2026-05-28T02:15:16.143+0000] {logging_mixin.py:188} INFO - [2026-05-28T02:15:16.143+0000] {dag.py:3954} INFO - Setting next_dagrun for flight_pipeline to 2026-05-28 02:00:00+00:00, run_after=2026-05-28 03:00:00+00:00
[2026-05-28T02:15:16.163+0000] {processor.py:183} INFO - Processing /opt/airflow/dags/flight_pipeline.py took 0.090 seconds
[2026-05-28T02:15:46.334+0000] {processor.py:161} INFO - Started process (PID=2580) to work on /opt/airflow/dags/flight_pipeline.py
[2026-05-28T02:15:46.335+0000] {processor.py:830} INFO - Processing file /opt/airflow/dags/flight_pipeline.py for tasks to queue
[2026-05-28T02:15:46.337+0000] {logging_mixin.py:188} INFO - [2026-05-28T02:15:46.337+0000] {dagbag.py:540} INFO - Filling up the DagBag from /opt/airflow/dags/flight_pipeline.py
[2026-05-28T02:15:46.355+0000] {processor.py:840} INFO - DAG(s) 'flight_pipeline' retrieved from /opt/airflow/dags/flight_pipeline.py
[2026-05-28T02:15:46.388+0000] {logging_mixin.py:188} INFO - [2026-05-28T02:15:46.387+0000] {dag.py:3096} INFO - Sync 1 DAGs
[2026-05-28T02:15:46.413+0000] {logging_mixin.py:188} INFO - [2026-05-28T02:15:46.413+0000] {dag.py:3954} INFO - Setting next_dagrun for flight_pipeline to 2026-05-28 02:00:00+00:00, run_after=2026-05-28 03:00:00+00:00
[2026-05-28T02:15:46.436+0000] {processor.py:183} INFO - Processing /opt/airflow/dags/flight_pipeline.py took 0.108 seconds
[2026-05-28T02:16:16.728+0000] {processor.py:161} INFO - Started process (PID=2585) to work on /opt/airflow/dags/flight_pipeline.py
[2026-05-28T02:16:16.729+0000] {processor.py:830} INFO - Processing file /opt/airflow/dags/flight_pipeline.py for tasks to queue
[2026-05-28T02:16:16.731+0000] {logging_mixin.py:188} INFO - [2026-05-28T02:16:16.731+0000] {dagbag.py:540} INFO - Filling up the DagBag from /opt/airflow/dags/flight_pipeline.py
[2026-05-28T02:16:16.755+0000] {processor.py:840} INFO - DAG(s) 'flight_pipeline' retrieved from /opt/airflow/dags/flight_pipeline.py
[2026-05-28T02:16:16.792+0000] {logging_mixin.py:188} INFO - [2026-05-28T02:16:16.791+0000] {dag.py:3096} INFO - Sync 1 DAGs
[2026-05-28T02:16:16.823+0000] {logging_mixin.py:188} INFO - [2026-05-28T02:16:16.823+0000] {dag.py:3954} INFO - Setting next_dagrun for flight_pipeline to 2026-05-28 02:00:00+00:00, run_after=2026-05-28 03:00:00+00:00
[2026-05-28T02:16:16.850+0000] {processor.py:183} INFO - Processing /opt/airflow/dags/flight_pipeline.py took 0.128 seconds
[2026-05-28T02:16:46.967+0000] {processor.py:161} INFO - Started process (PID=2590) to work on /opt/airflow/dags/flight_pipeline.py
[2026-05-28T02:16:46.969+0000] {processor.py:830} INFO - Processing file /opt/airflow/dags/flight_pipeline.py for tasks to queue
[2026-05-28T02:16:46.971+0000] {logging_mixin.py:188} INFO - [2026-05-28T02:16:46.970+0000] {dagbag.py:540} INFO - Filling up the DagBag from /opt/airflow/dags/flight_pipeline.py
[2026-05-28T02:16:46.991+0000] {processor.py:840} INFO - DAG(s) 'flight_pipeline' retrieved from /opt/airflow/dags/flight_pipeline.py
[2026-05-28T02:16:47.019+0000] {logging_mixin.py:188} INFO - [2026-05-28T02:16:47.018+0000] {dag.py:3096} INFO - Sync 1 DAGs
[2026-05-28T02:16:47.040+0000] {logging_mixin.py:188} INFO - [2026-05-28T02:16:47.040+0000] {dag.py:3954} INFO - Setting next_dagrun for flight_pipeline to 2026-05-28 02:00:00+00:00, run_after=2026-05-28 03:00:00+00:00
[2026-05-28T02:16:47.062+0000] {processor.py:183} INFO - Processing /opt/airflow/dags/flight_pipeline.py took 0.101 seconds
[2026-05-28T02:17:17.359+0000] {processor.py:161} INFO - Started process (PID=2595) to work on /opt/airflow/dags/flight_pipeline.py
[2026-05-28T02:17:17.360+0000] {processor.py:830} INFO - Processing file /opt/airflow/dags/flight_pipeline.py for tasks to queue
[2026-05-28T02:17:17.361+0000] {logging_mixin.py:188} INFO - [2026-05-28T02:17:17.361+0000] {dagbag.py:540} INFO - Filling up the DagBag from /opt/airflow/dags/flight_pipeline.py
[2026-05-28T02:17:17.382+0000] {processor.py:840} INFO - DAG(s) 'flight_pipeline' retrieved from /opt/airflow/dags/flight_pipeline.py
[2026-05-28T02:17:17.408+0000] {logging_mixin.py:188} INFO - [2026-05-28T02:17:17.408+0000] {dag.py:3096} INFO - Sync 1 DAGs
[2026-05-28T02:17:17.428+0000] {logging_mixin.py:188} INFO - [2026-05-28T02:17:17.428+0000] {dag.py:3954} INFO - Setting next_dagrun for flight_pipeline to 2026-05-28 02:00:00+00:00, run_after=2026-05-28 03:00:00+00:00
[2026-05-28T02:17:17.445+0000] {processor.py:183} INFO - Processing /opt/airflow/dags/flight_pipeline.py took 0.092 seconds
[2026-05-28T02:17:47.706+0000] {processor.py:161} INFO - Started process (PID=2600) to work on /opt/airflow/dags/flight_pipeline.py
[2026-05-28T02:17:47.708+0000] {processor.py:830} INFO - Processing file /opt/airflow/dags/flight_pipeline.py for tasks to queue
[2026-05-28T02:17:47.711+0000] {logging_mixin.py:188} INFO - [2026-05-28T02:17:47.710+0000] {dagbag.py:540} INFO - Filling up the DagBag from /opt/airflow/dags/flight_pipeline.py
[2026-05-28T02:17:47.734+0000] {processor.py:840} INFO - DAG(s) 'flight_pipeline' retrieved from /opt/airflow/dags/flight_pipeline.py
[2026-05-28T02:17:47.772+0000] {logging_mixin.py:188} INFO - [2026-05-28T02:17:47.772+0000] {dag.py:3096} INFO - Sync 1 DAGs
[2026-05-28T02:17:47.800+0000] {logging_mixin.py:188} INFO - [2026-05-28T02:17:47.800+0000] {dag.py:3954} INFO - Setting next_dagrun for flight_pipeline to 2026-05-28 02:00:00+00:00, run_after=2026-05-28 03:00:00+00:00
[2026-05-28T02:17:47.826+0000] {processor.py:183} INFO - Processing /opt/airflow/dags/flight_pipeline.py took 0.128 seconds
[2026-05-28T02:18:17.990+0000] {processor.py:161} INFO - Started process (PID=2605) to work on /opt/airflow/dags/flight_pipeline.py
[2026-05-28T02:18:17.991+0000] {processor.py:830} INFO - Processing file /opt/airflow/dags/flight_pipeline.py for tasks to queue
[2026-05-28T02:18:17.993+0000] {logging_mixin.py:188} INFO - [2026-05-28T02:18:17.992+0000] {dagbag.py:540} INFO - Filling up the DagBag from /opt/airflow/dags/flight_pipeline.py
[2026-05-28T02:18:18.019+0000] {processor.py:840} INFO - DAG(s) 'flight_pipeline' retrieved from /opt/airflow/dags/flight_pipeline.py
[2026-05-28T02:18:18.059+0000] {logging_mixin.py:188} INFO - [2026-05-28T02:18:18.058+0000] {dag.py:3096} INFO - Sync 1 DAGs
[2026-05-28T02:18:18.091+0000] {logging_mixin.py:188} INFO - [2026-05-28T02:18:18.090+0000] {dag.py:3954} INFO - Setting next_dagrun for flight_pipeline to 2026-05-28 02:00:00+00:00, run_after=2026-05-28 03:00:00+00:00
[2026-05-28T02:18:18.117+0000] {processor.py:183} INFO - Processing /opt/airflow/dags/flight_pipeline.py took 0.135 seconds
[2026-05-28T02:18:48.376+0000] {processor.py:161} INFO - Started process (PID=2610) to work on /opt/airflow/dags/flight_pipeline.py
[2026-05-28T02:18:48.378+0000] {processor.py:830} INFO - Processing file /opt/airflow/dags/flight_pipeline.py for tasks to queue
[2026-05-28T02:18:48.381+0000] {logging_mixin.py:188} INFO - [2026-05-28T02:18:48.380+0000] {dagbag.py:540} INFO - Filling up the DagBag from /opt/airflow/dags/flight_pipeline.py
[2026-05-28T02:18:48.410+0000] {processor.py:840} INFO - DAG(s) 'flight_pipeline' retrieved from /opt/airflow/dags/flight_pipeline.py
[2026-05-28T02:18:48.457+0000] {logging_mixin.py:188} INFO - [2026-05-28T02:18:48.457+0000] {dag.py:3096} INFO - Sync 1 DAGs
[2026-05-28T02:18:48.493+0000] {logging_mixin.py:188} INFO - [2026-05-28T02:18:48.493+0000] {dag.py:3954} INFO - Setting next_dagrun for flight_pipeline to 2026-05-28 02:00:00+00:00, run_after=2026-05-28 03:00:00+00:00
[2026-05-28T02:18:48.522+0000] {processor.py:183} INFO - Processing /opt/airflow/dags/flight_pipeline.py took 0.157 seconds
[2026-05-28T02:19:18.728+0000] {processor.py:161} INFO - Started process (PID=2615) to work on /opt/airflow/dags/flight_pipeline.py
[2026-05-28T02:19:18.730+0000] {processor.py:830} INFO - Processing file /opt/airflow/dags/flight_pipeline.py for tasks to queue
[2026-05-28T02:19:18.732+0000] {logging_mixin.py:188} INFO - [2026-05-28T02:19:18.732+0000] {dagbag.py:540} INFO - Filling up the DagBag from /opt/airflow/dags/flight_pipeline.py
[2026-05-28T02:19:18.754+0000] {processor.py:840} INFO - DAG(s) 'flight_pipeline' retrieved from /opt/airflow/dags/flight_pipeline.py
[2026-05-28T02:19:18.794+0000] {logging_mixin.py:188} INFO - [2026-05-28T02:19:18.794+0000] {dag.py:3096} INFO - Sync 1 DAGs
[2026-05-28T02:19:18.822+0000] {logging_mixin.py:188} INFO - [2026-05-28T02:19:18.822+0000] {dag.py:3954} INFO - Setting next_dagrun for flight_pipeline to 2026-05-28 02:00:00+00:00, run_after=2026-05-28 03:00:00+00:00
[2026-05-28T02:19:18.880+0000] {processor.py:183} INFO - Processing /opt/airflow/dags/flight_pipeline.py took 0.162 seconds
[2026-05-28T02:19:49.230+0000] {processor.py:161} INFO - Started process (PID=2620) to work on /opt/airflow/dags/flight_pipeline.py
[2026-05-28T02:19:49.232+0000] {processor.py:830} INFO - Processing file /opt/airflow/dags/flight_pipeline.py for tasks to queue
[2026-05-28T02:19:49.235+0000] {logging_mixin.py:188} INFO - [2026-05-28T02:19:49.234+0000] {dagbag.py:540} INFO - Filling up the DagBag from /opt/airflow/dags/flight_pipeline.py
[2026-05-28T02:19:49.263+0000] {processor.py:840} INFO - DAG(s) 'flight_pipeline' retrieved from /opt/airflow/dags/flight_pipeline.py
[2026-05-28T02:19:49.310+0000] {logging_mixin.py:188} INFO - [2026-05-28T02:19:49.310+0000] {dag.py:3096} INFO - Sync 1 DAGs
[2026-05-28T02:19:49.344+0000] {logging_mixin.py:188} INFO - [2026-05-28T02:19:49.344+0000] {dag.py:3954} INFO - Setting next_dagrun for flight_pipeline to 2026-05-28 02:00:00+00:00, run_after=2026-05-28 03:00:00+00:00
[2026-05-28T02:19:49.390+0000] {processor.py:183} INFO - Processing /opt/airflow/dags/flight_pipeline.py took 0.169 seconds
[2026-05-28T02:20:19.935+0000] {processor.py:161} INFO - Started process (PID=2625) to work on /opt/airflow/dags/flight_pipeline.py
[2026-05-28T02:20:19.937+0000] {processor.py:830} INFO - Processing file /opt/airflow/dags/flight_pipeline.py for tasks to queue
[2026-05-28T02:20:19.939+0000] {logging_mixin.py:188} INFO - [2026-05-28T02:20:19.939+0000] {dagbag.py:540} INFO - Filling up the DagBag from /opt/airflow/dags/flight_pipeline.py
[2026-05-28T02:20:19.972+0000] {processor.py:840} INFO - DAG(s) 'flight_pipeline' retrieved from /opt/airflow/dags/flight_pipeline.py
[2026-05-28T02:20:20.007+0000] {logging_mixin.py:188} INFO - [2026-05-28T02:20:20.007+0000] {dag.py:3096} INFO - Sync 1 DAGs
[2026-05-28T02:20:20.037+0000] {logging_mixin.py:188} INFO - [2026-05-28T02:20:20.037+0000] {dag.py:3954} INFO - Setting next_dagrun for flight_pipeline to 2026-05-28 02:00:00+00:00, run_after=2026-05-28 03:00:00+00:00
[2026-05-28T02:20:20.065+0000] {processor.py:183} INFO - Processing /opt/airflow/dags/flight_pipeline.py took 0.137 seconds
[2026-05-28T02:20:50.303+0000] {processor.py:161} INFO - Started process (PID=2630) to work on /opt/airflow/dags/flight_pipeline.py
[2026-05-28T02:20:50.304+0000] {processor.py:830} INFO - Processing file /opt/airflow/dags/flight_pipeline.py for tasks to queue
[2026-05-28T02:20:50.307+0000] {logging_mixin.py:188} INFO - [2026-05-28T02:20:50.307+0000] {dagbag.py:540} INFO - Filling up the DagBag from /opt/airflow/dags/flight_pipeline.py
[2026-05-28T02:20:50.337+0000] {processor.py:840} INFO - DAG(s) 'flight_pipeline' retrieved from /opt/airflow/dags/flight_pipeline.py
[2026-05-28T02:20:50.375+0000] {logging_mixin.py:188} INFO - [2026-05-28T02:20:50.374+0000] {dag.py:3096} INFO - Sync 1 DAGs
[2026-05-28T02:20:50.404+0000] {logging_mixin.py:188} INFO - [2026-05-28T02:20:50.404+0000] {dag.py:3954} INFO - Setting next_dagrun for flight_pipeline to 2026-05-28 02:00:00+00:00, run_after=2026-05-28 03:00:00+00:00
[2026-05-28T02:20:50.435+0000] {processor.py:183} INFO - Processing /opt/airflow/dags/flight_pipeline.py took 0.142 seconds
[2026-05-28T02:21:20.729+0000] {processor.py:161} INFO - Started process (PID=2635) to work on /opt/airflow/dags/flight_pipeline.py
[2026-05-28T02:21:20.731+0000] {processor.py:830} INFO - Processing file /opt/airflow/dags/flight_pipeline.py for tasks to queue
[2026-05-28T02:21:20.733+0000] {logging_mixin.py:188} INFO - [2026-05-28T02:21:20.733+0000] {dagbag.py:540} INFO - Filling up the DagBag from /opt/airflow/dags/flight_pipeline.py
[2026-05-28T02:21:20.759+0000] {processor.py:840} INFO - DAG(s) 'flight_pipeline' retrieved from /opt/airflow/dags/flight_pipeline.py
[2026-05-28T02:21:20.796+0000] {logging_mixin.py:188} INFO - [2026-05-28T02:21:20.796+0000] {dag.py:3096} INFO - Sync 1 DAGs
[2026-05-28T02:21:20.827+0000] {logging_mixin.py:188} INFO - [2026-05-28T02:21:20.827+0000] {dag.py:3954} INFO - Setting next_dagrun for flight_pipeline to 2026-05-28 02:00:00+00:00, run_after=2026-05-28 03:00:00+00:00
[2026-05-28T02:21:20.852+0000] {processor.py:183} INFO - Processing /opt/airflow/dags/flight_pipeline.py took 0.131 seconds
[2026-05-28T02:21:51.027+0000] {processor.py:161} INFO - Started process (PID=2640) to work on /opt/airflow/dags/flight_pipeline.py
[2026-05-28T02:21:51.029+0000] {processor.py:830} INFO - Processing file /opt/airflow/dags/flight_pipeline.py for tasks to queue
[2026-05-28T02:21:51.031+0000] {logging_mixin.py:188} INFO - [2026-05-28T02:21:51.031+0000] {dagbag.py:540} INFO - Filling up the DagBag from /opt/airflow/dags/flight_pipeline.py
[2026-05-28T02:21:51.055+0000] {processor.py:840} INFO - DAG(s) 'flight_pipeline' retrieved from /opt/airflow/dags/flight_pipeline.py
[2026-05-28T02:21:51.093+0000] {logging_mixin.py:188} INFO - [2026-05-28T02:21:51.093+0000] {dag.py:3096} INFO - Sync 1 DAGs
[2026-05-28T02:21:51.125+0000] {logging_mixin.py:188} INFO - [2026-05-28T02:21:51.124+0000] {dag.py:3954} INFO - Setting next_dagrun for flight_pipeline to 2026-05-28 02:00:00+00:00, run_after=2026-05-28 03:00:00+00:00
[2026-05-28T02:21:51.148+0000] {processor.py:183} INFO - Processing /opt/airflow/dags/flight_pipeline.py took 0.129 seconds
[2026-05-28T02:22:21.460+0000] {processor.py:161} INFO - Started process (PID=2645) to work on /opt/airflow/dags/flight_pipeline.py
[2026-05-28T02:22:21.462+0000] {processor.py:830} INFO - Processing file /opt/airflow/dags/flight_pipeline.py for tasks to queue
[2026-05-28T02:22:21.465+0000] {logging_mixin.py:188} INFO - [2026-05-28T02:22:21.465+0000] {dagbag.py:540} INFO - Filling up the DagBag from /opt/airflow/dags/flight_pipeline.py
[2026-05-28T02:22:21.491+0000] {processor.py:840} INFO - DAG(s) 'flight_pipeline' retrieved from /opt/airflow/dags/flight_pipeline.py
[2026-05-28T02:22:21.543+0000] {logging_mixin.py:188} INFO - [2026-05-28T02:22:21.542+0000] {dag.py:3096} INFO - Sync 1 DAGs
[2026-05-28T02:22:21.576+0000] {logging_mixin.py:188} INFO - [2026-05-28T02:22:21.575+0000] {dag.py:3954} INFO - Setting next_dagrun for flight_pipeline to 2026-05-28 02:00:00+00:00, run_after=2026-05-28 03:00:00+00:00
[2026-05-28T02:22:21.609+0000] {processor.py:183} INFO - Processing /opt/airflow/dags/flight_pipeline.py took 0.159 seconds
[2026-05-28T02:22:51.752+0000] {processor.py:161} INFO - Started process (PID=2650) to work on /opt/airflow/dags/flight_pipeline.py
[2026-05-28T02:22:51.754+0000] {processor.py:830} INFO - Processing file /opt/airflow/dags/flight_pipeline.py for tasks to queue
[2026-05-28T02:22:51.756+0000] {logging_mixin.py:188} INFO - [2026-05-28T02:22:51.756+0000] {dagbag.py:540} INFO - Filling up the DagBag from /opt/airflow/dags/flight_pipeline.py
[2026-05-28T02:22:51.781+0000] {processor.py:840} INFO - DAG(s) 'flight_pipeline' retrieved from /opt/airflow/dags/flight_pipeline.py
[2026-05-28T02:22:51.820+0000] {logging_mixin.py:188} INFO - [2026-05-28T02:22:51.820+0000] {dag.py:3096} INFO - Sync 1 DAGs
[2026-05-28T02:22:51.851+0000] {logging_mixin.py:188} INFO - [2026-05-28T02:22:51.851+0000] {dag.py:3954} INFO - Setting next_dagrun for flight_pipeline to 2026-05-28 02:00:00+00:00, run_after=2026-05-28 03:00:00+00:00
[2026-05-28T02:22:51.880+0000] {processor.py:183} INFO - Processing /opt/airflow/dags/flight_pipeline.py took 0.137 seconds
[2026-05-28T02:23:22.257+0000] {processor.py:161} INFO - Started process (PID=2655) to work on /opt/airflow/dags/flight_pipeline.py
[2026-05-28T02:23:22.261+0000] {processor.py:830} INFO - Processing file /opt/airflow/dags/flight_pipeline.py for tasks to queue
[2026-05-28T02:23:22.269+0000] {logging_mixin.py:188} INFO - [2026-05-28T02:23:22.267+0000] {dagbag.py:540} INFO - Filling up the DagBag from /opt/airflow/dags/flight_pipeline.py
[2026-05-28T02:23:22.302+0000] {processor.py:840} INFO - DAG(s) 'flight_pipeline' retrieved from /opt/airflow/dags/flight_pipeline.py
[2026-05-28T02:23:22.345+0000] {logging_mixin.py:188} INFO - [2026-05-28T02:23:22.345+0000] {dag.py:3096} INFO - Sync 1 DAGs
[2026-05-28T02:23:22.383+0000] {logging_mixin.py:188} INFO - [2026-05-28T02:23:22.383+0000] {dag.py:3954} INFO - Setting next_dagrun for flight_pipeline to 2026-05-28 02:00:00+00:00, run_after=2026-05-28 03:00:00+00:00
[2026-05-28T02:23:22.417+0000] {processor.py:183} INFO - Processing /opt/airflow/dags/flight_pipeline.py took 0.174 seconds
[2026-05-28T02:23:52.583+0000] {processor.py:161} INFO - Started process (PID=2660) to work on /opt/airflow/dags/flight_pipeline.py
[2026-05-28T02:23:52.585+0000] {processor.py:830} INFO - Processing file /opt/airflow/dags/flight_pipeline.py for tasks to queue
[2026-05-28T02:23:52.589+0000] {logging_mixin.py:188} INFO - [2026-05-28T02:23:52.588+0000] {dagbag.py:540} INFO - Filling up the DagBag from /opt/airflow/dags/flight_pipeline.py
[2026-05-28T02:23:52.620+0000] {processor.py:840} INFO - DAG(s) 'flight_pipeline' retrieved from /opt/airflow/dags/flight_pipeline.py
[2026-05-28T02:23:52.668+0000] {logging_mixin.py:188} INFO - [2026-05-28T02:23:52.668+0000] {dag.py:3096} INFO - Sync 1 DAGs
[2026-05-28T02:23:52.709+0000] {logging_mixin.py:188} INFO - [2026-05-28T02:23:52.708+0000] {dag.py:3954} INFO - Setting next_dagrun for flight_pipeline to 2026-05-28 02:00:00+00:00, run_after=2026-05-28 03:00:00+00:00
[2026-05-28T02:23:52.741+0000] {processor.py:183} INFO - Processing /opt/airflow/dags/flight_pipeline.py took 0.169 seconds
[2026-05-28T02:24:23.091+0000] {processor.py:161} INFO - Started process (PID=2665) to work on /opt/airflow/dags/flight_pipeline.py
[2026-05-28T02:24:23.092+0000] {processor.py:830} INFO - Processing file /opt/airflow/dags/flight_pipeline.py for tasks to queue
[2026-05-28T02:24:23.095+0000] {logging_mixin.py:188} INFO - [2026-05-28T02:24:23.094+0000] {dagbag.py:540} INFO - Filling up the DagBag from /opt/airflow/dags/flight_pipeline.py
[2026-05-28T02:24:23.119+0000] {processor.py:840} INFO - DAG(s) 'flight_pipeline' retrieved from /opt/airflow/dags/flight_pipeline.py
[2026-05-28T02:24:23.160+0000] {logging_mixin.py:188} INFO - [2026-05-28T02:24:23.159+0000] {dag.py:3096} INFO - Sync 1 DAGs
[2026-05-28T02:24:23.191+0000] {logging_mixin.py:188} INFO - [2026-05-28T02:24:23.191+0000] {dag.py:3954} INFO - Setting next_dagrun for flight_pipeline to 2026-05-28 02:00:00+00:00, run_after=2026-05-28 03:00:00+00:00
[2026-05-28T02:24:23.220+0000] {processor.py:183} INFO - Processing /opt/airflow/dags/flight_pipeline.py took 0.135 seconds
[2026-05-28T02:24:53.422+0000] {processor.py:161} INFO - Started process (PID=2670) to work on /opt/airflow/dags/flight_pipeline.py
[2026-05-28T02:24:53.423+0000] {processor.py:830} INFO - Processing file /opt/airflow/dags/flight_pipeline.py for tasks to queue
[2026-05-28T02:24:53.425+0000] {logging_mixin.py:188} INFO - [2026-05-28T02:24:53.425+0000] {dagbag.py:540} INFO - Filling up the DagBag from /opt/airflow/dags/flight_pipeline.py
[2026-05-28T02:24:53.450+0000] {processor.py:840} INFO - DAG(s) 'flight_pipeline' retrieved from /opt/airflow/dags/flight_pipeline.py
[2026-05-28T02:24:53.482+0000] {logging_mixin.py:188} INFO - [2026-05-28T02:24:53.482+0000] {dag.py:3096} INFO - Sync 1 DAGs
[2026-05-28T02:24:53.512+0000] {logging_mixin.py:188} INFO - [2026-05-28T02:24:53.512+0000] {dag.py:3954} INFO - Setting next_dagrun for flight_pipeline to 2026-05-28 02:00:00+00:00, run_after=2026-05-28 03:00:00+00:00
[2026-05-28T02:24:53.537+0000] {processor.py:183} INFO - Processing /opt/airflow/dags/flight_pipeline.py took 0.121 seconds
[2026-05-28T02:25:23.808+0000] {processor.py:161} INFO - Started process (PID=2675) to work on /opt/airflow/dags/flight_pipeline.py
[2026-05-28T02:25:23.809+0000] {processor.py:830} INFO - Processing file /opt/airflow/dags/flight_pipeline.py for tasks to queue
[2026-05-28T02:25:23.812+0000] {logging_mixin.py:188} INFO - [2026-05-28T02:25:23.811+0000] {dagbag.py:540} INFO - Filling up the DagBag from /opt/airflow/dags/flight_pipeline.py
[2026-05-28T02:25:23.834+0000] {processor.py:840} INFO - DAG(s) 'flight_pipeline' retrieved from /opt/airflow/dags/flight_pipeline.py
[2026-05-28T02:25:23.867+0000] {logging_mixin.py:188} INFO - [2026-05-28T02:25:23.867+0000] {dag.py:3096} INFO - Sync 1 DAGs
[2026-05-28T02:25:23.895+0000] {logging_mixin.py:188} INFO - [2026-05-28T02:25:23.895+0000] {dag.py:3954} INFO - Setting next_dagrun for flight_pipeline to 2026-05-28 02:00:00+00:00, run_after=2026-05-28 03:00:00+00:00
[2026-05-28T02:25:23.916+0000] {processor.py:183} INFO - Processing /opt/airflow/dags/flight_pipeline.py took 0.115 seconds
[2026-05-28T02:25:54.152+0000] {processor.py:161} INFO - Started process (PID=2680) to work on /opt/airflow/dags/flight_pipeline.py
[2026-05-28T02:25:54.154+0000] {processor.py:830} INFO - Processing file /opt/airflow/dags/flight_pipeline.py for tasks to queue
[2026-05-28T02:25:54.156+0000] {logging_mixin.py:188} INFO - [2026-05-28T02:25:54.155+0000] {dagbag.py:540} INFO - Filling up the DagBag from /opt/airflow/dags/flight_pipeline.py
[2026-05-28T02:25:54.187+0000] {processor.py:840} INFO - DAG(s) 'flight_pipeline' retrieved from /opt/airflow/dags/flight_pipeline.py
[2026-05-28T02:25:54.224+0000] {logging_mixin.py:188} INFO - [2026-05-28T02:25:54.224+0000] {dag.py:3096} INFO - Sync 1 DAGs
[2026-05-28T02:25:54.249+0000] {logging_mixin.py:188} INFO - [2026-05-28T02:25:54.249+0000] {dag.py:3954} INFO - Setting next_dagrun for flight_pipeline to 2026-05-28 02:00:00+00:00, run_after=2026-05-28 03:00:00+00:00
[2026-05-28T02:25:54.277+0000] {processor.py:183} INFO - Processing /opt/airflow/dags/flight_pipeline.py took 0.132 seconds
[2026-05-28T02:26:24.497+0000] {processor.py:161} INFO - Started process (PID=2685) to work on /opt/airflow/dags/flight_pipeline.py
[2026-05-28T02:26:24.498+0000] {processor.py:830} INFO - Processing file /opt/airflow/dags/flight_pipeline.py for tasks to queue
[2026-05-28T02:26:24.501+0000] {logging_mixin.py:188} INFO - [2026-05-28T02:26:24.501+0000] {dagbag.py:540} INFO - Filling up the DagBag from /opt/airflow/dags/flight_pipeline.py
[2026-05-28T02:26:24.522+0000] {processor.py:840} INFO - DAG(s) 'flight_pipeline' retrieved from /opt/airflow/dags/flight_pipeline.py
[2026-05-28T02:26:24.555+0000] {logging_mixin.py:188} INFO - [2026-05-28T02:26:24.555+0000] {dag.py:3096} INFO - Sync 1 DAGs
[2026-05-28T02:26:24.579+0000] {logging_mixin.py:188} INFO - [2026-05-28T02:26:24.579+0000] {dag.py:3954} INFO - Setting next_dagrun for flight_pipeline to 2026-05-28 02:00:00+00:00, run_after=2026-05-28 03:00:00+00:00
[2026-05-28T02:26:24.605+0000] {processor.py:183} INFO - Processing /opt/airflow/dags/flight_pipeline.py took 0.115 seconds
[2026-05-28T02:26:54.868+0000] {processor.py:161} INFO - Started process (PID=2690) to work on /opt/airflow/dags/flight_pipeline.py
[2026-05-28T02:26:54.870+0000] {processor.py:830} INFO - Processing file /opt/airflow/dags/flight_pipeline.py for tasks to queue
[2026-05-28T02:26:54.874+0000] {logging_mixin.py:188} INFO - [2026-05-28T02:26:54.874+0000] {dagbag.py:540} INFO - Filling up the DagBag from /opt/airflow/dags/flight_pipeline.py
[2026-05-28T02:26:54.904+0000] {processor.py:840} INFO - DAG(s) 'flight_pipeline' retrieved from /opt/airflow/dags/flight_pipeline.py
[2026-05-28T02:26:54.950+0000] {logging_mixin.py:188} INFO - [2026-05-28T02:26:54.950+0000] {dag.py:3096} INFO - Sync 1 DAGs
[2026-05-28T02:26:54.984+0000] {logging_mixin.py:188} INFO - [2026-05-28T02:26:54.984+0000] {dag.py:3954} INFO - Setting next_dagrun for flight_pipeline to 2026-05-28 02:00:00+00:00, run_after=2026-05-28 03:00:00+00:00
[2026-05-28T02:26:55.022+0000] {processor.py:183} INFO - Processing /opt/airflow/dags/flight_pipeline.py took 0.164 seconds
[2026-05-28T02:27:25.216+0000] {processor.py:161} INFO - Started process (PID=2695) to work on /opt/airflow/dags/flight_pipeline.py
[2026-05-28T02:27:25.218+0000] {processor.py:830} INFO - Processing file /opt/airflow/dags/flight_pipeline.py for tasks to queue
[2026-05-28T02:27:25.220+0000] {logging_mixin.py:188} INFO - [2026-05-28T02:27:25.220+0000] {dagbag.py:540} INFO - Filling up the DagBag from /opt/airflow/dags/flight_pipeline.py
[2026-05-28T02:27:25.245+0000] {processor.py:840} INFO - DAG(s) 'flight_pipeline' retrieved from /opt/airflow/dags/flight_pipeline.py
[2026-05-28T02:27:25.286+0000] {logging_mixin.py:188} INFO - [2026-05-28T02:27:25.286+0000] {dag.py:3096} INFO - Sync 1 DAGs
[2026-05-28T02:27:25.321+0000] {logging_mixin.py:188} INFO - [2026-05-28T02:27:25.321+0000] {dag.py:3954} INFO - Setting next_dagrun for flight_pipeline to 2026-05-28 02:00:00+00:00, run_after=2026-05-28 03:00:00+00:00
[2026-05-28T02:27:25.348+0000] {processor.py:183} INFO - Processing /opt/airflow/dags/flight_pipeline.py took 0.141 seconds
[2026-05-28T02:27:55.664+0000] {processor.py:161} INFO - Started process (PID=2700) to work on /opt/airflow/dags/flight_pipeline.py
[2026-05-28T02:27:55.665+0000] {processor.py:830} INFO - Processing file /opt/airflow/dags/flight_pipeline.py for tasks to queue
[2026-05-28T02:27:55.668+0000] {logging_mixin.py:188} INFO - [2026-05-28T02:27:55.667+0000] {dagbag.py:540} INFO - Filling up the DagBag from /opt/airflow/dags/flight_pipeline.py
[2026-05-28T02:27:55.694+0000] {processor.py:840} INFO - DAG(s) 'flight_pipeline' retrieved from /opt/airflow/dags/flight_pipeline.py
[2026-05-28T02:27:55.731+0000] {logging_mixin.py:188} INFO - [2026-05-28T02:27:55.731+0000] {dag.py:3096} INFO - Sync 1 DAGs
[2026-05-28T02:27:55.761+0000] {logging_mixin.py:188} INFO - [2026-05-28T02:27:55.760+0000] {dag.py:3954} INFO - Setting next_dagrun for flight_pipeline to 2026-05-28 02:00:00+00:00, run_after=2026-05-28 03:00:00+00:00
[2026-05-28T02:27:55.785+0000] {processor.py:183} INFO - Processing /opt/airflow/dags/flight_pipeline.py took 0.130 seconds
[2026-05-28T02:28:25.955+0000] {processor.py:161} INFO - Started process (PID=2705) to work on /opt/airflow/dags/flight_pipeline.py
[2026-05-28T02:28:25.956+0000] {processor.py:830} INFO - Processing file /opt/airflow/dags/flight_pipeline.py for tasks to queue
[2026-05-28T02:28:25.959+0000] {logging_mixin.py:188} INFO - [2026-05-28T02:28:25.959+0000] {dagbag.py:540} INFO - Filling up the DagBag from /opt/airflow/dags/flight_pipeline.py
[2026-05-28T02:28:25.983+0000] {processor.py:840} INFO - DAG(s) 'flight_pipeline' retrieved from /opt/airflow/dags/flight_pipeline.py
[2026-05-28T02:28:26.024+0000] {logging_mixin.py:188} INFO - [2026-05-28T02:28:26.023+0000] {dag.py:3096} INFO - Sync 1 DAGs
[2026-05-28T02:28:26.054+0000] {logging_mixin.py:188} INFO - [2026-05-28T02:28:26.054+0000] {dag.py:3954} INFO - Setting next_dagrun for flight_pipeline to 2026-05-28 02:00:00+00:00, run_after=2026-05-28 03:00:00+00:00
[2026-05-28T02:28:26.081+0000] {processor.py:183} INFO - Processing /opt/airflow/dags/flight_pipeline.py took 0.136 seconds
[2026-05-28T02:28:56.340+0000] {processor.py:161} INFO - Started process (PID=2710) to work on /opt/airflow/dags/flight_pipeline.py
[2026-05-28T02:28:56.341+0000] {processor.py:830} INFO - Processing file /opt/airflow/dags/flight_pipeline.py for tasks to queue
[2026-05-28T02:28:56.345+0000] {logging_mixin.py:188} INFO - [2026-05-28T02:28:56.344+0000] {dagbag.py:540} INFO - Filling up the DagBag from /opt/airflow/dags/flight_pipeline.py
[2026-05-28T02:28:56.386+0000] {processor.py:840} INFO - DAG(s) 'flight_pipeline' retrieved from /opt/airflow/dags/flight_pipeline.py
[2026-05-28T02:28:56.479+0000] {logging_mixin.py:188} INFO - [2026-05-28T02:28:56.479+0000] {dag.py:3096} INFO - Sync 1 DAGs
[2026-05-28T02:28:56.506+0000] {logging_mixin.py:188} INFO - [2026-05-28T02:28:56.506+0000] {dag.py:3954} INFO - Setting next_dagrun for flight_pipeline to 2026-05-28 02:00:00+00:00, run_after=2026-05-28 03:00:00+00:00
[2026-05-28T02:28:56.531+0000] {processor.py:183} INFO - Processing /opt/airflow/dags/flight_pipeline.py took 0.202 seconds
[2026-05-28T02:29:26.703+0000] {processor.py:161} INFO - Started process (PID=2715) to work on /opt/airflow/dags/flight_pipeline.py
[2026-05-28T02:29:26.705+0000] {processor.py:830} INFO - Processing file /opt/airflow/dags/flight_pipeline.py for tasks to queue
[2026-05-28T02:29:26.708+0000] {logging_mixin.py:188} INFO - [2026-05-28T02:29:26.707+0000] {dagbag.py:540} INFO - Filling up the DagBag from /opt/airflow/dags/flight_pipeline.py
[2026-05-28T02:29:26.734+0000] {processor.py:840} INFO - DAG(s) 'flight_pipeline' retrieved from /opt/airflow/dags/flight_pipeline.py
[2026-05-28T02:29:26.776+0000] {logging_mixin.py:188} INFO - [2026-05-28T02:29:26.776+0000] {dag.py:3096} INFO - Sync 1 DAGs
[2026-05-28T02:29:26.808+0000] {logging_mixin.py:188} INFO - [2026-05-28T02:29:26.807+0000] {dag.py:3954} INFO - Setting next_dagrun for flight_pipeline to 2026-05-28 02:00:00+00:00, run_after=2026-05-28 03:00:00+00:00
[2026-05-28T02:29:26.834+0000] {processor.py:183} INFO - Processing /opt/airflow/dags/flight_pipeline.py took 0.141 seconds
[2026-05-28T02:29:57.140+0000] {processor.py:161} INFO - Started process (PID=2720) to work on /opt/airflow/dags/flight_pipeline.py
[2026-05-28T02:29:57.142+0000] {processor.py:830} INFO - Processing file /opt/airflow/dags/flight_pipeline.py for tasks to queue
[2026-05-28T02:29:57.145+0000] {logging_mixin.py:188} INFO - [2026-05-28T02:29:57.145+0000] {dagbag.py:540} INFO - Filling up the DagBag from /opt/airflow/dags/flight_pipeline.py
[2026-05-28T02:29:57.170+0000] {processor.py:840} INFO - DAG(s) 'flight_pipeline' retrieved from /opt/airflow/dags/flight_pipeline.py
[2026-05-28T02:29:57.205+0000] {logging_mixin.py:188} INFO - [2026-05-28T02:29:57.204+0000] {dag.py:3096} INFO - Sync 1 DAGs
[2026-05-28T02:29:57.233+0000] {logging_mixin.py:188} INFO - [2026-05-28T02:29:57.233+0000] {dag.py:3954} INFO - Setting next_dagrun for flight_pipeline to 2026-05-28 02:00:00+00:00, run_after=2026-05-28 03:00:00+00:00
[2026-05-28T02:29:57.259+0000] {processor.py:183} INFO - Processing /opt/airflow/dags/flight_pipeline.py took 0.127 seconds
[2026-05-28T02:30:27.527+0000] {processor.py:161} INFO - Started process (PID=2725) to work on /opt/airflow/dags/flight_pipeline.py
[2026-05-28T02:30:27.528+0000] {processor.py:830} INFO - Processing file /opt/airflow/dags/flight_pipeline.py for tasks to queue
[2026-05-28T02:30:27.531+0000] {logging_mixin.py:188} INFO - [2026-05-28T02:30:27.530+0000] {dagbag.py:540} INFO - Filling up the DagBag from /opt/airflow/dags/flight_pipeline.py
[2026-05-28T02:30:27.556+0000] {processor.py:840} INFO - DAG(s) 'flight_pipeline' retrieved from /opt/airflow/dags/flight_pipeline.py
[2026-05-28T02:30:27.595+0000] {logging_mixin.py:188} INFO - [2026-05-28T02:30:27.595+0000] {dag.py:3096} INFO - Sync 1 DAGs
[2026-05-28T02:30:27.623+0000] {logging_mixin.py:188} INFO - [2026-05-28T02:30:27.623+0000] {dag.py:3954} INFO - Setting next_dagrun for flight_pipeline to 2026-05-28 02:00:00+00:00, run_after=2026-05-28 03:00:00+00:00
[2026-05-28T02:30:27.646+0000] {processor.py:183} INFO - Processing /opt/airflow/dags/flight_pipeline.py took 0.129 seconds
[2026-05-28T02:30:57.972+0000] {processor.py:161} INFO - Started process (PID=2730) to work on /opt/airflow/dags/flight_pipeline.py
[2026-05-28T02:30:57.973+0000] {processor.py:830} INFO - Processing file /opt/airflow/dags/flight_pipeline.py for tasks to queue
[2026-05-28T02:30:57.976+0000] {logging_mixin.py:188} INFO - [2026-05-28T02:30:57.976+0000] {dagbag.py:540} INFO - Filling up the DagBag from /opt/airflow/dags/flight_pipeline.py
[2026-05-28T02:30:57.997+0000] {processor.py:840} INFO - DAG(s) 'flight_pipeline' retrieved from /opt/airflow/dags/flight_pipeline.py
[2026-05-28T02:30:58.032+0000] {logging_mixin.py:188} INFO - [2026-05-28T02:30:58.032+0000] {dag.py:3096} INFO - Sync 1 DAGs
[2026-05-28T02:30:58.061+0000] {logging_mixin.py:188} INFO - [2026-05-28T02:30:58.061+0000] {dag.py:3954} INFO - Setting next_dagrun for flight_pipeline to 2026-05-28 02:00:00+00:00, run_after=2026-05-28 03:00:00+00:00
[2026-05-28T02:30:58.086+0000] {processor.py:183} INFO - Processing /opt/airflow/dags/flight_pipeline.py took 0.123 seconds
[2026-05-28T02:31:28.287+0000] {processor.py:161} INFO - Started process (PID=2735) to work on /opt/airflow/dags/flight_pipeline.py
[2026-05-28T02:31:28.289+0000] {processor.py:830} INFO - Processing file /opt/airflow/dags/flight_pipeline.py for tasks to queue
[2026-05-28T02:31:28.293+0000] {logging_mixin.py:188} INFO - [2026-05-28T02:31:28.293+0000] {dagbag.py:540} INFO - Filling up the DagBag from /opt/airflow/dags/flight_pipeline.py
[2026-05-28T02:31:28.321+0000] {processor.py:840} INFO - DAG(s) 'flight_pipeline' retrieved from /opt/airflow/dags/flight_pipeline.py
[2026-05-28T02:31:28.368+0000] {logging_mixin.py:188} INFO - [2026-05-28T02:31:28.367+0000] {dag.py:3096} INFO - Sync 1 DAGs
[2026-05-28T02:31:28.410+0000] {logging_mixin.py:188} INFO - [2026-05-28T02:31:28.410+0000] {dag.py:3954} INFO - Setting next_dagrun for flight_pipeline to 2026-05-28 02:00:00+00:00, run_after=2026-05-28 03:00:00+00:00
[2026-05-28T02:31:28.444+0000] {processor.py:183} INFO - Processing /opt/airflow/dags/flight_pipeline.py took 0.166 seconds
[2026-05-28T02:31:58.737+0000] {processor.py:161} INFO - Started process (PID=2740) to work on /opt/airflow/dags/flight_pipeline.py
[2026-05-28T02:31:58.739+0000] {processor.py:830} INFO - Processing file /opt/airflow/dags/flight_pipeline.py for tasks to queue
[2026-05-28T02:31:58.741+0000] {logging_mixin.py:188} INFO - [2026-05-28T02:31:58.741+0000] {dagbag.py:540} INFO - Filling up the DagBag from /opt/airflow/dags/flight_pipeline.py
[2026-05-28T02:31:58.767+0000] {processor.py:840} INFO - DAG(s) 'flight_pipeline' retrieved from /opt/airflow/dags/flight_pipeline.py
[2026-05-28T02:31:58.809+0000] {logging_mixin.py:188} INFO - [2026-05-28T02:31:58.809+0000] {dag.py:3096} INFO - Sync 1 DAGs
[2026-05-28T02:31:58.856+0000] {logging_mixin.py:188} INFO - [2026-05-28T02:31:58.856+0000] {dag.py:3954} INFO - Setting next_dagrun for flight_pipeline to 2026-05-28 02:00:00+00:00, run_after=2026-05-28 03:00:00+00:00
[2026-05-28T02:31:58.899+0000] {processor.py:183} INFO - Processing /opt/airflow/dags/flight_pipeline.py took 0.169 seconds
[2026-05-28T02:32:29.024+0000] {processor.py:161} INFO - Started process (PID=2745) to work on /opt/airflow/dags/flight_pipeline.py
[2026-05-28T02:32:29.025+0000] {processor.py:830} INFO - Processing file /opt/airflow/dags/flight_pipeline.py for tasks to queue
[2026-05-28T02:32:29.027+0000] {logging_mixin.py:188} INFO - [2026-05-28T02:32:29.027+0000] {dagbag.py:540} INFO - Filling up the DagBag from /opt/airflow/dags/flight_pipeline.py
[2026-05-28T02:32:29.054+0000] {processor.py:840} INFO - DAG(s) 'flight_pipeline' retrieved from /opt/airflow/dags/flight_pipeline.py
[2026-05-28T02:32:29.092+0000] {logging_mixin.py:188} INFO - [2026-05-28T02:32:29.091+0000] {dag.py:3096} INFO - Sync 1 DAGs
[2026-05-28T02:32:29.144+0000] {logging_mixin.py:188} INFO - [2026-05-28T02:32:29.144+0000] {dag.py:3954} INFO - Setting next_dagrun for flight_pipeline to 2026-05-28 02:00:00+00:00, run_after=2026-05-28 03:00:00+00:00
[2026-05-28T02:32:29.175+0000] {processor.py:183} INFO - Processing /opt/airflow/dags/flight_pipeline.py took 0.160 seconds
[2026-05-28T02:32:59.507+0000] {processor.py:161} INFO - Started process (PID=2750) to work on /opt/airflow/dags/flight_pipeline.py
[2026-05-28T02:32:59.510+0000] {processor.py:830} INFO - Processing file /opt/airflow/dags/flight_pipeline.py for tasks to queue
[2026-05-28T02:32:59.513+0000] {logging_mixin.py:188} INFO - [2026-05-28T02:32:59.513+0000] {dagbag.py:540} INFO - Filling up the DagBag from /opt/airflow/dags/flight_pipeline.py
[2026-05-28T02:32:59.542+0000] {processor.py:840} INFO - DAG(s) 'flight_pipeline' retrieved from /opt/airflow/dags/flight_pipeline.py
[2026-05-28T02:32:59.588+0000] {logging_mixin.py:188} INFO - [2026-05-28T02:32:59.588+0000] {dag.py:3096} INFO - Sync 1 DAGs
[2026-05-28T02:32:59.625+0000] {logging_mixin.py:188} INFO - [2026-05-28T02:32:59.624+0000] {dag.py:3954} INFO - Setting next_dagrun for flight_pipeline to 2026-05-28 02:00:00+00:00, run_after=2026-05-28 03:00:00+00:00
[2026-05-28T02:32:59.655+0000] {processor.py:183} INFO - Processing /opt/airflow/dags/flight_pipeline.py took 0.159 seconds
[2026-05-28T02:33:29.824+0000] {processor.py:161} INFO - Started process (PID=2755) to work on /opt/airflow/dags/flight_pipeline.py
[2026-05-28T02:33:29.825+0000] {processor.py:830} INFO - Processing file /opt/airflow/dags/flight_pipeline.py for tasks to queue
[2026-05-28T02:33:29.827+0000] {logging_mixin.py:188} INFO - [2026-05-28T02:33:29.827+0000] {dagbag.py:540} INFO - Filling up the DagBag from /opt/airflow/dags/flight_pipeline.py
[2026-05-28T02:33:29.853+0000] {processor.py:840} INFO - DAG(s) 'flight_pipeline' retrieved from /opt/airflow/dags/flight_pipeline.py
[2026-05-28T02:33:29.887+0000] {logging_mixin.py:188} INFO - [2026-05-28T02:33:29.886+0000] {dag.py:3096} INFO - Sync 1 DAGs
[2026-05-28T02:33:29.918+0000] {logging_mixin.py:188} INFO - [2026-05-28T02:33:29.918+0000] {dag.py:3954} INFO - Setting next_dagrun for flight_pipeline to 2026-05-28 02:00:00+00:00, run_after=2026-05-28 03:00:00+00:00
[2026-05-28T02:33:29.947+0000] {processor.py:183} INFO - Processing /opt/airflow/dags/flight_pipeline.py took 0.131 seconds
[2026-05-28T02:34:00.270+0000] {processor.py:161} INFO - Started process (PID=2760) to work on /opt/airflow/dags/flight_pipeline.py
[2026-05-28T02:34:00.271+0000] {processor.py:830} INFO - Processing file /opt/airflow/dags/flight_pipeline.py for tasks to queue
[2026-05-28T02:34:00.274+0000] {logging_mixin.py:188} INFO - [2026-05-28T02:34:00.273+0000] {dagbag.py:540} INFO - Filling up the DagBag from /opt/airflow/dags/flight_pipeline.py
[2026-05-28T02:34:00.301+0000] {processor.py:840} INFO - DAG(s) 'flight_pipeline' retrieved from /opt/airflow/dags/flight_pipeline.py
[2026-05-28T02:34:00.335+0000] {logging_mixin.py:188} INFO - [2026-05-28T02:34:00.335+0000] {dag.py:3096} INFO - Sync 1 DAGs
[2026-05-28T02:34:00.371+0000] {logging_mixin.py:188} INFO - [2026-05-28T02:34:00.370+0000] {dag.py:3954} INFO - Setting next_dagrun for flight_pipeline to 2026-05-28 02:00:00+00:00, run_after=2026-05-28 03:00:00+00:00
[2026-05-28T02:34:00.402+0000] {processor.py:183} INFO - Processing /opt/airflow/dags/flight_pipeline.py took 0.140 seconds
[2026-05-28T02:34:30.572+0000] {processor.py:161} INFO - Started process (PID=2765) to work on /opt/airflow/dags/flight_pipeline.py
[2026-05-28T02:34:30.574+0000] {processor.py:830} INFO - Processing file /opt/airflow/dags/flight_pipeline.py for tasks to queue
[2026-05-28T02:34:30.577+0000] {logging_mixin.py:188} INFO - [2026-05-28T02:34:30.576+0000] {dagbag.py:540} INFO - Filling up the DagBag from /opt/airflow/dags/flight_pipeline.py
[2026-05-28T02:34:30.602+0000] {processor.py:840} INFO - DAG(s) 'flight_pipeline' retrieved from /opt/airflow/dags/flight_pipeline.py
[2026-05-28T02:34:30.647+0000] {logging_mixin.py:188} INFO - [2026-05-28T02:34:30.646+0000] {dag.py:3096} INFO - Sync 1 DAGs
[2026-05-28T02:34:30.684+0000] {logging_mixin.py:188} INFO - [2026-05-28T02:34:30.684+0000] {dag.py:3954} INFO - Setting next_dagrun for flight_pipeline to 2026-05-28 02:00:00+00:00, run_after=2026-05-28 03:00:00+00:00
[2026-05-28T02:34:30.717+0000] {processor.py:183} INFO - Processing /opt/airflow/dags/flight_pipeline.py took 0.153 seconds
[2026-05-28T02:35:00.987+0000] {processor.py:161} INFO - Started process (PID=2770) to work on /opt/airflow/dags/flight_pipeline.py
[2026-05-28T02:35:00.988+0000] {processor.py:830} INFO - Processing file /opt/airflow/dags/flight_pipeline.py for tasks to queue
[2026-05-28T02:35:00.991+0000] {logging_mixin.py:188} INFO - [2026-05-28T02:35:00.990+0000] {dagbag.py:540} INFO - Filling up the DagBag from /opt/airflow/dags/flight_pipeline.py
[2026-05-28T02:35:01.014+0000] {processor.py:840} INFO - DAG(s) 'flight_pipeline' retrieved from /opt/airflow/dags/flight_pipeline.py
[2026-05-28T02:35:01.045+0000] {logging_mixin.py:188} INFO - [2026-05-28T02:35:01.045+0000] {dag.py:3096} INFO - Sync 1 DAGs
[2026-05-28T02:35:01.071+0000] {logging_mixin.py:188} INFO - [2026-05-28T02:35:01.071+0000] {dag.py:3954} INFO - Setting next_dagrun for flight_pipeline to 2026-05-28 02:00:00+00:00, run_after=2026-05-28 03:00:00+00:00
[2026-05-28T02:35:01.297+0000] {processor.py:183} INFO - Processing /opt/airflow/dags/flight_pipeline.py took 0.317 seconds
[2026-05-28T02:35:31.650+0000] {processor.py:161} INFO - Started process (PID=2775) to work on /opt/airflow/dags/flight_pipeline.py
[2026-05-28T02:35:31.652+0000] {processor.py:830} INFO - Processing file /opt/airflow/dags/flight_pipeline.py for tasks to queue
[2026-05-28T02:35:31.654+0000] {logging_mixin.py:188} INFO - [2026-05-28T02:35:31.654+0000] {dagbag.py:540} INFO - Filling up the DagBag from /opt/airflow/dags/flight_pipeline.py
[2026-05-28T02:35:31.679+0000] {processor.py:840} INFO - DAG(s) 'flight_pipeline' retrieved from /opt/airflow/dags/flight_pipeline.py
[2026-05-28T02:35:31.713+0000] {logging_mixin.py:188} INFO - [2026-05-28T02:35:31.713+0000] {dag.py:3096} INFO - Sync 1 DAGs
[2026-05-28T02:35:31.743+0000] {logging_mixin.py:188} INFO - [2026-05-28T02:35:31.742+0000] {dag.py:3954} INFO - Setting next_dagrun for flight_pipeline to 2026-05-28 02:00:00+00:00, run_after=2026-05-28 03:00:00+00:00
[2026-05-28T02:35:31.771+0000] {processor.py:183} INFO - Processing /opt/airflow/dags/flight_pipeline.py took 0.130 seconds
[2026-05-28T02:36:01.952+0000] {processor.py:161} INFO - Started process (PID=2780) to work on /opt/airflow/dags/flight_pipeline.py
[2026-05-28T02:36:01.953+0000] {processor.py:830} INFO - Processing file /opt/airflow/dags/flight_pipeline.py for tasks to queue
[2026-05-28T02:36:01.955+0000] {logging_mixin.py:188} INFO - [2026-05-28T02:36:01.955+0000] {dagbag.py:540} INFO - Filling up the DagBag from /opt/airflow/dags/flight_pipeline.py
[2026-05-28T02:36:01.982+0000] {processor.py:840} INFO - DAG(s) 'flight_pipeline' retrieved from /opt/airflow/dags/flight_pipeline.py
[2026-05-28T02:36:02.031+0000] {logging_mixin.py:188} INFO - [2026-05-28T02:36:02.031+0000] {dag.py:3096} INFO - Sync 1 DAGs
[2026-05-28T02:36:02.071+0000] {logging_mixin.py:188} INFO - [2026-05-28T02:36:02.070+0000] {dag.py:3954} INFO - Setting next_dagrun for flight_pipeline to 2026-05-28 02:00:00+00:00, run_after=2026-05-28 03:00:00+00:00
[2026-05-28T02:36:02.108+0000] {processor.py:183} INFO - Processing /opt/airflow/dags/flight_pipeline.py took 0.164 seconds
[2026-05-28T02:36:32.391+0000] {processor.py:161} INFO - Started process (PID=2785) to work on /opt/airflow/dags/flight_pipeline.py
[2026-05-28T02:36:32.392+0000] {processor.py:830} INFO - Processing file /opt/airflow/dags/flight_pipeline.py for tasks to queue
[2026-05-28T02:36:32.395+0000] {logging_mixin.py:188} INFO - [2026-05-28T02:36:32.394+0000] {dagbag.py:540} INFO - Filling up the DagBag from /opt/airflow/dags/flight_pipeline.py
[2026-05-28T02:36:32.416+0000] {processor.py:840} INFO - DAG(s) 'flight_pipeline' retrieved from /opt/airflow/dags/flight_pipeline.py
[2026-05-28T02:36:32.451+0000] {logging_mixin.py:188} INFO - [2026-05-28T02:36:32.450+0000] {dag.py:3096} INFO - Sync 1 DAGs
[2026-05-28T02:36:32.480+0000] {logging_mixin.py:188} INFO - [2026-05-28T02:36:32.480+0000] {dag.py:3954} INFO - Setting next_dagrun for flight_pipeline to 2026-05-28 02:00:00+00:00, run_after=2026-05-28 03:00:00+00:00
[2026-05-28T02:36:32.507+0000] {processor.py:183} INFO - Processing /opt/airflow/dags/flight_pipeline.py took 0.124 seconds
[2026-05-28T02:37:02.708+0000] {processor.py:161} INFO - Started process (PID=2790) to work on /opt/airflow/dags/flight_pipeline.py
[2026-05-28T02:37:02.709+0000] {processor.py:830} INFO - Processing file /opt/airflow/dags/flight_pipeline.py for tasks to queue
[2026-05-28T02:37:02.712+0000] {logging_mixin.py:188} INFO - [2026-05-28T02:37:02.712+0000] {dagbag.py:540} INFO - Filling up the DagBag from /opt/airflow/dags/flight_pipeline.py
[2026-05-28T02:37:02.737+0000] {processor.py:840} INFO - DAG(s) 'flight_pipeline' retrieved from /opt/airflow/dags/flight_pipeline.py
[2026-05-28T02:37:02.778+0000] {logging_mixin.py:188} INFO - [2026-05-28T02:37:02.778+0000] {dag.py:3096} INFO - Sync 1 DAGs
[2026-05-28T02:37:02.813+0000] {logging_mixin.py:188} INFO - [2026-05-28T02:37:02.813+0000] {dag.py:3954} INFO - Setting next_dagrun for flight_pipeline to 2026-05-28 02:00:00+00:00, run_after=2026-05-28 03:00:00+00:00
[2026-05-28T02:37:02.849+0000] {processor.py:183} INFO - Processing /opt/airflow/dags/flight_pipeline.py took 0.151 seconds
[2026-05-28T02:37:33.234+0000] {processor.py:161} INFO - Started process (PID=2795) to work on /opt/airflow/dags/flight_pipeline.py
[2026-05-28T02:37:33.235+0000] {processor.py:830} INFO - Processing file /opt/airflow/dags/flight_pipeline.py for tasks to queue
[2026-05-28T02:37:33.239+0000] {logging_mixin.py:188} INFO - [2026-05-28T02:37:33.238+0000] {dagbag.py:540} INFO - Filling up the DagBag from /opt/airflow/dags/flight_pipeline.py
[2026-05-28T02:37:33.266+0000] {processor.py:840} INFO - DAG(s) 'flight_pipeline' retrieved from /opt/airflow/dags/flight_pipeline.py
[2026-05-28T02:37:33.304+0000] {logging_mixin.py:188} INFO - [2026-05-28T02:37:33.304+0000] {dag.py:3096} INFO - Sync 1 DAGs
[2026-05-28T02:37:33.334+0000] {logging_mixin.py:188} INFO - [2026-05-28T02:37:33.334+0000] {dag.py:3954} INFO - Setting next_dagrun for flight_pipeline to 2026-05-28 02:00:00+00:00, run_after=2026-05-28 03:00:00+00:00
[2026-05-28T02:37:33.363+0000] {processor.py:183} INFO - Processing /opt/airflow/dags/flight_pipeline.py took 0.138 seconds
[2026-05-28T02:38:03.539+0000] {processor.py:161} INFO - Started process (PID=2800) to work on /opt/airflow/dags/flight_pipeline.py
[2026-05-28T02:38:03.541+0000] {processor.py:830} INFO - Processing file /opt/airflow/dags/flight_pipeline.py for tasks to queue
[2026-05-28T02:38:03.544+0000] {logging_mixin.py:188} INFO - [2026-05-28T02:38:03.544+0000] {dagbag.py:540} INFO - Filling up the DagBag from /opt/airflow/dags/flight_pipeline.py
[2026-05-28T02:38:03.570+0000] {processor.py:840} INFO - DAG(s) 'flight_pipeline' retrieved from /opt/airflow/dags/flight_pipeline.py
[2026-05-28T02:38:03.612+0000] {logging_mixin.py:188} INFO - [2026-05-28T02:38:03.611+0000] {dag.py:3096} INFO - Sync 1 DAGs
[2026-05-28T02:38:03.641+0000] {logging_mixin.py:188} INFO - [2026-05-28T02:38:03.640+0000] {dag.py:3954} INFO - Setting next_dagrun for flight_pipeline to 2026-05-28 02:00:00+00:00, run_after=2026-05-28 03:00:00+00:00
[2026-05-28T02:38:03.666+0000] {processor.py:183} INFO - Processing /opt/airflow/dags/flight_pipeline.py took 0.139 seconds
[2026-05-28T02:38:33.949+0000] {processor.py:161} INFO - Started process (PID=2805) to work on /opt/airflow/dags/flight_pipeline.py
[2026-05-28T02:38:33.950+0000] {processor.py:830} INFO - Processing file /opt/airflow/dags/flight_pipeline.py for tasks to queue
[2026-05-28T02:38:33.954+0000] {logging_mixin.py:188} INFO - [2026-05-28T02:38:33.953+0000] {dagbag.py:540} INFO - Filling up the DagBag from /opt/airflow/dags/flight_pipeline.py
[2026-05-28T02:38:33.980+0000] {processor.py:840} INFO - DAG(s) 'flight_pipeline' retrieved from /opt/airflow/dags/flight_pipeline.py
[2026-05-28T02:38:34.017+0000] {logging_mixin.py:188} INFO - [2026-05-28T02:38:34.017+0000] {dag.py:3096} INFO - Sync 1 DAGs
[2026-05-28T02:38:34.047+0000] {logging_mixin.py:188} INFO - [2026-05-28T02:38:34.047+0000] {dag.py:3954} INFO - Setting next_dagrun for flight_pipeline to 2026-05-28 02:00:00+00:00, run_after=2026-05-28 03:00:00+00:00
[2026-05-28T02:38:34.075+0000] {processor.py:183} INFO - Processing /opt/airflow/dags/flight_pipeline.py took 0.135 seconds
[2026-05-28T02:39:04.246+0000] {processor.py:161} INFO - Started process (PID=2810) to work on /opt/airflow/dags/flight_pipeline.py
[2026-05-28T02:39:04.247+0000] {processor.py:830} INFO - Processing file /opt/airflow/dags/flight_pipeline.py for tasks to queue
[2026-05-28T02:39:04.251+0000] {logging_mixin.py:188} INFO - [2026-05-28T02:39:04.250+0000] {dagbag.py:540} INFO - Filling up the DagBag from /opt/airflow/dags/flight_pipeline.py
[2026-05-28T02:39:04.279+0000] {processor.py:840} INFO - DAG(s) 'flight_pipeline' retrieved from /opt/airflow/dags/flight_pipeline.py
[2026-05-28T02:39:04.326+0000] {logging_mixin.py:188} INFO - [2026-05-28T02:39:04.326+0000] {dag.py:3096} INFO - Sync 1 DAGs
[2026-05-28T02:39:04.373+0000] {logging_mixin.py:188} INFO - [2026-05-28T02:39:04.372+0000] {dag.py:3954} INFO - Setting next_dagrun for flight_pipeline to 2026-05-28 02:00:00+00:00, run_after=2026-05-28 03:00:00+00:00
[2026-05-28T02:39:04.440+0000] {processor.py:183} INFO - Processing /opt/airflow/dags/flight_pipeline.py took 0.206 seconds
[2026-05-28T02:39:34.679+0000] {processor.py:161} INFO - Started process (PID=2815) to work on /opt/airflow/dags/flight_pipeline.py
[2026-05-28T02:39:34.680+0000] {processor.py:830} INFO - Processing file /opt/airflow/dags/flight_pipeline.py for tasks to queue
[2026-05-28T02:39:34.684+0000] {logging_mixin.py:188} INFO - [2026-05-28T02:39:34.683+0000] {dagbag.py:540} INFO - Filling up the DagBag from /opt/airflow/dags/flight_pipeline.py
[2026-05-28T02:39:34.712+0000] {processor.py:840} INFO - DAG(s) 'flight_pipeline' retrieved from /opt/airflow/dags/flight_pipeline.py
[2026-05-28T02:39:34.752+0000] {logging_mixin.py:188} INFO - [2026-05-28T02:39:34.751+0000] {dag.py:3096} INFO - Sync 1 DAGs
[2026-05-28T02:39:34.782+0000] {logging_mixin.py:188} INFO - [2026-05-28T02:39:34.782+0000] {dag.py:3954} INFO - Setting next_dagrun for flight_pipeline to 2026-05-28 02:00:00+00:00, run_after=2026-05-28 03:00:00+00:00
[2026-05-28T02:39:34.812+0000] {processor.py:183} INFO - Processing /opt/airflow/dags/flight_pipeline.py took 0.143 seconds
[2026-05-28T02:40:05.090+0000] {processor.py:161} INFO - Started process (PID=2820) to work on /opt/airflow/dags/flight_pipeline.py
[2026-05-28T02:40:05.094+0000] {processor.py:830} INFO - Processing file /opt/airflow/dags/flight_pipeline.py for tasks to queue
[2026-05-28T02:40:05.098+0000] {logging_mixin.py:188} INFO - [2026-05-28T02:40:05.097+0000] {dagbag.py:540} INFO - Filling up the DagBag from /opt/airflow/dags/flight_pipeline.py
[2026-05-28T02:40:05.127+0000] {processor.py:840} INFO - DAG(s) 'flight_pipeline' retrieved from /opt/airflow/dags/flight_pipeline.py
[2026-05-28T02:40:05.167+0000] {logging_mixin.py:188} INFO - [2026-05-28T02:40:05.167+0000] {dag.py:3096} INFO - Sync 1 DAGs
[2026-05-28T02:40:05.198+0000] {logging_mixin.py:188} INFO - [2026-05-28T02:40:05.197+0000] {dag.py:3954} INFO - Setting next_dagrun for flight_pipeline to 2026-05-28 02:00:00+00:00, run_after=2026-05-28 03:00:00+00:00
[2026-05-28T02:40:05.230+0000] {processor.py:183} INFO - Processing /opt/airflow/dags/flight_pipeline.py took 0.152 seconds
[2026-05-28T02:40:35.424+0000] {processor.py:161} INFO - Started process (PID=2825) to work on /opt/airflow/dags/flight_pipeline.py
[2026-05-28T02:40:35.425+0000] {processor.py:830} INFO - Processing file /opt/airflow/dags/flight_pipeline.py for tasks to queue
[2026-05-28T02:40:35.428+0000] {logging_mixin.py:188} INFO - [2026-05-28T02:40:35.428+0000] {dagbag.py:540} INFO - Filling up the DagBag from /opt/airflow/dags/flight_pipeline.py
[2026-05-28T02:40:35.455+0000] {processor.py:840} INFO - DAG(s) 'flight_pipeline' retrieved from /opt/airflow/dags/flight_pipeline.py
[2026-05-28T02:40:35.499+0000] {logging_mixin.py:188} INFO - [2026-05-28T02:40:35.499+0000] {dag.py:3096} INFO - Sync 1 DAGs
[2026-05-28T02:40:35.533+0000] {logging_mixin.py:188} INFO - [2026-05-28T02:40:35.533+0000] {dag.py:3954} INFO - Setting next_dagrun for flight_pipeline to 2026-05-28 02:00:00+00:00, run_after=2026-05-28 03:00:00+00:00
[2026-05-28T02:40:35.559+0000] {processor.py:183} INFO - Processing /opt/airflow/dags/flight_pipeline.py took 0.145 seconds
[2026-05-28T02:41:05.729+0000] {processor.py:161} INFO - Started process (PID=2830) to work on /opt/airflow/dags/flight_pipeline.py
[2026-05-28T02:41:05.731+0000] {processor.py:830} INFO - Processing file /opt/airflow/dags/flight_pipeline.py for tasks to queue
[2026-05-28T02:41:05.733+0000] {logging_mixin.py:188} INFO - [2026-05-28T02:41:05.733+0000] {dagbag.py:540} INFO - Filling up the DagBag from /opt/airflow/dags/flight_pipeline.py
[2026-05-28T02:41:05.757+0000] {processor.py:840} INFO - DAG(s) 'flight_pipeline' retrieved from /opt/airflow/dags/flight_pipeline.py
[2026-05-28T02:41:05.788+0000] {logging_mixin.py:188} INFO - [2026-05-28T02:41:05.787+0000] {dag.py:3096} INFO - Sync 1 DAGs
[2026-05-28T02:41:05.810+0000] {logging_mixin.py:188} INFO - [2026-05-28T02:41:05.810+0000] {dag.py:3954} INFO - Setting next_dagrun for flight_pipeline to 2026-05-28 02:00:00+00:00, run_after=2026-05-28 03:00:00+00:00
[2026-05-28T02:41:05.834+0000] {processor.py:183} INFO - Processing /opt/airflow/dags/flight_pipeline.py took 0.113 seconds
[2026-05-28T02:41:36.161+0000] {processor.py:161} INFO - Started process (PID=2835) to work on /opt/airflow/dags/flight_pipeline.py
[2026-05-28T02:41:36.163+0000] {processor.py:830} INFO - Processing file /opt/airflow/dags/flight_pipeline.py for tasks to queue
[2026-05-28T02:41:36.166+0000] {logging_mixin.py:188} INFO - [2026-05-28T02:41:36.165+0000] {dagbag.py:540} INFO - Filling up the DagBag from /opt/airflow/dags/flight_pipeline.py
[2026-05-28T02:41:36.190+0000] {processor.py:840} INFO - DAG(s) 'flight_pipeline' retrieved from /opt/airflow/dags/flight_pipeline.py
[2026-05-28T02:41:36.234+0000] {logging_mixin.py:188} INFO - [2026-05-28T02:41:36.233+0000] {dag.py:3096} INFO - Sync 1 DAGs
[2026-05-28T02:41:36.276+0000] {logging_mixin.py:188} INFO - [2026-05-28T02:41:36.276+0000] {dag.py:3954} INFO - Setting next_dagrun for flight_pipeline to 2026-05-28 02:00:00+00:00, run_after=2026-05-28 03:00:00+00:00
[2026-05-28T02:41:36.303+0000] {processor.py:183} INFO - Processing /opt/airflow/dags/flight_pipeline.py took 0.149 seconds
[2026-05-28T02:42:06.535+0000] {processor.py:161} INFO - Started process (PID=2840) to work on /opt/airflow/dags/flight_pipeline.py
[2026-05-28T02:42:06.537+0000] {processor.py:830} INFO - Processing file /opt/airflow/dags/flight_pipeline.py for tasks to queue
[2026-05-28T02:42:06.540+0000] {logging_mixin.py:188} INFO - [2026-05-28T02:42:06.539+0000] {dagbag.py:540} INFO - Filling up the DagBag from /opt/airflow/dags/flight_pipeline.py
[2026-05-28T02:42:06.563+0000] {processor.py:840} INFO - DAG(s) 'flight_pipeline' retrieved from /opt/airflow/dags/flight_pipeline.py
[2026-05-28T02:42:06.598+0000] {logging_mixin.py:188} INFO - [2026-05-28T02:42:06.598+0000] {dag.py:3096} INFO - Sync 1 DAGs
[2026-05-28T02:42:06.627+0000] {logging_mixin.py:188} INFO - [2026-05-28T02:42:06.627+0000] {dag.py:3954} INFO - Setting next_dagrun for flight_pipeline to 2026-05-28 02:00:00+00:00, run_after=2026-05-28 03:00:00+00:00
[2026-05-28T02:42:06.650+0000] {processor.py:183} INFO - Processing /opt/airflow/dags/flight_pipeline.py took 0.122 seconds
[2026-05-28T02:42:36.901+0000] {processor.py:161} INFO - Started process (PID=2845) to work on /opt/airflow/dags/flight_pipeline.py
[2026-05-28T02:42:36.902+0000] {processor.py:830} INFO - Processing file /opt/airflow/dags/flight_pipeline.py for tasks to queue
[2026-05-28T02:42:36.905+0000] {logging_mixin.py:188} INFO - [2026-05-28T02:42:36.904+0000] {dagbag.py:540} INFO - Filling up the DagBag from /opt/airflow/dags/flight_pipeline.py
[2026-05-28T02:42:36.925+0000] {processor.py:840} INFO - DAG(s) 'flight_pipeline' retrieved from /opt/airflow/dags/flight_pipeline.py
[2026-05-28T02:42:36.957+0000] {logging_mixin.py:188} INFO - [2026-05-28T02:42:36.957+0000] {dag.py:3096} INFO - Sync 1 DAGs
[2026-05-28T02:42:36.989+0000] {logging_mixin.py:188} INFO - [2026-05-28T02:42:36.988+0000] {dag.py:3954} INFO - Setting next_dagrun for flight_pipeline to 2026-05-28 02:00:00+00:00, run_after=2026-05-28 03:00:00+00:00
[2026-05-28T02:42:37.019+0000] {processor.py:183} INFO - Processing /opt/airflow/dags/flight_pipeline.py took 0.124 seconds
[2026-05-28T02:43:07.226+0000] {processor.py:161} INFO - Started process (PID=2850) to work on /opt/airflow/dags/flight_pipeline.py
[2026-05-28T02:43:07.227+0000] {processor.py:830} INFO - Processing file /opt/airflow/dags/flight_pipeline.py for tasks to queue
[2026-05-28T02:43:07.229+0000] {logging_mixin.py:188} INFO - [2026-05-28T02:43:07.229+0000] {dagbag.py:540} INFO - Filling up the DagBag from /opt/airflow/dags/flight_pipeline.py
[2026-05-28T02:43:07.251+0000] {processor.py:840} INFO - DAG(s) 'flight_pipeline' retrieved from /opt/airflow/dags/flight_pipeline.py
[2026-05-28T02:43:07.283+0000] {logging_mixin.py:188} INFO - [2026-05-28T02:43:07.283+0000] {dag.py:3096} INFO - Sync 1 DAGs
[2026-05-28T02:43:07.306+0000] {logging_mixin.py:188} INFO - [2026-05-28T02:43:07.306+0000] {dag.py:3954} INFO - Setting next_dagrun for flight_pipeline to 2026-05-28 02:00:00+00:00, run_after=2026-05-28 03:00:00+00:00
[2026-05-28T02:43:07.326+0000] {processor.py:183} INFO - Processing /opt/airflow/dags/flight_pipeline.py took 0.108 seconds
[2026-05-28T02:43:37.640+0000] {processor.py:161} INFO - Started process (PID=2855) to work on /opt/airflow/dags/flight_pipeline.py
[2026-05-28T02:43:37.642+0000] {processor.py:830} INFO - Processing file /opt/airflow/dags/flight_pipeline.py for tasks to queue
[2026-05-28T02:43:37.646+0000] {logging_mixin.py:188} INFO - [2026-05-28T02:43:37.646+0000] {dagbag.py:540} INFO - Filling up the DagBag from /opt/airflow/dags/flight_pipeline.py
[2026-05-28T02:43:37.686+0000] {processor.py:840} INFO - DAG(s) 'flight_pipeline' retrieved from /opt/airflow/dags/flight_pipeline.py
[2026-05-28T02:43:37.746+0000] {logging_mixin.py:188} INFO - [2026-05-28T02:43:37.746+0000] {dag.py:3096} INFO - Sync 1 DAGs
[2026-05-28T02:43:37.798+0000] {logging_mixin.py:188} INFO - [2026-05-28T02:43:37.797+0000] {dag.py:3954} INFO - Setting next_dagrun for flight_pipeline to 2026-05-28 02:00:00+00:00, run_after=2026-05-28 03:00:00+00:00
[2026-05-28T02:43:37.839+0000] {processor.py:183} INFO - Processing /opt/airflow/dags/flight_pipeline.py took 0.211 seconds
[2026-05-28T02:44:08.067+0000] {processor.py:161} INFO - Started process (PID=2860) to work on /opt/airflow/dags/flight_pipeline.py
[2026-05-28T02:44:08.081+0000] {processor.py:830} INFO - Processing file /opt/airflow/dags/flight_pipeline.py for tasks to queue
[2026-05-28T02:44:08.086+0000] {logging_mixin.py:188} INFO - [2026-05-28T02:44:08.085+0000] {dagbag.py:540} INFO - Filling up the DagBag from /opt/airflow/dags/flight_pipeline.py
[2026-05-28T02:44:08.147+0000] {processor.py:840} INFO - DAG(s) 'flight_pipeline' retrieved from /opt/airflow/dags/flight_pipeline.py
[2026-05-28T02:44:08.211+0000] {logging_mixin.py:188} INFO - [2026-05-28T02:44:08.211+0000] {dag.py:3096} INFO - Sync 1 DAGs
[2026-05-28T02:44:08.266+0000] {logging_mixin.py:188} INFO - [2026-05-28T02:44:08.265+0000] {dag.py:3954} INFO - Setting next_dagrun for flight_pipeline to 2026-05-28 02:00:00+00:00, run_after=2026-05-28 03:00:00+00:00
[2026-05-28T02:44:08.375+0000] {processor.py:183} INFO - Processing /opt/airflow/dags/flight_pipeline.py took 0.321 seconds
[2026-05-28T02:44:38.640+0000] {processor.py:161} INFO - Started process (PID=2865) to work on /opt/airflow/dags/flight_pipeline.py
[2026-05-28T02:44:38.641+0000] {processor.py:830} INFO - Processing file /opt/airflow/dags/flight_pipeline.py for tasks to queue
[2026-05-28T02:44:38.645+0000] {logging_mixin.py:188} INFO - [2026-05-28T02:44:38.645+0000] {dagbag.py:540} INFO - Filling up the DagBag from /opt/airflow/dags/flight_pipeline.py
[2026-05-28T02:44:38.704+0000] {processor.py:840} INFO - DAG(s) 'flight_pipeline' retrieved from /opt/airflow/dags/flight_pipeline.py
[2026-05-28T02:44:38.787+0000] {logging_mixin.py:188} INFO - [2026-05-28T02:44:38.787+0000] {dag.py:3096} INFO - Sync 1 DAGs
[2026-05-28T02:44:38.830+0000] {logging_mixin.py:188} INFO - [2026-05-28T02:44:38.829+0000] {dag.py:3954} INFO - Setting next_dagrun for flight_pipeline to 2026-05-28 02:00:00+00:00, run_after=2026-05-28 03:00:00+00:00
[2026-05-28T02:44:39.230+0000] {processor.py:183} INFO - Processing /opt/airflow/dags/flight_pipeline.py took 0.611 seconds
[2026-05-28T02:45:09.891+0000] {processor.py:161} INFO - Started process (PID=2870) to work on /opt/airflow/dags/flight_pipeline.py
[2026-05-28T02:45:09.894+0000] {processor.py:830} INFO - Processing file /opt/airflow/dags/flight_pipeline.py for tasks to queue
[2026-05-28T02:45:09.898+0000] {logging_mixin.py:188} INFO - [2026-05-28T02:45:09.897+0000] {dagbag.py:540} INFO - Filling up the DagBag from /opt/airflow/dags/flight_pipeline.py
[2026-05-28T02:45:09.926+0000] {processor.py:840} INFO - DAG(s) 'flight_pipeline' retrieved from /opt/airflow/dags/flight_pipeline.py
[2026-05-28T02:45:09.970+0000] {logging_mixin.py:188} INFO - [2026-05-28T02:45:09.969+0000] {dag.py:3096} INFO - Sync 1 DAGs
[2026-05-28T02:45:10.013+0000] {logging_mixin.py:188} INFO - [2026-05-28T02:45:10.012+0000] {dag.py:3954} INFO - Setting next_dagrun for flight_pipeline to 2026-05-28 02:00:00+00:00, run_after=2026-05-28 03:00:00+00:00
[2026-05-28T02:45:10.044+0000] {processor.py:183} INFO - Processing /opt/airflow/dags/flight_pipeline.py took 0.169 seconds
[2026-05-28T02:45:40.450+0000] {processor.py:161} INFO - Started process (PID=2875) to work on /opt/airflow/dags/flight_pipeline.py
[2026-05-28T02:45:40.452+0000] {processor.py:830} INFO - Processing file /opt/airflow/dags/flight_pipeline.py for tasks to queue
[2026-05-28T02:45:40.454+0000] {logging_mixin.py:188} INFO - [2026-05-28T02:45:40.453+0000] {dagbag.py:540} INFO - Filling up the DagBag from /opt/airflow/dags/flight_pipeline.py
[2026-05-28T02:45:40.479+0000] {processor.py:840} INFO - DAG(s) 'flight_pipeline' retrieved from /opt/airflow/dags/flight_pipeline.py
[2026-05-28T02:45:40.516+0000] {logging_mixin.py:188} INFO - [2026-05-28T02:45:40.515+0000] {dag.py:3096} INFO - Sync 1 DAGs
[2026-05-28T02:45:40.545+0000] {logging_mixin.py:188} INFO - [2026-05-28T02:45:40.545+0000] {dag.py:3954} INFO - Setting next_dagrun for flight_pipeline to 2026-05-28 02:00:00+00:00, run_after=2026-05-28 03:00:00+00:00
[2026-05-28T02:45:40.571+0000] {processor.py:183} INFO - Processing /opt/airflow/dags/flight_pipeline.py took 0.129 seconds
[2026-05-28T02:46:10.743+0000] {processor.py:161} INFO - Started process (PID=2880) to work on /opt/airflow/dags/flight_pipeline.py
[2026-05-28T02:46:10.745+0000] {processor.py:830} INFO - Processing file /opt/airflow/dags/flight_pipeline.py for tasks to queue
[2026-05-28T02:46:10.747+0000] {logging_mixin.py:188} INFO - [2026-05-28T02:46:10.747+0000] {dagbag.py:540} INFO - Filling up the DagBag from /opt/airflow/dags/flight_pipeline.py
[2026-05-28T02:46:10.774+0000] {processor.py:840} INFO - DAG(s) 'flight_pipeline' retrieved from /opt/airflow/dags/flight_pipeline.py
[2026-05-28T02:46:10.811+0000] {logging_mixin.py:188} INFO - [2026-05-28T02:46:10.811+0000] {dag.py:3096} INFO - Sync 1 DAGs
[2026-05-28T02:46:10.844+0000] {logging_mixin.py:188} INFO - [2026-05-28T02:46:10.844+0000] {dag.py:3954} INFO - Setting next_dagrun for flight_pipeline to 2026-05-28 02:00:00+00:00, run_after=2026-05-28 03:00:00+00:00
[2026-05-28T02:46:10.876+0000] {processor.py:183} INFO - Processing /opt/airflow/dags/flight_pipeline.py took 0.140 seconds
[2026-05-28T02:46:41.135+0000] {processor.py:161} INFO - Started process (PID=2885) to work on /opt/airflow/dags/flight_pipeline.py
[2026-05-28T02:46:41.137+0000] {processor.py:830} INFO - Processing file /opt/airflow/dags/flight_pipeline.py for tasks to queue
[2026-05-28T02:46:41.140+0000] {logging_mixin.py:188} INFO - [2026-05-28T02:46:41.139+0000] {dagbag.py:540} INFO - Filling up the DagBag from /opt/airflow/dags/flight_pipeline.py
[2026-05-28T02:46:41.164+0000] {processor.py:840} INFO - DAG(s) 'flight_pipeline' retrieved from /opt/airflow/dags/flight_pipeline.py
[2026-05-28T02:46:41.199+0000] {logging_mixin.py:188} INFO - [2026-05-28T02:46:41.198+0000] {dag.py:3096} INFO - Sync 1 DAGs
[2026-05-28T02:46:41.228+0000] {logging_mixin.py:188} INFO - [2026-05-28T02:46:41.227+0000] {dag.py:3954} INFO - Setting next_dagrun for flight_pipeline to 2026-05-28 02:00:00+00:00, run_after=2026-05-28 03:00:00+00:00
[2026-05-28T02:46:41.255+0000] {processor.py:183} INFO - Processing /opt/airflow/dags/flight_pipeline.py took 0.128 seconds
[2026-05-28T02:47:11.520+0000] {processor.py:161} INFO - Started process (PID=2890) to work on /opt/airflow/dags/flight_pipeline.py
[2026-05-28T02:47:11.522+0000] {processor.py:830} INFO - Processing file /opt/airflow/dags/flight_pipeline.py for tasks to queue
[2026-05-28T02:47:11.524+0000] {logging_mixin.py:188} INFO - [2026-05-28T02:47:11.524+0000] {dagbag.py:540} INFO - Filling up the DagBag from /opt/airflow/dags/flight_pipeline.py
[2026-05-28T02:47:11.546+0000] {processor.py:840} INFO - DAG(s) 'flight_pipeline' retrieved from /opt/airflow/dags/flight_pipeline.py
[2026-05-28T02:47:11.579+0000] {logging_mixin.py:188} INFO - [2026-05-28T02:47:11.579+0000] {dag.py:3096} INFO - Sync 1 DAGs
[2026-05-28T02:47:11.605+0000] {logging_mixin.py:188} INFO - [2026-05-28T02:47:11.605+0000] {dag.py:3954} INFO - Setting next_dagrun for flight_pipeline to 2026-05-28 02:00:00+00:00, run_after=2026-05-28 03:00:00+00:00
[2026-05-28T02:47:11.631+0000] {processor.py:183} INFO - Processing /opt/airflow/dags/flight_pipeline.py took 0.117 seconds
[2026-05-28T02:47:41.883+0000] {processor.py:161} INFO - Started process (PID=2895) to work on /opt/airflow/dags/flight_pipeline.py
[2026-05-28T02:47:41.884+0000] {processor.py:830} INFO - Processing file /opt/airflow/dags/flight_pipeline.py for tasks to queue
[2026-05-28T02:47:41.886+0000] {logging_mixin.py:188} INFO - [2026-05-28T02:47:41.886+0000] {dagbag.py:540} INFO - Filling up the DagBag from /opt/airflow/dags/flight_pipeline.py
[2026-05-28T02:47:41.912+0000] {processor.py:840} INFO - DAG(s) 'flight_pipeline' retrieved from /opt/airflow/dags/flight_pipeline.py
[2026-05-28T02:47:41.949+0000] {logging_mixin.py:188} INFO - [2026-05-28T02:47:41.949+0000] {dag.py:3096} INFO - Sync 1 DAGs
[2026-05-28T02:47:41.979+0000] {logging_mixin.py:188} INFO - [2026-05-28T02:47:41.979+0000] {dag.py:3954} INFO - Setting next_dagrun for flight_pipeline to 2026-05-28 02:00:00+00:00, run_after=2026-05-28 03:00:00+00:00
[2026-05-28T02:47:42.004+0000] {processor.py:183} INFO - Processing /opt/airflow/dags/flight_pipeline.py took 0.129 seconds
[2026-05-28T02:48:12.318+0000] {processor.py:161} INFO - Started process (PID=2900) to work on /opt/airflow/dags/flight_pipeline.py
[2026-05-28T02:48:12.319+0000] {processor.py:830} INFO - Processing file /opt/airflow/dags/flight_pipeline.py for tasks to queue
[2026-05-28T02:48:12.322+0000] {logging_mixin.py:188} INFO - [2026-05-28T02:48:12.321+0000] {dagbag.py:540} INFO - Filling up the DagBag from /opt/airflow/dags/flight_pipeline.py
[2026-05-28T02:48:12.346+0000] {processor.py:840} INFO - DAG(s) 'flight_pipeline' retrieved from /opt/airflow/dags/flight_pipeline.py
[2026-05-28T02:48:12.402+0000] {logging_mixin.py:188} INFO - [2026-05-28T02:48:12.401+0000] {dag.py:3096} INFO - Sync 1 DAGs
[2026-05-28T02:48:12.430+0000] {logging_mixin.py:188} INFO - [2026-05-28T02:48:12.430+0000] {dag.py:3954} INFO - Setting next_dagrun for flight_pipeline to 2026-05-28 02:00:00+00:00, run_after=2026-05-28 03:00:00+00:00
[2026-05-28T02:48:12.458+0000] {processor.py:183} INFO - Processing /opt/airflow/dags/flight_pipeline.py took 0.148 seconds
[2026-05-28T02:48:42.655+0000] {processor.py:161} INFO - Started process (PID=2905) to work on /opt/airflow/dags/flight_pipeline.py
[2026-05-28T02:48:42.657+0000] {processor.py:830} INFO - Processing file /opt/airflow/dags/flight_pipeline.py for tasks to queue
[2026-05-28T02:48:42.659+0000] {logging_mixin.py:188} INFO - [2026-05-28T02:48:42.659+0000] {dagbag.py:540} INFO - Filling up the DagBag from /opt/airflow/dags/flight_pipeline.py
[2026-05-28T02:48:42.691+0000] {processor.py:840} INFO - DAG(s) 'flight_pipeline' retrieved from /opt/airflow/dags/flight_pipeline.py
[2026-05-28T02:48:42.739+0000] {logging_mixin.py:188} INFO - [2026-05-28T02:48:42.738+0000] {dag.py:3096} INFO - Sync 1 DAGs
[2026-05-28T02:48:42.778+0000] {logging_mixin.py:188} INFO - [2026-05-28T02:48:42.778+0000] {dag.py:3954} INFO - Setting next_dagrun for flight_pipeline to 2026-05-28 02:00:00+00:00, run_after=2026-05-28 03:00:00+00:00
[2026-05-28T02:48:42.810+0000] {processor.py:183} INFO - Processing /opt/airflow/dags/flight_pipeline.py took 0.166 seconds
[2026-05-28T02:49:13.137+0000] {processor.py:161} INFO - Started process (PID=2910) to work on /opt/airflow/dags/flight_pipeline.py
[2026-05-28T02:49:13.140+0000] {processor.py:830} INFO - Processing file /opt/airflow/dags/flight_pipeline.py for tasks to queue
[2026-05-28T02:49:13.143+0000] {logging_mixin.py:188} INFO - [2026-05-28T02:49:13.143+0000] {dagbag.py:540} INFO - Filling up the DagBag from /opt/airflow/dags/flight_pipeline.py
[2026-05-28T02:49:13.171+0000] {processor.py:840} INFO - DAG(s) 'flight_pipeline' retrieved from /opt/airflow/dags/flight_pipeline.py
[2026-05-28T02:49:13.209+0000] {logging_mixin.py:188} INFO - [2026-05-28T02:49:13.208+0000] {dag.py:3096} INFO - Sync 1 DAGs
[2026-05-28T02:49:13.240+0000] {logging_mixin.py:188} INFO - [2026-05-28T02:49:13.239+0000] {dag.py:3954} INFO - Setting next_dagrun for flight_pipeline to 2026-05-28 02:00:00+00:00, run_after=2026-05-28 03:00:00+00:00
[2026-05-28T02:49:13.266+0000] {processor.py:183} INFO - Processing /opt/airflow/dags/flight_pipeline.py took 0.140 seconds
[2026-05-28T02:49:43.466+0000] {processor.py:161} INFO - Started process (PID=2915) to work on /opt/airflow/dags/flight_pipeline.py
[2026-05-28T02:49:43.467+0000] {processor.py:830} INFO - Processing file /opt/airflow/dags/flight_pipeline.py for tasks to queue
[2026-05-28T02:49:43.471+0000] {logging_mixin.py:188} INFO - [2026-05-28T02:49:43.470+0000] {dagbag.py:540} INFO - Filling up the DagBag from /opt/airflow/dags/flight_pipeline.py
[2026-05-28T02:49:43.496+0000] {processor.py:840} INFO - DAG(s) 'flight_pipeline' retrieved from /opt/airflow/dags/flight_pipeline.py
[2026-05-28T02:49:43.538+0000] {logging_mixin.py:188} INFO - [2026-05-28T02:49:43.538+0000] {dag.py:3096} INFO - Sync 1 DAGs
[2026-05-28T02:49:43.570+0000] {logging_mixin.py:188} INFO - [2026-05-28T02:49:43.569+0000] {dag.py:3954} INFO - Setting next_dagrun for flight_pipeline to 2026-05-28 02:00:00+00:00, run_after=2026-05-28 03:00:00+00:00
[2026-05-28T02:49:43.598+0000] {processor.py:183} INFO - Processing /opt/airflow/dags/flight_pipeline.py took 0.143 seconds
[2026-05-28T02:50:13.883+0000] {processor.py:161} INFO - Started process (PID=2920) to work on /opt/airflow/dags/flight_pipeline.py
[2026-05-28T02:50:13.885+0000] {processor.py:830} INFO - Processing file /opt/airflow/dags/flight_pipeline.py for tasks to queue
[2026-05-28T02:50:13.887+0000] {logging_mixin.py:188} INFO - [2026-05-28T02:50:13.887+0000] {dagbag.py:540} INFO - Filling up the DagBag from /opt/airflow/dags/flight_pipeline.py
[2026-05-28T02:50:13.915+0000] {processor.py:840} INFO - DAG(s) 'flight_pipeline' retrieved from /opt/airflow/dags/flight_pipeline.py
[2026-05-28T02:50:13.958+0000] {logging_mixin.py:188} INFO - [2026-05-28T02:50:13.957+0000] {dag.py:3096} INFO - Sync 1 DAGs
[2026-05-28T02:50:13.996+0000] {logging_mixin.py:188} INFO - [2026-05-28T02:50:13.995+0000] {dag.py:3954} INFO - Setting next_dagrun for flight_pipeline to 2026-05-28 02:00:00+00:00, run_after=2026-05-28 03:00:00+00:00
[2026-05-28T02:50:14.023+0000] {processor.py:183} INFO - Processing /opt/airflow/dags/flight_pipeline.py took 0.149 seconds
[2026-05-28T02:50:44.236+0000] {processor.py:161} INFO - Started process (PID=2925) to work on /opt/airflow/dags/flight_pipeline.py
[2026-05-28T02:50:44.238+0000] {processor.py:830} INFO - Processing file /opt/airflow/dags/flight_pipeline.py for tasks to queue
[2026-05-28T02:50:44.240+0000] {logging_mixin.py:188} INFO - [2026-05-28T02:50:44.240+0000] {dagbag.py:540} INFO - Filling up the DagBag from /opt/airflow/dags/flight_pipeline.py
[2026-05-28T02:50:44.266+0000] {processor.py:840} INFO - DAG(s) 'flight_pipeline' retrieved from /opt/airflow/dags/flight_pipeline.py
[2026-05-28T02:50:44.305+0000] {logging_mixin.py:188} INFO - [2026-05-28T02:50:44.305+0000] {dag.py:3096} INFO - Sync 1 DAGs
[2026-05-28T02:50:44.334+0000] {logging_mixin.py:188} INFO - [2026-05-28T02:50:44.333+0000] {dag.py:3954} INFO - Setting next_dagrun for flight_pipeline to 2026-05-28 02:00:00+00:00, run_after=2026-05-28 03:00:00+00:00
[2026-05-28T02:50:44.360+0000] {processor.py:183} INFO - Processing /opt/airflow/dags/flight_pipeline.py took 0.134 seconds
[2026-05-28T02:51:14.737+0000] {processor.py:161} INFO - Started process (PID=2930) to work on /opt/airflow/dags/flight_pipeline.py
[2026-05-28T02:51:14.739+0000] {processor.py:830} INFO - Processing file /opt/airflow/dags/flight_pipeline.py for tasks to queue
[2026-05-28T02:51:14.742+0000] {logging_mixin.py:188} INFO - [2026-05-28T02:51:14.741+0000] {dagbag.py:540} INFO - Filling up the DagBag from /opt/airflow/dags/flight_pipeline.py
[2026-05-28T02:51:14.769+0000] {processor.py:840} INFO - DAG(s) 'flight_pipeline' retrieved from /opt/airflow/dags/flight_pipeline.py
[2026-05-28T02:51:14.809+0000] {logging_mixin.py:188} INFO - [2026-05-28T02:51:14.808+0000] {dag.py:3096} INFO - Sync 1 DAGs
[2026-05-28T02:51:14.864+0000] {logging_mixin.py:188} INFO - [2026-05-28T02:51:14.864+0000] {dag.py:3954} INFO - Setting next_dagrun for flight_pipeline to 2026-05-28 02:00:00+00:00, run_after=2026-05-28 03:00:00+00:00
[2026-05-28T02:51:14.899+0000] {processor.py:183} INFO - Processing /opt/airflow/dags/flight_pipeline.py took 0.171 seconds
[2026-05-28T02:51:45.047+0000] {processor.py:161} INFO - Started process (PID=2935) to work on /opt/airflow/dags/flight_pipeline.py
[2026-05-28T02:51:45.049+0000] {processor.py:830} INFO - Processing file /opt/airflow/dags/flight_pipeline.py for tasks to queue
[2026-05-28T02:51:45.052+0000] {logging_mixin.py:188} INFO - [2026-05-28T02:51:45.052+0000] {dagbag.py:540} INFO - Filling up the DagBag from /opt/airflow/dags/flight_pipeline.py
[2026-05-28T02:51:45.081+0000] {processor.py:840} INFO - DAG(s) 'flight_pipeline' retrieved from /opt/airflow/dags/flight_pipeline.py
[2026-05-28T02:51:45.125+0000] {logging_mixin.py:188} INFO - [2026-05-28T02:51:45.125+0000] {dag.py:3096} INFO - Sync 1 DAGs
[2026-05-28T02:51:45.162+0000] {logging_mixin.py:188} INFO - [2026-05-28T02:51:45.162+0000] {dag.py:3954} INFO - Setting next_dagrun for flight_pipeline to 2026-05-28 02:00:00+00:00, run_after=2026-05-28 03:00:00+00:00
[2026-05-28T02:51:45.191+0000] {processor.py:183} INFO - Processing /opt/airflow/dags/flight_pipeline.py took 0.151 seconds
[2026-05-28T02:52:15.516+0000] {processor.py:161} INFO - Started process (PID=2940) to work on /opt/airflow/dags/flight_pipeline.py
[2026-05-28T02:52:15.518+0000] {processor.py:830} INFO - Processing file /opt/airflow/dags/flight_pipeline.py for tasks to queue
[2026-05-28T02:52:15.521+0000] {logging_mixin.py:188} INFO - [2026-05-28T02:52:15.520+0000] {dagbag.py:540} INFO - Filling up the DagBag from /opt/airflow/dags/flight_pipeline.py
[2026-05-28T02:52:15.550+0000] {processor.py:840} INFO - DAG(s) 'flight_pipeline' retrieved from /opt/airflow/dags/flight_pipeline.py
[2026-05-28T02:52:15.589+0000] {logging_mixin.py:188} INFO - [2026-05-28T02:52:15.589+0000] {dag.py:3096} INFO - Sync 1 DAGs
[2026-05-28T02:52:15.625+0000] {logging_mixin.py:188} INFO - [2026-05-28T02:52:15.625+0000] {dag.py:3954} INFO - Setting next_dagrun for flight_pipeline to 2026-05-28 02:00:00+00:00, run_after=2026-05-28 03:00:00+00:00
[2026-05-28T02:52:15.654+0000] {processor.py:183} INFO - Processing /opt/airflow/dags/flight_pipeline.py took 0.144 seconds
[2026-05-28T02:52:45.845+0000] {processor.py:161} INFO - Started process (PID=2945) to work on /opt/airflow/dags/flight_pipeline.py
[2026-05-28T02:52:45.846+0000] {processor.py:830} INFO - Processing file /opt/airflow/dags/flight_pipeline.py for tasks to queue
[2026-05-28T02:52:45.849+0000] {logging_mixin.py:188} INFO - [2026-05-28T02:52:45.848+0000] {dagbag.py:540} INFO - Filling up the DagBag from /opt/airflow/dags/flight_pipeline.py
[2026-05-28T02:52:45.877+0000] {processor.py:840} INFO - DAG(s) 'flight_pipeline' retrieved from /opt/airflow/dags/flight_pipeline.py
[2026-05-28T02:52:45.912+0000] {logging_mixin.py:188} INFO - [2026-05-28T02:52:45.912+0000] {dag.py:3096} INFO - Sync 1 DAGs
[2026-05-28T02:52:45.937+0000] {logging_mixin.py:188} INFO - [2026-05-28T02:52:45.936+0000] {dag.py:3954} INFO - Setting next_dagrun for flight_pipeline to 2026-05-28 02:00:00+00:00, run_after=2026-05-28 03:00:00+00:00
[2026-05-28T02:52:45.968+0000] {processor.py:183} INFO - Processing /opt/airflow/dags/flight_pipeline.py took 0.132 seconds
[2026-05-28T02:53:16.347+0000] {processor.py:161} INFO - Started process (PID=2950) to work on /opt/airflow/dags/flight_pipeline.py
[2026-05-28T02:53:16.349+0000] {processor.py:830} INFO - Processing file /opt/airflow/dags/flight_pipeline.py for tasks to queue
[2026-05-28T02:53:16.352+0000] {logging_mixin.py:188} INFO - [2026-05-28T02:53:16.352+0000] {dagbag.py:540} INFO - Filling up the DagBag from /opt/airflow/dags/flight_pipeline.py
[2026-05-28T02:53:16.376+0000] {processor.py:840} INFO - DAG(s) 'flight_pipeline' retrieved from /opt/airflow/dags/flight_pipeline.py
[2026-05-28T02:53:16.411+0000] {logging_mixin.py:188} INFO - [2026-05-28T02:53:16.411+0000] {dag.py:3096} INFO - Sync 1 DAGs
[2026-05-28T02:53:16.442+0000] {logging_mixin.py:188} INFO - [2026-05-28T02:53:16.442+0000] {dag.py:3954} INFO - Setting next_dagrun for flight_pipeline to 2026-05-28 02:00:00+00:00, run_after=2026-05-28 03:00:00+00:00
[2026-05-28T02:53:16.471+0000] {processor.py:183} INFO - Processing /opt/airflow/dags/flight_pipeline.py took 0.132 seconds
[2026-05-28T02:53:46.670+0000] {processor.py:161} INFO - Started process (PID=2955) to work on /opt/airflow/dags/flight_pipeline.py
[2026-05-28T02:53:46.673+0000] {processor.py:830} INFO - Processing file /opt/airflow/dags/flight_pipeline.py for tasks to queue
[2026-05-28T02:53:46.677+0000] {logging_mixin.py:188} INFO - [2026-05-28T02:53:46.677+0000] {dagbag.py:540} INFO - Filling up the DagBag from /opt/airflow/dags/flight_pipeline.py
[2026-05-28T02:53:46.708+0000] {processor.py:840} INFO - DAG(s) 'flight_pipeline' retrieved from /opt/airflow/dags/flight_pipeline.py
[2026-05-28T02:53:46.751+0000] {logging_mixin.py:188} INFO - [2026-05-28T02:53:46.751+0000] {dag.py:3096} INFO - Sync 1 DAGs
[2026-05-28T02:53:46.789+0000] {logging_mixin.py:188} INFO - [2026-05-28T02:53:46.788+0000] {dag.py:3954} INFO - Setting next_dagrun for flight_pipeline to 2026-05-28 02:00:00+00:00, run_after=2026-05-28 03:00:00+00:00
[2026-05-28T02:53:46.817+0000] {processor.py:183} INFO - Processing /opt/airflow/dags/flight_pipeline.py took 0.157 seconds
[2026-05-28T02:54:17.155+0000] {processor.py:161} INFO - Started process (PID=2960) to work on /opt/airflow/dags/flight_pipeline.py
[2026-05-28T02:54:17.156+0000] {processor.py:830} INFO - Processing file /opt/airflow/dags/flight_pipeline.py for tasks to queue
[2026-05-28T02:54:17.159+0000] {logging_mixin.py:188} INFO - [2026-05-28T02:54:17.159+0000] {dagbag.py:540} INFO - Filling up the DagBag from /opt/airflow/dags/flight_pipeline.py
[2026-05-28T02:54:17.184+0000] {processor.py:840} INFO - DAG(s) 'flight_pipeline' retrieved from /opt/airflow/dags/flight_pipeline.py
[2026-05-28T02:54:17.223+0000] {logging_mixin.py:188} INFO - [2026-05-28T02:54:17.223+0000] {dag.py:3096} INFO - Sync 1 DAGs
[2026-05-28T02:54:17.251+0000] {logging_mixin.py:188} INFO - [2026-05-28T02:54:17.250+0000] {dag.py:3954} INFO - Setting next_dagrun for flight_pipeline to 2026-05-28 02:00:00+00:00, run_after=2026-05-28 03:00:00+00:00
[2026-05-28T02:54:17.287+0000] {processor.py:183} INFO - Processing /opt/airflow/dags/flight_pipeline.py took 0.140 seconds
[2026-05-28T02:54:47.492+0000] {processor.py:161} INFO - Started process (PID=2965) to work on /opt/airflow/dags/flight_pipeline.py
[2026-05-28T02:54:47.494+0000] {processor.py:830} INFO - Processing file /opt/airflow/dags/flight_pipeline.py for tasks to queue
[2026-05-28T02:54:47.496+0000] {logging_mixin.py:188} INFO - [2026-05-28T02:54:47.496+0000] {dagbag.py:540} INFO - Filling up the DagBag from /opt/airflow/dags/flight_pipeline.py
[2026-05-28T02:54:47.517+0000] {processor.py:840} INFO - DAG(s) 'flight_pipeline' retrieved from /opt/airflow/dags/flight_pipeline.py
[2026-05-28T02:54:47.551+0000] {logging_mixin.py:188} INFO - [2026-05-28T02:54:47.550+0000] {dag.py:3096} INFO - Sync 1 DAGs
[2026-05-28T02:54:47.586+0000] {logging_mixin.py:188} INFO - [2026-05-28T02:54:47.586+0000] {dag.py:3954} INFO - Setting next_dagrun for flight_pipeline to 2026-05-28 02:00:00+00:00, run_after=2026-05-28 03:00:00+00:00
[2026-05-28T02:54:47.613+0000] {processor.py:183} INFO - Processing /opt/airflow/dags/flight_pipeline.py took 0.127 seconds
[2026-05-28T02:55:17.941+0000] {processor.py:161} INFO - Started process (PID=2970) to work on /opt/airflow/dags/flight_pipeline.py
[2026-05-28T02:55:17.942+0000] {processor.py:830} INFO - Processing file /opt/airflow/dags/flight_pipeline.py for tasks to queue
[2026-05-28T02:55:17.945+0000] {logging_mixin.py:188} INFO - [2026-05-28T02:55:17.944+0000] {dagbag.py:540} INFO - Filling up the DagBag from /opt/airflow/dags/flight_pipeline.py
[2026-05-28T02:55:17.967+0000] {processor.py:840} INFO - DAG(s) 'flight_pipeline' retrieved from /opt/airflow/dags/flight_pipeline.py
[2026-05-28T02:55:17.996+0000] {logging_mixin.py:188} INFO - [2026-05-28T02:55:17.996+0000] {dag.py:3096} INFO - Sync 1 DAGs
[2026-05-28T02:55:18.021+0000] {logging_mixin.py:188} INFO - [2026-05-28T02:55:18.021+0000] {dag.py:3954} INFO - Setting next_dagrun for flight_pipeline to 2026-05-28 02:00:00+00:00, run_after=2026-05-28 03:00:00+00:00
[2026-05-28T02:55:18.046+0000] {processor.py:183} INFO - Processing /opt/airflow/dags/flight_pipeline.py took 0.113 seconds
[2026-05-28T02:55:48.246+0000] {processor.py:161} INFO - Started process (PID=2975) to work on /opt/airflow/dags/flight_pipeline.py
[2026-05-28T02:55:48.247+0000] {processor.py:830} INFO - Processing file /opt/airflow/dags/flight_pipeline.py for tasks to queue
[2026-05-28T02:55:48.249+0000] {logging_mixin.py:188} INFO - [2026-05-28T02:55:48.249+0000] {dagbag.py:540} INFO - Filling up the DagBag from /opt/airflow/dags/flight_pipeline.py
[2026-05-28T02:55:48.270+0000] {processor.py:840} INFO - DAG(s) 'flight_pipeline' retrieved from /opt/airflow/dags/flight_pipeline.py
[2026-05-28T02:55:48.302+0000] {logging_mixin.py:188} INFO - [2026-05-28T02:55:48.302+0000] {dag.py:3096} INFO - Sync 1 DAGs
[2026-05-28T02:55:48.330+0000] {logging_mixin.py:188} INFO - [2026-05-28T02:55:48.330+0000] {dag.py:3954} INFO - Setting next_dagrun for flight_pipeline to 2026-05-28 02:00:00+00:00, run_after=2026-05-28 03:00:00+00:00
[2026-05-28T02:55:48.353+0000] {processor.py:183} INFO - Processing /opt/airflow/dags/flight_pipeline.py took 0.114 seconds
[2026-05-28T02:56:18.804+0000] {processor.py:161} INFO - Started process (PID=2980) to work on /opt/airflow/dags/flight_pipeline.py
[2026-05-28T02:56:18.805+0000] {processor.py:830} INFO - Processing file /opt/airflow/dags/flight_pipeline.py for tasks to queue
[2026-05-28T02:56:18.808+0000] {logging_mixin.py:188} INFO - [2026-05-28T02:56:18.807+0000] {dagbag.py:540} INFO - Filling up the DagBag from /opt/airflow/dags/flight_pipeline.py
[2026-05-28T02:56:18.830+0000] {processor.py:840} INFO - DAG(s) 'flight_pipeline' retrieved from /opt/airflow/dags/flight_pipeline.py
[2026-05-28T02:56:18.860+0000] {logging_mixin.py:188} INFO - [2026-05-28T02:56:18.860+0000] {dag.py:3096} INFO - Sync 1 DAGs
[2026-05-28T02:56:18.884+0000] {logging_mixin.py:188} INFO - [2026-05-28T02:56:18.884+0000] {dag.py:3954} INFO - Setting next_dagrun for flight_pipeline to 2026-05-28 02:00:00+00:00, run_after=2026-05-28 03:00:00+00:00
[2026-05-28T02:56:18.909+0000] {processor.py:183} INFO - Processing /opt/airflow/dags/flight_pipeline.py took 0.111 seconds
[2026-05-28T02:56:49.116+0000] {processor.py:161} INFO - Started process (PID=2985) to work on /opt/airflow/dags/flight_pipeline.py
[2026-05-28T02:56:49.117+0000] {processor.py:830} INFO - Processing file /opt/airflow/dags/flight_pipeline.py for tasks to queue
[2026-05-28T02:56:49.121+0000] {logging_mixin.py:188} INFO - [2026-05-28T02:56:49.120+0000] {dagbag.py:540} INFO - Filling up the DagBag from /opt/airflow/dags/flight_pipeline.py
[2026-05-28T02:56:49.145+0000] {processor.py:840} INFO - DAG(s) 'flight_pipeline' retrieved from /opt/airflow/dags/flight_pipeline.py
[2026-05-28T02:56:49.184+0000] {logging_mixin.py:188} INFO - [2026-05-28T02:56:49.184+0000] {dag.py:3096} INFO - Sync 1 DAGs
[2026-05-28T02:56:49.215+0000] {logging_mixin.py:188} INFO - [2026-05-28T02:56:49.215+0000] {dag.py:3954} INFO - Setting next_dagrun for flight_pipeline to 2026-05-28 02:00:00+00:00, run_after=2026-05-28 03:00:00+00:00
[2026-05-28T02:56:49.241+0000] {processor.py:183} INFO - Processing /opt/airflow/dags/flight_pipeline.py took 0.135 seconds
[2026-05-28T02:57:19.564+0000] {processor.py:161} INFO - Started process (PID=2990) to work on /opt/airflow/dags/flight_pipeline.py
[2026-05-28T02:57:19.572+0000] {processor.py:830} INFO - Processing file /opt/airflow/dags/flight_pipeline.py for tasks to queue
[2026-05-28T02:57:19.576+0000] {logging_mixin.py:188} INFO - [2026-05-28T02:57:19.576+0000] {dagbag.py:540} INFO - Filling up the DagBag from /opt/airflow/dags/flight_pipeline.py
[2026-05-28T02:57:19.601+0000] {processor.py:840} INFO - DAG(s) 'flight_pipeline' retrieved from /opt/airflow/dags/flight_pipeline.py
[2026-05-28T02:57:19.638+0000] {logging_mixin.py:188} INFO - [2026-05-28T02:57:19.637+0000] {dag.py:3096} INFO - Sync 1 DAGs
[2026-05-28T02:57:19.675+0000] {logging_mixin.py:188} INFO - [2026-05-28T02:57:19.675+0000] {dag.py:3954} INFO - Setting next_dagrun for flight_pipeline to 2026-05-28 02:00:00+00:00, run_after=2026-05-28 03:00:00+00:00
[2026-05-28T02:57:19.705+0000] {processor.py:183} INFO - Processing /opt/airflow/dags/flight_pipeline.py took 0.156 seconds
[2026-05-28T02:57:49.892+0000] {processor.py:161} INFO - Started process (PID=2995) to work on /opt/airflow/dags/flight_pipeline.py
[2026-05-28T02:57:49.894+0000] {processor.py:830} INFO - Processing file /opt/airflow/dags/flight_pipeline.py for tasks to queue
[2026-05-28T02:57:49.897+0000] {logging_mixin.py:188} INFO - [2026-05-28T02:57:49.896+0000] {dagbag.py:540} INFO - Filling up the DagBag from /opt/airflow/dags/flight_pipeline.py
[2026-05-28T02:57:49.922+0000] {processor.py:840} INFO - DAG(s) 'flight_pipeline' retrieved from /opt/airflow/dags/flight_pipeline.py
[2026-05-28T02:57:49.959+0000] {logging_mixin.py:188} INFO - [2026-05-28T02:57:49.959+0000] {dag.py:3096} INFO - Sync 1 DAGs
[2026-05-28T02:57:49.990+0000] {logging_mixin.py:188} INFO - [2026-05-28T02:57:49.989+0000] {dag.py:3954} INFO - Setting next_dagrun for flight_pipeline to 2026-05-28 02:00:00+00:00, run_after=2026-05-28 03:00:00+00:00
[2026-05-28T02:57:50.012+0000] {processor.py:183} INFO - Processing /opt/airflow/dags/flight_pipeline.py took 0.129 seconds
[2026-05-28T02:58:20.338+0000] {processor.py:161} INFO - Started process (PID=3000) to work on /opt/airflow/dags/flight_pipeline.py
[2026-05-28T02:58:20.341+0000] {processor.py:830} INFO - Processing file /opt/airflow/dags/flight_pipeline.py for tasks to queue
[2026-05-28T02:58:20.344+0000] {logging_mixin.py:188} INFO - [2026-05-28T02:58:20.344+0000] {dagbag.py:540} INFO - Filling up the DagBag from /opt/airflow/dags/flight_pipeline.py
[2026-05-28T02:58:20.367+0000] {processor.py:840} INFO - DAG(s) 'flight_pipeline' retrieved from /opt/airflow/dags/flight_pipeline.py
[2026-05-28T02:58:20.399+0000] {logging_mixin.py:188} INFO - [2026-05-28T02:58:20.398+0000] {dag.py:3096} INFO - Sync 1 DAGs
[2026-05-28T02:58:20.429+0000] {logging_mixin.py:188} INFO - [2026-05-28T02:58:20.429+0000] {dag.py:3954} INFO - Setting next_dagrun for flight_pipeline to 2026-05-28 02:00:00+00:00, run_after=2026-05-28 03:00:00+00:00
[2026-05-28T02:58:20.460+0000] {processor.py:183} INFO - Processing /opt/airflow/dags/flight_pipeline.py took 0.131 seconds
[2026-05-28T02:58:50.667+0000] {processor.py:161} INFO - Started process (PID=3005) to work on /opt/airflow/dags/flight_pipeline.py
[2026-05-28T02:58:50.668+0000] {processor.py:830} INFO - Processing file /opt/airflow/dags/flight_pipeline.py for tasks to queue
[2026-05-28T02:58:50.672+0000] {logging_mixin.py:188} INFO - [2026-05-28T02:58:50.671+0000] {dagbag.py:540} INFO - Filling up the DagBag from /opt/airflow/dags/flight_pipeline.py
[2026-05-28T02:58:50.700+0000] {processor.py:840} INFO - DAG(s) 'flight_pipeline' retrieved from /opt/airflow/dags/flight_pipeline.py
[2026-05-28T02:58:50.740+0000] {logging_mixin.py:188} INFO - [2026-05-28T02:58:50.740+0000] {dag.py:3096} INFO - Sync 1 DAGs
[2026-05-28T02:58:50.772+0000] {logging_mixin.py:188} INFO - [2026-05-28T02:58:50.771+0000] {dag.py:3954} INFO - Setting next_dagrun for flight_pipeline to 2026-05-28 02:00:00+00:00, run_after=2026-05-28 03:00:00+00:00
[2026-05-28T02:58:50.801+0000] {processor.py:183} INFO - Processing /opt/airflow/dags/flight_pipeline.py took 0.143 seconds
[2026-05-28T02:59:21.088+0000] {processor.py:161} INFO - Started process (PID=3010) to work on /opt/airflow/dags/flight_pipeline.py
[2026-05-28T02:59:21.089+0000] {processor.py:830} INFO - Processing file /opt/airflow/dags/flight_pipeline.py for tasks to queue
[2026-05-28T02:59:21.093+0000] {logging_mixin.py:188} INFO - [2026-05-28T02:59:21.092+0000] {dagbag.py:540} INFO - Filling up the DagBag from /opt/airflow/dags/flight_pipeline.py
[2026-05-28T02:59:21.121+0000] {processor.py:840} INFO - DAG(s) 'flight_pipeline' retrieved from /opt/airflow/dags/flight_pipeline.py
[2026-05-28T02:59:21.162+0000] {logging_mixin.py:188} INFO - [2026-05-28T02:59:21.162+0000] {dag.py:3096} INFO - Sync 1 DAGs
[2026-05-28T02:59:21.196+0000] {logging_mixin.py:188} INFO - [2026-05-28T02:59:21.196+0000] {dag.py:3954} INFO - Setting next_dagrun for flight_pipeline to 2026-05-28 02:00:00+00:00, run_after=2026-05-28 03:00:00+00:00
[2026-05-28T02:59:21.228+0000] {processor.py:183} INFO - Processing /opt/airflow/dags/flight_pipeline.py took 0.149 seconds
[2026-05-28T02:59:51.427+0000] {processor.py:161} INFO - Started process (PID=3015) to work on /opt/airflow/dags/flight_pipeline.py
[2026-05-28T02:59:51.428+0000] {processor.py:830} INFO - Processing file /opt/airflow/dags/flight_pipeline.py for tasks to queue
[2026-05-28T02:59:51.431+0000] {logging_mixin.py:188} INFO - [2026-05-28T02:59:51.431+0000] {dagbag.py:540} INFO - Filling up the DagBag from /opt/airflow/dags/flight_pipeline.py
[2026-05-28T02:59:51.454+0000] {processor.py:840} INFO - DAG(s) 'flight_pipeline' retrieved from /opt/airflow/dags/flight_pipeline.py
[2026-05-28T02:59:51.488+0000] {logging_mixin.py:188} INFO - [2026-05-28T02:59:51.488+0000] {dag.py:3096} INFO - Sync 1 DAGs
[2026-05-28T02:59:51.515+0000] {logging_mixin.py:188} INFO - [2026-05-28T02:59:51.515+0000] {dag.py:3954} INFO - Setting next_dagrun for flight_pipeline to 2026-05-28 02:00:00+00:00, run_after=2026-05-28 03:00:00+00:00
[2026-05-28T02:59:51.542+0000] {processor.py:183} INFO - Processing /opt/airflow/dags/flight_pipeline.py took 0.124 seconds
[2026-05-28T03:00:21.868+0000] {processor.py:161} INFO - Started process (PID=3054) to work on /opt/airflow/dags/flight_pipeline.py
[2026-05-28T03:00:21.869+0000] {processor.py:830} INFO - Processing file /opt/airflow/dags/flight_pipeline.py for tasks to queue
[2026-05-28T03:00:21.871+0000] {logging_mixin.py:188} INFO - [2026-05-28T03:00:21.870+0000] {dagbag.py:540} INFO - Filling up the DagBag from /opt/airflow/dags/flight_pipeline.py
[2026-05-28T03:00:21.895+0000] {processor.py:840} INFO - DAG(s) 'flight_pipeline' retrieved from /opt/airflow/dags/flight_pipeline.py
[2026-05-28T03:00:21.931+0000] {logging_mixin.py:188} INFO - [2026-05-28T03:00:21.930+0000] {dag.py:3096} INFO - Sync 1 DAGs
[2026-05-28T03:00:21.957+0000] {logging_mixin.py:188} INFO - [2026-05-28T03:00:21.957+0000] {dag.py:3954} INFO - Setting next_dagrun for flight_pipeline to 2026-05-28 03:00:00+00:00, run_after=2026-05-28 04:00:00+00:00
[2026-05-28T03:00:21.989+0000] {processor.py:183} INFO - Processing /opt/airflow/dags/flight_pipeline.py took 0.130 seconds
[2026-05-28T03:00:52.194+0000] {processor.py:161} INFO - Started process (PID=3059) to work on /opt/airflow/dags/flight_pipeline.py
[2026-05-28T03:00:52.196+0000] {processor.py:830} INFO - Processing file /opt/airflow/dags/flight_pipeline.py for tasks to queue
[2026-05-28T03:00:52.199+0000] {logging_mixin.py:188} INFO - [2026-05-28T03:00:52.198+0000] {dagbag.py:540} INFO - Filling up the DagBag from /opt/airflow/dags/flight_pipeline.py
[2026-05-28T03:00:52.223+0000] {processor.py:840} INFO - DAG(s) 'flight_pipeline' retrieved from /opt/airflow/dags/flight_pipeline.py
[2026-05-28T03:00:52.256+0000] {logging_mixin.py:188} INFO - [2026-05-28T03:00:52.256+0000] {dag.py:3096} INFO - Sync 1 DAGs
[2026-05-28T03:00:52.281+0000] {logging_mixin.py:188} INFO - [2026-05-28T03:00:52.280+0000] {dag.py:3954} INFO - Setting next_dagrun for flight_pipeline to 2026-05-28 03:00:00+00:00, run_after=2026-05-28 04:00:00+00:00
[2026-05-28T03:00:52.304+0000] {processor.py:183} INFO - Processing /opt/airflow/dags/flight_pipeline.py took 0.118 seconds
[2026-05-28T03:01:22.688+0000] {processor.py:161} INFO - Started process (PID=3064) to work on /opt/airflow/dags/flight_pipeline.py
[2026-05-28T03:01:22.689+0000] {processor.py:830} INFO - Processing file /opt/airflow/dags/flight_pipeline.py for tasks to queue
[2026-05-28T03:01:22.692+0000] {logging_mixin.py:188} INFO - [2026-05-28T03:01:22.691+0000] {dagbag.py:540} INFO - Filling up the DagBag from /opt/airflow/dags/flight_pipeline.py
[2026-05-28T03:01:22.714+0000] {processor.py:840} INFO - DAG(s) 'flight_pipeline' retrieved from /opt/airflow/dags/flight_pipeline.py
[2026-05-28T03:01:22.749+0000] {logging_mixin.py:188} INFO - [2026-05-28T03:01:22.748+0000] {dag.py:3096} INFO - Sync 1 DAGs
[2026-05-28T03:01:22.780+0000] {logging_mixin.py:188} INFO - [2026-05-28T03:01:22.779+0000] {dag.py:3954} INFO - Setting next_dagrun for flight_pipeline to 2026-05-28 03:00:00+00:00, run_after=2026-05-28 04:00:00+00:00
[2026-05-28T03:01:22.804+0000] {processor.py:183} INFO - Processing /opt/airflow/dags/flight_pipeline.py took 0.125 seconds
[2026-05-28T03:01:53.022+0000] {processor.py:161} INFO - Started process (PID=3069) to work on /opt/airflow/dags/flight_pipeline.py
[2026-05-28T03:01:53.024+0000] {processor.py:830} INFO - Processing file /opt/airflow/dags/flight_pipeline.py for tasks to queue
[2026-05-28T03:01:53.026+0000] {logging_mixin.py:188} INFO - [2026-05-28T03:01:53.026+0000] {dagbag.py:540} INFO - Filling up the DagBag from /opt/airflow/dags/flight_pipeline.py
[2026-05-28T03:01:53.052+0000] {processor.py:840} INFO - DAG(s) 'flight_pipeline' retrieved from /opt/airflow/dags/flight_pipeline.py
[2026-05-28T03:01:53.089+0000] {logging_mixin.py:188} INFO - [2026-05-28T03:01:53.089+0000] {dag.py:3096} INFO - Sync 1 DAGs
[2026-05-28T03:01:53.117+0000] {logging_mixin.py:188} INFO - [2026-05-28T03:01:53.117+0000] {dag.py:3954} INFO - Setting next_dagrun for flight_pipeline to 2026-05-28 03:00:00+00:00, run_after=2026-05-28 04:00:00+00:00
[2026-05-28T03:01:53.144+0000] {processor.py:183} INFO - Processing /opt/airflow/dags/flight_pipeline.py took 0.130 seconds
[2026-05-28T03:02:23.416+0000] {processor.py:161} INFO - Started process (PID=3074) to work on /opt/airflow/dags/flight_pipeline.py
[2026-05-28T03:02:23.417+0000] {processor.py:830} INFO - Processing file /opt/airflow/dags/flight_pipeline.py for tasks to queue
[2026-05-28T03:02:23.420+0000] {logging_mixin.py:188} INFO - [2026-05-28T03:02:23.419+0000] {dagbag.py:540} INFO - Filling up the DagBag from /opt/airflow/dags/flight_pipeline.py
[2026-05-28T03:02:23.441+0000] {processor.py:840} INFO - DAG(s) 'flight_pipeline' retrieved from /opt/airflow/dags/flight_pipeline.py
[2026-05-28T03:02:23.474+0000] {logging_mixin.py:188} INFO - [2026-05-28T03:02:23.474+0000] {dag.py:3096} INFO - Sync 1 DAGs
[2026-05-28T03:02:23.501+0000] {logging_mixin.py:188} INFO - [2026-05-28T03:02:23.501+0000] {dag.py:3954} INFO - Setting next_dagrun for flight_pipeline to 2026-05-28 03:00:00+00:00, run_after=2026-05-28 04:00:00+00:00
[2026-05-28T03:02:23.578+0000] {processor.py:183} INFO - Processing /opt/airflow/dags/flight_pipeline.py took 0.169 seconds
[2026-05-28T03:02:53.757+0000] {processor.py:161} INFO - Started process (PID=3079) to work on /opt/airflow/dags/flight_pipeline.py
[2026-05-28T03:02:53.758+0000] {processor.py:830} INFO - Processing file /opt/airflow/dags/flight_pipeline.py for tasks to queue
[2026-05-28T03:02:53.761+0000] {logging_mixin.py:188} INFO - [2026-05-28T03:02:53.760+0000] {dagbag.py:540} INFO - Filling up the DagBag from /opt/airflow/dags/flight_pipeline.py
[2026-05-28T03:02:53.785+0000] {processor.py:840} INFO - DAG(s) 'flight_pipeline' retrieved from /opt/airflow/dags/flight_pipeline.py
[2026-05-28T03:02:53.824+0000] {logging_mixin.py:188} INFO - [2026-05-28T03:02:53.824+0000] {dag.py:3096} INFO - Sync 1 DAGs
[2026-05-28T03:02:53.858+0000] {logging_mixin.py:188} INFO - [2026-05-28T03:02:53.858+0000] {dag.py:3954} INFO - Setting next_dagrun for flight_pipeline to 2026-05-28 03:00:00+00:00, run_after=2026-05-28 04:00:00+00:00
[2026-05-28T03:02:53.890+0000] {processor.py:183} INFO - Processing /opt/airflow/dags/flight_pipeline.py took 0.141 seconds
[2026-05-28T03:03:24.115+0000] {processor.py:161} INFO - Started process (PID=3084) to work on /opt/airflow/dags/flight_pipeline.py
[2026-05-28T03:03:24.116+0000] {processor.py:830} INFO - Processing file /opt/airflow/dags/flight_pipeline.py for tasks to queue
[2026-05-28T03:03:24.119+0000] {logging_mixin.py:188} INFO - [2026-05-28T03:03:24.119+0000] {dagbag.py:540} INFO - Filling up the DagBag from /opt/airflow/dags/flight_pipeline.py
[2026-05-28T03:03:24.274+0000] {processor.py:840} INFO - DAG(s) 'flight_pipeline' retrieved from /opt/airflow/dags/flight_pipeline.py
[2026-05-28T03:03:24.313+0000] {logging_mixin.py:188} INFO - [2026-05-28T03:03:24.313+0000] {dag.py:3096} INFO - Sync 1 DAGs
[2026-05-28T03:03:24.344+0000] {logging_mixin.py:188} INFO - [2026-05-28T03:03:24.343+0000] {dag.py:3954} INFO - Setting next_dagrun for flight_pipeline to 2026-05-28 03:00:00+00:00, run_after=2026-05-28 04:00:00+00:00
[2026-05-28T03:03:24.370+0000] {processor.py:183} INFO - Processing /opt/airflow/dags/flight_pipeline.py took 0.145 seconds
[2026-05-28T03:03:54.667+0000] {processor.py:161} INFO - Started process (PID=3089) to work on /opt/airflow/dags/flight_pipeline.py
[2026-05-28T03:03:54.668+0000] {processor.py:830} INFO - Processing file /opt/airflow/dags/flight_pipeline.py for tasks to queue
[2026-05-28T03:03:54.671+0000] {logging_mixin.py:188} INFO - [2026-05-28T03:03:54.670+0000] {dagbag.py:540} INFO - Filling up the DagBag from /opt/airflow/dags/flight_pipeline.py
[2026-05-28T03:03:54.695+0000] {processor.py:840} INFO - DAG(s) 'flight_pipeline' retrieved from /opt/airflow/dags/flight_pipeline.py
[2026-05-28T03:03:54.732+0000] {logging_mixin.py:188} INFO - [2026-05-28T03:03:54.731+0000] {dag.py:3096} INFO - Sync 1 DAGs
[2026-05-28T03:03:54.763+0000] {logging_mixin.py:188} INFO - [2026-05-28T03:03:54.763+0000] {dag.py:3954} INFO - Setting next_dagrun for flight_pipeline to 2026-05-28 03:00:00+00:00, run_after=2026-05-28 04:00:00+00:00
[2026-05-28T03:03:54.793+0000] {processor.py:183} INFO - Processing /opt/airflow/dags/flight_pipeline.py took 0.133 seconds
[2026-05-28T03:04:25.019+0000] {processor.py:161} INFO - Started process (PID=3094) to work on /opt/airflow/dags/flight_pipeline.py
[2026-05-28T03:04:25.021+0000] {processor.py:830} INFO - Processing file /opt/airflow/dags/flight_pipeline.py for tasks to queue
[2026-05-28T03:04:25.023+0000] {logging_mixin.py:188} INFO - [2026-05-28T03:04:25.022+0000] {dagbag.py:540} INFO - Filling up the DagBag from /opt/airflow/dags/flight_pipeline.py
[2026-05-28T03:04:25.047+0000] {processor.py:840} INFO - DAG(s) 'flight_pipeline' retrieved from /opt/airflow/dags/flight_pipeline.py
[2026-05-28T03:04:25.081+0000] {logging_mixin.py:188} INFO - [2026-05-28T03:04:25.081+0000] {dag.py:3096} INFO - Sync 1 DAGs
[2026-05-28T03:04:25.109+0000] {logging_mixin.py:188} INFO - [2026-05-28T03:04:25.108+0000] {dag.py:3954} INFO - Setting next_dagrun for flight_pipeline to 2026-05-28 03:00:00+00:00, run_after=2026-05-28 04:00:00+00:00
[2026-05-28T03:04:25.136+0000] {processor.py:183} INFO - Processing /opt/airflow/dags/flight_pipeline.py took 0.125 seconds
[2026-05-28T03:04:55.621+0000] {processor.py:161} INFO - Started process (PID=3099) to work on /opt/airflow/dags/flight_pipeline.py
[2026-05-28T03:04:55.622+0000] {processor.py:830} INFO - Processing file /opt/airflow/dags/flight_pipeline.py for tasks to queue
[2026-05-28T03:04:55.624+0000] {logging_mixin.py:188} INFO - [2026-05-28T03:04:55.624+0000] {dagbag.py:540} INFO - Filling up the DagBag from /opt/airflow/dags/flight_pipeline.py
[2026-05-28T03:04:55.647+0000] {processor.py:840} INFO - DAG(s) 'flight_pipeline' retrieved from /opt/airflow/dags/flight_pipeline.py
[2026-05-28T03:04:55.679+0000] {logging_mixin.py:188} INFO - [2026-05-28T03:04:55.679+0000] {dag.py:3096} INFO - Sync 1 DAGs
[2026-05-28T03:04:55.705+0000] {logging_mixin.py:188} INFO - [2026-05-28T03:04:55.705+0000] {dag.py:3954} INFO - Setting next_dagrun for flight_pipeline to 2026-05-28 03:00:00+00:00, run_after=2026-05-28 04:00:00+00:00
[2026-05-28T03:04:55.732+0000] {processor.py:183} INFO - Processing /opt/airflow/dags/flight_pipeline.py took 0.119 seconds
[2026-05-28T03:05:25.959+0000] {processor.py:161} INFO - Started process (PID=3104) to work on /opt/airflow/dags/flight_pipeline.py
[2026-05-28T03:05:25.960+0000] {processor.py:830} INFO - Processing file /opt/airflow/dags/flight_pipeline.py for tasks to queue
[2026-05-28T03:05:25.963+0000] {logging_mixin.py:188} INFO - [2026-05-28T03:05:25.963+0000] {dagbag.py:540} INFO - Filling up the DagBag from /opt/airflow/dags/flight_pipeline.py
[2026-05-28T03:05:25.989+0000] {processor.py:840} INFO - DAG(s) 'flight_pipeline' retrieved from /opt/airflow/dags/flight_pipeline.py
[2026-05-28T03:05:26.023+0000] {logging_mixin.py:188} INFO - [2026-05-28T03:05:26.022+0000] {dag.py:3096} INFO - Sync 1 DAGs
[2026-05-28T03:05:26.047+0000] {logging_mixin.py:188} INFO - [2026-05-28T03:05:26.047+0000] {dag.py:3954} INFO - Setting next_dagrun for flight_pipeline to 2026-05-28 03:00:00+00:00, run_after=2026-05-28 04:00:00+00:00
[2026-05-28T03:05:26.072+0000] {processor.py:183} INFO - Processing /opt/airflow/dags/flight_pipeline.py took 0.120 seconds
[2026-05-28T03:05:56.364+0000] {processor.py:161} INFO - Started process (PID=3109) to work on /opt/airflow/dags/flight_pipeline.py
[2026-05-28T03:05:56.365+0000] {processor.py:830} INFO - Processing file /opt/airflow/dags/flight_pipeline.py for tasks to queue
[2026-05-28T03:05:56.368+0000] {logging_mixin.py:188} INFO - [2026-05-28T03:05:56.367+0000] {dagbag.py:540} INFO - Filling up the DagBag from /opt/airflow/dags/flight_pipeline.py
[2026-05-28T03:05:56.391+0000] {processor.py:840} INFO - DAG(s) 'flight_pipeline' retrieved from /opt/airflow/dags/flight_pipeline.py
[2026-05-28T03:05:56.424+0000] {logging_mixin.py:188} INFO - [2026-05-28T03:05:56.423+0000] {dag.py:3096} INFO - Sync 1 DAGs
[2026-05-28T03:05:56.448+0000] {logging_mixin.py:188} INFO - [2026-05-28T03:05:56.448+0000] {dag.py:3954} INFO - Setting next_dagrun for flight_pipeline to 2026-05-28 03:00:00+00:00, run_after=2026-05-28 04:00:00+00:00
[2026-05-28T03:05:56.471+0000] {processor.py:183} INFO - Processing /opt/airflow/dags/flight_pipeline.py took 0.115 seconds
[2026-05-28T03:06:26.718+0000] {processor.py:161} INFO - Started process (PID=3114) to work on /opt/airflow/dags/flight_pipeline.py
[2026-05-28T03:06:26.720+0000] {processor.py:830} INFO - Processing file /opt/airflow/dags/flight_pipeline.py for tasks to queue
[2026-05-28T03:06:26.723+0000] {logging_mixin.py:188} INFO - [2026-05-28T03:06:26.722+0000] {dagbag.py:540} INFO - Filling up the DagBag from /opt/airflow/dags/flight_pipeline.py
[2026-05-28T03:06:26.747+0000] {processor.py:840} INFO - DAG(s) 'flight_pipeline' retrieved from /opt/airflow/dags/flight_pipeline.py
[2026-05-28T03:06:26.784+0000] {logging_mixin.py:188} INFO - [2026-05-28T03:06:26.783+0000] {dag.py:3096} INFO - Sync 1 DAGs
[2026-05-28T03:06:26.808+0000] {logging_mixin.py:188} INFO - [2026-05-28T03:06:26.808+0000] {dag.py:3954} INFO - Setting next_dagrun for flight_pipeline to 2026-05-28 03:00:00+00:00, run_after=2026-05-28 04:00:00+00:00
[2026-05-28T03:06:26.835+0000] {processor.py:183} INFO - Processing /opt/airflow/dags/flight_pipeline.py took 0.125 seconds
[2026-05-28T03:06:57.131+0000] {processor.py:161} INFO - Started process (PID=3119) to work on /opt/airflow/dags/flight_pipeline.py
[2026-05-28T03:06:57.133+0000] {processor.py:830} INFO - Processing file /opt/airflow/dags/flight_pipeline.py for tasks to queue
[2026-05-28T03:06:57.135+0000] {logging_mixin.py:188} INFO - [2026-05-28T03:06:57.135+0000] {dagbag.py:540} INFO - Filling up the DagBag from /opt/airflow/dags/flight_pipeline.py
[2026-05-28T03:06:57.161+0000] {processor.py:840} INFO - DAG(s) 'flight_pipeline' retrieved from /opt/airflow/dags/flight_pipeline.py
[2026-05-28T03:06:57.198+0000] {logging_mixin.py:188} INFO - [2026-05-28T03:06:57.198+0000] {dag.py:3096} INFO - Sync 1 DAGs
[2026-05-28T03:06:57.230+0000] {logging_mixin.py:188} INFO - [2026-05-28T03:06:57.229+0000] {dag.py:3954} INFO - Setting next_dagrun for flight_pipeline to 2026-05-28 03:00:00+00:00, run_after=2026-05-28 04:00:00+00:00
[2026-05-28T03:06:57.257+0000] {processor.py:183} INFO - Processing /opt/airflow/dags/flight_pipeline.py took 0.134 seconds
[2026-05-28T03:07:27.468+0000] {processor.py:161} INFO - Started process (PID=3124) to work on /opt/airflow/dags/flight_pipeline.py
[2026-05-28T03:07:27.469+0000] {processor.py:830} INFO - Processing file /opt/airflow/dags/flight_pipeline.py for tasks to queue
[2026-05-28T03:07:27.472+0000] {logging_mixin.py:188} INFO - [2026-05-28T03:07:27.472+0000] {dagbag.py:540} INFO - Filling up the DagBag from /opt/airflow/dags/flight_pipeline.py
[2026-05-28T03:07:27.496+0000] {processor.py:840} INFO - DAG(s) 'flight_pipeline' retrieved from /opt/airflow/dags/flight_pipeline.py
[2026-05-28T03:07:27.533+0000] {logging_mixin.py:188} INFO - [2026-05-28T03:07:27.532+0000] {dag.py:3096} INFO - Sync 1 DAGs
[2026-05-28T03:07:27.564+0000] {logging_mixin.py:188} INFO - [2026-05-28T03:07:27.563+0000] {dag.py:3954} INFO - Setting next_dagrun for flight_pipeline to 2026-05-28 03:00:00+00:00, run_after=2026-05-28 04:00:00+00:00
[2026-05-28T03:07:27.592+0000] {processor.py:183} INFO - Processing /opt/airflow/dags/flight_pipeline.py took 0.132 seconds
[2026-05-28T03:07:57.886+0000] {processor.py:161} INFO - Started process (PID=3129) to work on /opt/airflow/dags/flight_pipeline.py
[2026-05-28T03:07:57.887+0000] {processor.py:830} INFO - Processing file /opt/airflow/dags/flight_pipeline.py for tasks to queue
[2026-05-28T03:07:57.890+0000] {logging_mixin.py:188} INFO - [2026-05-28T03:07:57.889+0000] {dagbag.py:540} INFO - Filling up the DagBag from /opt/airflow/dags/flight_pipeline.py
[2026-05-28T03:07:57.914+0000] {processor.py:840} INFO - DAG(s) 'flight_pipeline' retrieved from /opt/airflow/dags/flight_pipeline.py
[2026-05-28T03:07:57.947+0000] {logging_mixin.py:188} INFO - [2026-05-28T03:07:57.947+0000] {dag.py:3096} INFO - Sync 1 DAGs
[2026-05-28T03:07:57.973+0000] {logging_mixin.py:188} INFO - [2026-05-28T03:07:57.973+0000] {dag.py:3954} INFO - Setting next_dagrun for flight_pipeline to 2026-05-28 03:00:00+00:00, run_after=2026-05-28 04:00:00+00:00
[2026-05-28T03:07:58.000+0000] {processor.py:183} INFO - Processing /opt/airflow/dags/flight_pipeline.py took 0.121 seconds
[2026-05-28T03:08:28.245+0000] {processor.py:161} INFO - Started process (PID=3134) to work on /opt/airflow/dags/flight_pipeline.py
[2026-05-28T03:08:28.247+0000] {processor.py:830} INFO - Processing file /opt/airflow/dags/flight_pipeline.py for tasks to queue
[2026-05-28T03:08:28.249+0000] {logging_mixin.py:188} INFO - [2026-05-28T03:08:28.248+0000] {dagbag.py:540} INFO - Filling up the DagBag from /opt/airflow/dags/flight_pipeline.py
[2026-05-28T03:08:28.271+0000] {processor.py:840} INFO - DAG(s) 'flight_pipeline' retrieved from /opt/airflow/dags/flight_pipeline.py
[2026-05-28T03:08:28.303+0000] {logging_mixin.py:188} INFO - [2026-05-28T03:08:28.302+0000] {dag.py:3096} INFO - Sync 1 DAGs
[2026-05-28T03:08:28.328+0000] {logging_mixin.py:188} INFO - [2026-05-28T03:08:28.328+0000] {dag.py:3954} INFO - Setting next_dagrun for flight_pipeline to 2026-05-28 03:00:00+00:00, run_after=2026-05-28 04:00:00+00:00
[2026-05-28T03:08:28.353+0000] {processor.py:183} INFO - Processing /opt/airflow/dags/flight_pipeline.py took 0.114 seconds
[2026-05-28T03:08:58.695+0000] {processor.py:161} INFO - Started process (PID=3139) to work on /opt/airflow/dags/flight_pipeline.py
[2026-05-28T03:08:58.696+0000] {processor.py:830} INFO - Processing file /opt/airflow/dags/flight_pipeline.py for tasks to queue
[2026-05-28T03:08:58.699+0000] {logging_mixin.py:188} INFO - [2026-05-28T03:08:58.698+0000] {dagbag.py:540} INFO - Filling up the DagBag from /opt/airflow/dags/flight_pipeline.py
[2026-05-28T03:08:58.721+0000] {processor.py:840} INFO - DAG(s) 'flight_pipeline' retrieved from /opt/airflow/dags/flight_pipeline.py
[2026-05-28T03:08:58.755+0000] {logging_mixin.py:188} INFO - [2026-05-28T03:08:58.754+0000] {dag.py:3096} INFO - Sync 1 DAGs
[2026-05-28T03:08:58.783+0000] {logging_mixin.py:188} INFO - [2026-05-28T03:08:58.783+0000] {dag.py:3954} INFO - Setting next_dagrun for flight_pipeline to 2026-05-28 03:00:00+00:00, run_after=2026-05-28 04:00:00+00:00
[2026-05-28T03:08:58.811+0000] {processor.py:183} INFO - Processing /opt/airflow/dags/flight_pipeline.py took 0.123 seconds
[2026-05-28T03:09:29.076+0000] {processor.py:161} INFO - Started process (PID=3144) to work on /opt/airflow/dags/flight_pipeline.py
[2026-05-28T03:09:29.077+0000] {processor.py:830} INFO - Processing file /opt/airflow/dags/flight_pipeline.py for tasks to queue
[2026-05-28T03:09:29.080+0000] {logging_mixin.py:188} INFO - [2026-05-28T03:09:29.079+0000] {dagbag.py:540} INFO - Filling up the DagBag from /opt/airflow/dags/flight_pipeline.py
[2026-05-28T03:09:29.106+0000] {processor.py:840} INFO - DAG(s) 'flight_pipeline' retrieved from /opt/airflow/dags/flight_pipeline.py
[2026-05-28T03:09:29.143+0000] {logging_mixin.py:188} INFO - [2026-05-28T03:09:29.143+0000] {dag.py:3096} INFO - Sync 1 DAGs
[2026-05-28T03:09:29.172+0000] {logging_mixin.py:188} INFO - [2026-05-28T03:09:29.172+0000] {dag.py:3954} INFO - Setting next_dagrun for flight_pipeline to 2026-05-28 03:00:00+00:00, run_after=2026-05-28 04:00:00+00:00
[2026-05-28T03:09:29.199+0000] {processor.py:183} INFO - Processing /opt/airflow/dags/flight_pipeline.py took 0.133 seconds
[2026-05-28T03:09:59.483+0000] {processor.py:161} INFO - Started process (PID=3149) to work on /opt/airflow/dags/flight_pipeline.py
[2026-05-28T03:09:59.484+0000] {processor.py:830} INFO - Processing file /opt/airflow/dags/flight_pipeline.py for tasks to queue
[2026-05-28T03:09:59.487+0000] {logging_mixin.py:188} INFO - [2026-05-28T03:09:59.487+0000] {dagbag.py:540} INFO - Filling up the DagBag from /opt/airflow/dags/flight_pipeline.py
[2026-05-28T03:09:59.510+0000] {processor.py:840} INFO - DAG(s) 'flight_pipeline' retrieved from /opt/airflow/dags/flight_pipeline.py
[2026-05-28T03:09:59.546+0000] {logging_mixin.py:188} INFO - [2026-05-28T03:09:59.545+0000] {dag.py:3096} INFO - Sync 1 DAGs
[2026-05-28T03:09:59.578+0000] {logging_mixin.py:188} INFO - [2026-05-28T03:09:59.578+0000] {dag.py:3954} INFO - Setting next_dagrun for flight_pipeline to 2026-05-28 03:00:00+00:00, run_after=2026-05-28 04:00:00+00:00
[2026-05-28T03:09:59.602+0000] {processor.py:183} INFO - Processing /opt/airflow/dags/flight_pipeline.py took 0.128 seconds
[2026-05-28T03:10:29.829+0000] {processor.py:161} INFO - Started process (PID=3154) to work on /opt/airflow/dags/flight_pipeline.py
[2026-05-28T03:10:29.831+0000] {processor.py:830} INFO - Processing file /opt/airflow/dags/flight_pipeline.py for tasks to queue
[2026-05-28T03:10:29.834+0000] {logging_mixin.py:188} INFO - [2026-05-28T03:10:29.834+0000] {dagbag.py:540} INFO - Filling up the DagBag from /opt/airflow/dags/flight_pipeline.py
[2026-05-28T03:10:29.859+0000] {processor.py:840} INFO - DAG(s) 'flight_pipeline' retrieved from /opt/airflow/dags/flight_pipeline.py
[2026-05-28T03:10:29.900+0000] {logging_mixin.py:188} INFO - [2026-05-28T03:10:29.900+0000] {dag.py:3096} INFO - Sync 1 DAGs
[2026-05-28T03:10:29.930+0000] {logging_mixin.py:188} INFO - [2026-05-28T03:10:29.930+0000] {dag.py:3954} INFO - Setting next_dagrun for flight_pipeline to 2026-05-28 03:00:00+00:00, run_after=2026-05-28 04:00:00+00:00
[2026-05-28T03:10:29.953+0000] {processor.py:183} INFO - Processing /opt/airflow/dags/flight_pipeline.py took 0.135 seconds
[2026-05-28T03:11:00.347+0000] {processor.py:161} INFO - Started process (PID=3159) to work on /opt/airflow/dags/flight_pipeline.py
[2026-05-28T03:11:00.351+0000] {processor.py:830} INFO - Processing file /opt/airflow/dags/flight_pipeline.py for tasks to queue
[2026-05-28T03:11:00.355+0000] {logging_mixin.py:188} INFO - [2026-05-28T03:11:00.355+0000] {dagbag.py:540} INFO - Filling up the DagBag from /opt/airflow/dags/flight_pipeline.py
[2026-05-28T03:11:00.400+0000] {processor.py:840} INFO - DAG(s) 'flight_pipeline' retrieved from /opt/airflow/dags/flight_pipeline.py
[2026-05-28T03:11:00.445+0000] {logging_mixin.py:188} INFO - [2026-05-28T03:11:00.444+0000] {dag.py:3096} INFO - Sync 1 DAGs
[2026-05-28T03:11:00.481+0000] {logging_mixin.py:188} INFO - [2026-05-28T03:11:00.481+0000] {dag.py:3954} INFO - Setting next_dagrun for flight_pipeline to 2026-05-28 03:00:00+00:00, run_after=2026-05-28 04:00:00+00:00
[2026-05-28T03:11:00.514+0000] {processor.py:183} INFO - Processing /opt/airflow/dags/flight_pipeline.py took 0.178 seconds
[2026-05-28T03:11:30.675+0000] {processor.py:161} INFO - Started process (PID=3164) to work on /opt/airflow/dags/flight_pipeline.py
[2026-05-28T03:11:30.676+0000] {processor.py:830} INFO - Processing file /opt/airflow/dags/flight_pipeline.py for tasks to queue
[2026-05-28T03:11:30.679+0000] {logging_mixin.py:188} INFO - [2026-05-28T03:11:30.679+0000] {dagbag.py:540} INFO - Filling up the DagBag from /opt/airflow/dags/flight_pipeline.py
[2026-05-28T03:11:30.706+0000] {processor.py:840} INFO - DAG(s) 'flight_pipeline' retrieved from /opt/airflow/dags/flight_pipeline.py
[2026-05-28T03:11:30.750+0000] {logging_mixin.py:188} INFO - [2026-05-28T03:11:30.749+0000] {dag.py:3096} INFO - Sync 1 DAGs
[2026-05-28T03:11:30.780+0000] {logging_mixin.py:188} INFO - [2026-05-28T03:11:30.780+0000] {dag.py:3954} INFO - Setting next_dagrun for flight_pipeline to 2026-05-28 03:00:00+00:00, run_after=2026-05-28 04:00:00+00:00
[2026-05-28T03:11:30.822+0000] {processor.py:183} INFO - Processing /opt/airflow/dags/flight_pipeline.py took 0.159 seconds
[2026-05-28T03:12:01.225+0000] {processor.py:161} INFO - Started process (PID=3169) to work on /opt/airflow/dags/flight_pipeline.py
[2026-05-28T03:12:01.226+0000] {processor.py:830} INFO - Processing file /opt/airflow/dags/flight_pipeline.py for tasks to queue
[2026-05-28T03:12:01.229+0000] {logging_mixin.py:188} INFO - [2026-05-28T03:12:01.228+0000] {dagbag.py:540} INFO - Filling up the DagBag from /opt/airflow/dags/flight_pipeline.py
[2026-05-28T03:12:01.253+0000] {processor.py:840} INFO - DAG(s) 'flight_pipeline' retrieved from /opt/airflow/dags/flight_pipeline.py
[2026-05-28T03:12:01.289+0000] {logging_mixin.py:188} INFO - [2026-05-28T03:12:01.289+0000] {dag.py:3096} INFO - Sync 1 DAGs
[2026-05-28T03:12:01.318+0000] {logging_mixin.py:188} INFO - [2026-05-28T03:12:01.318+0000] {dag.py:3954} INFO - Setting next_dagrun for flight_pipeline to 2026-05-28 03:00:00+00:00, run_after=2026-05-28 04:00:00+00:00
[2026-05-28T03:12:01.392+0000] {processor.py:183} INFO - Processing /opt/airflow/dags/flight_pipeline.py took 0.175 seconds
[2026-05-28T03:12:31.594+0000] {processor.py:161} INFO - Started process (PID=3174) to work on /opt/airflow/dags/flight_pipeline.py
[2026-05-28T03:12:31.595+0000] {processor.py:830} INFO - Processing file /opt/airflow/dags/flight_pipeline.py for tasks to queue
[2026-05-28T03:12:31.597+0000] {logging_mixin.py:188} INFO - [2026-05-28T03:12:31.597+0000] {dagbag.py:540} INFO - Filling up the DagBag from /opt/airflow/dags/flight_pipeline.py
[2026-05-28T03:12:31.621+0000] {processor.py:840} INFO - DAG(s) 'flight_pipeline' retrieved from /opt/airflow/dags/flight_pipeline.py
[2026-05-28T03:12:31.659+0000] {logging_mixin.py:188} INFO - [2026-05-28T03:12:31.659+0000] {dag.py:3096} INFO - Sync 1 DAGs
[2026-05-28T03:12:31.687+0000] {logging_mixin.py:188} INFO - [2026-05-28T03:12:31.687+0000] {dag.py:3954} INFO - Setting next_dagrun for flight_pipeline to 2026-05-28 03:00:00+00:00, run_after=2026-05-28 04:00:00+00:00
[2026-05-28T03:12:31.715+0000] {processor.py:183} INFO - Processing /opt/airflow/dags/flight_pipeline.py took 0.128 seconds
[2026-05-28T03:13:01.864+0000] {processor.py:161} INFO - Started process (PID=3179) to work on /opt/airflow/dags/flight_pipeline.py
[2026-05-28T03:13:01.866+0000] {processor.py:830} INFO - Processing file /opt/airflow/dags/flight_pipeline.py for tasks to queue
[2026-05-28T03:13:01.869+0000] {logging_mixin.py:188} INFO - [2026-05-28T03:13:01.869+0000] {dagbag.py:540} INFO - Filling up the DagBag from /opt/airflow/dags/flight_pipeline.py
[2026-05-28T03:13:01.893+0000] {processor.py:840} INFO - DAG(s) 'flight_pipeline' retrieved from /opt/airflow/dags/flight_pipeline.py
[2026-05-28T03:13:01.924+0000] {logging_mixin.py:188} INFO - [2026-05-28T03:13:01.924+0000] {dag.py:3096} INFO - Sync 1 DAGs
[2026-05-28T03:13:01.952+0000] {logging_mixin.py:188} INFO - [2026-05-28T03:13:01.952+0000] {dag.py:3954} INFO - Setting next_dagrun for flight_pipeline to 2026-05-28 03:00:00+00:00, run_after=2026-05-28 04:00:00+00:00
[2026-05-28T03:13:01.975+0000] {processor.py:183} INFO - Processing /opt/airflow/dags/flight_pipeline.py took 0.118 seconds
[2026-05-28T03:13:32.314+0000] {processor.py:161} INFO - Started process (PID=3184) to work on /opt/airflow/dags/flight_pipeline.py
[2026-05-28T03:13:32.315+0000] {processor.py:830} INFO - Processing file /opt/airflow/dags/flight_pipeline.py for tasks to queue
[2026-05-28T03:13:32.317+0000] {logging_mixin.py:188} INFO - [2026-05-28T03:13:32.316+0000] {dagbag.py:540} INFO - Filling up the DagBag from /opt/airflow/dags/flight_pipeline.py
[2026-05-28T03:13:32.343+0000] {processor.py:840} INFO - DAG(s) 'flight_pipeline' retrieved from /opt/airflow/dags/flight_pipeline.py
[2026-05-28T03:13:32.397+0000] {logging_mixin.py:188} INFO - [2026-05-28T03:13:32.397+0000] {dag.py:3096} INFO - Sync 1 DAGs
[2026-05-28T03:13:32.432+0000] {logging_mixin.py:188} INFO - [2026-05-28T03:13:32.432+0000] {dag.py:3954} INFO - Setting next_dagrun for flight_pipeline to 2026-05-28 03:00:00+00:00, run_after=2026-05-28 04:00:00+00:00
[2026-05-28T03:13:32.452+0000] {processor.py:183} INFO - Processing /opt/airflow/dags/flight_pipeline.py took 0.144 seconds
[2026-05-28T03:14:02.647+0000] {processor.py:161} INFO - Started process (PID=3189) to work on /opt/airflow/dags/flight_pipeline.py
[2026-05-28T03:14:02.652+0000] {processor.py:830} INFO - Processing file /opt/airflow/dags/flight_pipeline.py for tasks to queue
[2026-05-28T03:14:02.658+0000] {logging_mixin.py:188} INFO - [2026-05-28T03:14:02.657+0000] {dagbag.py:540} INFO - Filling up the DagBag from /opt/airflow/dags/flight_pipeline.py
[2026-05-28T03:14:02.706+0000] {processor.py:840} INFO - DAG(s) 'flight_pipeline' retrieved from /opt/airflow/dags/flight_pipeline.py
[2026-05-28T03:14:02.759+0000] {logging_mixin.py:188} INFO - [2026-05-28T03:14:02.759+0000] {dag.py:3096} INFO - Sync 1 DAGs
[2026-05-28T03:14:02.795+0000] {logging_mixin.py:188} INFO - [2026-05-28T03:14:02.795+0000] {dag.py:3954} INFO - Setting next_dagrun for flight_pipeline to 2026-05-28 03:00:00+00:00, run_after=2026-05-28 04:00:00+00:00
[2026-05-28T03:14:02.830+0000] {processor.py:183} INFO - Processing /opt/airflow/dags/flight_pipeline.py took 0.198 seconds
[2026-05-28T03:14:33.174+0000] {processor.py:161} INFO - Started process (PID=3194) to work on /opt/airflow/dags/flight_pipeline.py
[2026-05-28T03:14:33.176+0000] {processor.py:830} INFO - Processing file /opt/airflow/dags/flight_pipeline.py for tasks to queue
[2026-05-28T03:14:33.178+0000] {logging_mixin.py:188} INFO - [2026-05-28T03:14:33.178+0000] {dagbag.py:540} INFO - Filling up the DagBag from /opt/airflow/dags/flight_pipeline.py
[2026-05-28T03:14:33.209+0000] {processor.py:840} INFO - DAG(s) 'flight_pipeline' retrieved from /opt/airflow/dags/flight_pipeline.py
[2026-05-28T03:14:33.260+0000] {logging_mixin.py:188} INFO - [2026-05-28T03:14:33.259+0000] {dag.py:3096} INFO - Sync 1 DAGs
[2026-05-28T03:14:33.299+0000] {logging_mixin.py:188} INFO - [2026-05-28T03:14:33.299+0000] {dag.py:3954} INFO - Setting next_dagrun for flight_pipeline to 2026-05-28 03:00:00+00:00, run_after=2026-05-28 04:00:00+00:00
[2026-05-28T03:14:33.343+0000] {processor.py:183} INFO - Processing /opt/airflow/dags/flight_pipeline.py took 0.177 seconds
[2026-05-28T03:15:03.524+0000] {processor.py:161} INFO - Started process (PID=3199) to work on /opt/airflow/dags/flight_pipeline.py
[2026-05-28T03:15:03.525+0000] {processor.py:830} INFO - Processing file /opt/airflow/dags/flight_pipeline.py for tasks to queue
[2026-05-28T03:15:03.528+0000] {logging_mixin.py:188} INFO - [2026-05-28T03:15:03.527+0000] {dagbag.py:540} INFO - Filling up the DagBag from /opt/airflow/dags/flight_pipeline.py
[2026-05-28T03:15:03.550+0000] {processor.py:840} INFO - DAG(s) 'flight_pipeline' retrieved from /opt/airflow/dags/flight_pipeline.py
[2026-05-28T03:15:03.591+0000] {logging_mixin.py:188} INFO - [2026-05-28T03:15:03.590+0000] {dag.py:3096} INFO - Sync 1 DAGs
[2026-05-28T03:15:03.621+0000] {logging_mixin.py:188} INFO - [2026-05-28T03:15:03.620+0000] {dag.py:3954} INFO - Setting next_dagrun for flight_pipeline to 2026-05-28 03:00:00+00:00, run_after=2026-05-28 04:00:00+00:00
[2026-05-28T03:15:03.652+0000] {processor.py:183} INFO - Processing /opt/airflow/dags/flight_pipeline.py took 0.135 seconds
[2026-05-28T03:15:34.000+0000] {processor.py:161} INFO - Started process (PID=3204) to work on /opt/airflow/dags/flight_pipeline.py
[2026-05-28T03:15:34.001+0000] {processor.py:830} INFO - Processing file /opt/airflow/dags/flight_pipeline.py for tasks to queue
[2026-05-28T03:15:34.003+0000] {logging_mixin.py:188} INFO - [2026-05-28T03:15:34.003+0000] {dagbag.py:540} INFO - Filling up the DagBag from /opt/airflow/dags/flight_pipeline.py
[2026-05-28T03:15:34.027+0000] {processor.py:840} INFO - DAG(s) 'flight_pipeline' retrieved from /opt/airflow/dags/flight_pipeline.py
[2026-05-28T03:15:34.063+0000] {logging_mixin.py:188} INFO - [2026-05-28T03:15:34.062+0000] {dag.py:3096} INFO - Sync 1 DAGs
[2026-05-28T03:15:34.095+0000] {logging_mixin.py:188} INFO - [2026-05-28T03:15:34.095+0000] {dag.py:3954} INFO - Setting next_dagrun for flight_pipeline to 2026-05-28 03:00:00+00:00, run_after=2026-05-28 04:00:00+00:00
[2026-05-28T03:15:34.126+0000] {processor.py:183} INFO - Processing /opt/airflow/dags/flight_pipeline.py took 0.133 seconds
[2026-05-28T03:16:04.379+0000] {processor.py:161} INFO - Started process (PID=3209) to work on /opt/airflow/dags/flight_pipeline.py
[2026-05-28T03:16:04.380+0000] {processor.py:830} INFO - Processing file /opt/airflow/dags/flight_pipeline.py for tasks to queue
[2026-05-28T03:16:04.384+0000] {logging_mixin.py:188} INFO - [2026-05-28T03:16:04.383+0000] {dagbag.py:540} INFO - Filling up the DagBag from /opt/airflow/dags/flight_pipeline.py
[2026-05-28T03:16:04.410+0000] {processor.py:840} INFO - DAG(s) 'flight_pipeline' retrieved from /opt/airflow/dags/flight_pipeline.py
[2026-05-28T03:16:04.448+0000] {logging_mixin.py:188} INFO - [2026-05-28T03:16:04.448+0000] {dag.py:3096} INFO - Sync 1 DAGs
[2026-05-28T03:16:04.488+0000] {logging_mixin.py:188} INFO - [2026-05-28T03:16:04.488+0000] {dag.py:3954} INFO - Setting next_dagrun for flight_pipeline to 2026-05-28 03:00:00+00:00, run_after=2026-05-28 04:00:00+00:00
[2026-05-28T03:16:04.517+0000] {processor.py:183} INFO - Processing /opt/airflow/dags/flight_pipeline.py took 0.148 seconds
[2026-05-28T03:16:34.863+0000] {processor.py:161} INFO - Started process (PID=3214) to work on /opt/airflow/dags/flight_pipeline.py
[2026-05-28T03:16:34.864+0000] {processor.py:830} INFO - Processing file /opt/airflow/dags/flight_pipeline.py for tasks to queue
[2026-05-28T03:16:34.869+0000] {logging_mixin.py:188} INFO - [2026-05-28T03:16:34.867+0000] {dagbag.py:540} INFO - Filling up the DagBag from /opt/airflow/dags/flight_pipeline.py
[2026-05-28T03:16:34.900+0000] {processor.py:840} INFO - DAG(s) 'flight_pipeline' retrieved from /opt/airflow/dags/flight_pipeline.py
[2026-05-28T03:16:34.946+0000] {logging_mixin.py:188} INFO - [2026-05-28T03:16:34.945+0000] {dag.py:3096} INFO - Sync 1 DAGs
[2026-05-28T03:16:34.994+0000] {logging_mixin.py:188} INFO - [2026-05-28T03:16:34.993+0000] {dag.py:3954} INFO - Setting next_dagrun for flight_pipeline to 2026-05-28 03:00:00+00:00, run_after=2026-05-28 04:00:00+00:00
[2026-05-28T03:16:35.039+0000] {processor.py:183} INFO - Processing /opt/airflow/dags/flight_pipeline.py took 0.188 seconds
[2026-05-28T03:17:05.287+0000] {processor.py:161} INFO - Started process (PID=3219) to work on /opt/airflow/dags/flight_pipeline.py
[2026-05-28T03:17:05.289+0000] {processor.py:830} INFO - Processing file /opt/airflow/dags/flight_pipeline.py for tasks to queue
[2026-05-28T03:17:05.291+0000] {logging_mixin.py:188} INFO - [2026-05-28T03:17:05.291+0000] {dagbag.py:540} INFO - Filling up the DagBag from /opt/airflow/dags/flight_pipeline.py
[2026-05-28T03:17:05.317+0000] {processor.py:840} INFO - DAG(s) 'flight_pipeline' retrieved from /opt/airflow/dags/flight_pipeline.py
[2026-05-28T03:17:05.355+0000] {logging_mixin.py:188} INFO - [2026-05-28T03:17:05.355+0000] {dag.py:3096} INFO - Sync 1 DAGs
[2026-05-28T03:17:05.385+0000] {logging_mixin.py:188} INFO - [2026-05-28T03:17:05.385+0000] {dag.py:3954} INFO - Setting next_dagrun for flight_pipeline to 2026-05-28 03:00:00+00:00, run_after=2026-05-28 04:00:00+00:00
[2026-05-28T03:17:05.417+0000] {processor.py:183} INFO - Processing /opt/airflow/dags/flight_pipeline.py took 0.138 seconds
[2026-05-28T03:17:35.786+0000] {processor.py:161} INFO - Started process (PID=3224) to work on /opt/airflow/dags/flight_pipeline.py
[2026-05-28T03:17:35.788+0000] {processor.py:830} INFO - Processing file /opt/airflow/dags/flight_pipeline.py for tasks to queue
[2026-05-28T03:17:35.792+0000] {logging_mixin.py:188} INFO - [2026-05-28T03:17:35.791+0000] {dagbag.py:540} INFO - Filling up the DagBag from /opt/airflow/dags/flight_pipeline.py
[2026-05-28T03:17:35.820+0000] {processor.py:840} INFO - DAG(s) 'flight_pipeline' retrieved from /opt/airflow/dags/flight_pipeline.py
[2026-05-28T03:17:35.867+0000] {logging_mixin.py:188} INFO - [2026-05-28T03:17:35.866+0000] {dag.py:3096} INFO - Sync 1 DAGs
[2026-05-28T03:17:35.907+0000] {logging_mixin.py:188} INFO - [2026-05-28T03:17:35.907+0000] {dag.py:3954} INFO - Setting next_dagrun for flight_pipeline to 2026-05-28 03:00:00+00:00, run_after=2026-05-28 04:00:00+00:00
[2026-05-28T03:17:35.944+0000] {processor.py:183} INFO - Processing /opt/airflow/dags/flight_pipeline.py took 0.167 seconds
[2026-05-28T03:18:06.131+0000] {processor.py:161} INFO - Started process (PID=3229) to work on /opt/airflow/dags/flight_pipeline.py
[2026-05-28T03:18:06.132+0000] {processor.py:830} INFO - Processing file /opt/airflow/dags/flight_pipeline.py for tasks to queue
[2026-05-28T03:18:06.135+0000] {logging_mixin.py:188} INFO - [2026-05-28T03:18:06.134+0000] {dagbag.py:540} INFO - Filling up the DagBag from /opt/airflow/dags/flight_pipeline.py
[2026-05-28T03:18:06.164+0000] {processor.py:840} INFO - DAG(s) 'flight_pipeline' retrieved from /opt/airflow/dags/flight_pipeline.py
[2026-05-28T03:18:06.204+0000] {logging_mixin.py:188} INFO - [2026-05-28T03:18:06.204+0000] {dag.py:3096} INFO - Sync 1 DAGs
[2026-05-28T03:18:06.239+0000] {logging_mixin.py:188} INFO - [2026-05-28T03:18:06.239+0000] {dag.py:3954} INFO - Setting next_dagrun for flight_pipeline to 2026-05-28 03:00:00+00:00, run_after=2026-05-28 04:00:00+00:00
[2026-05-28T03:18:06.274+0000] {processor.py:183} INFO - Processing /opt/airflow/dags/flight_pipeline.py took 0.152 seconds
[2026-05-28T03:18:36.630+0000] {processor.py:161} INFO - Started process (PID=3234) to work on /opt/airflow/dags/flight_pipeline.py
[2026-05-28T03:18:36.632+0000] {processor.py:830} INFO - Processing file /opt/airflow/dags/flight_pipeline.py for tasks to queue
[2026-05-28T03:18:36.634+0000] {logging_mixin.py:188} INFO - [2026-05-28T03:18:36.634+0000] {dagbag.py:540} INFO - Filling up the DagBag from /opt/airflow/dags/flight_pipeline.py
[2026-05-28T03:18:36.660+0000] {processor.py:840} INFO - DAG(s) 'flight_pipeline' retrieved from /opt/airflow/dags/flight_pipeline.py
[2026-05-28T03:18:36.698+0000] {logging_mixin.py:188} INFO - [2026-05-28T03:18:36.698+0000] {dag.py:3096} INFO - Sync 1 DAGs
[2026-05-28T03:18:36.730+0000] {logging_mixin.py:188} INFO - [2026-05-28T03:18:36.730+0000] {dag.py:3954} INFO - Setting next_dagrun for flight_pipeline to 2026-05-28 03:00:00+00:00, run_after=2026-05-28 04:00:00+00:00
[2026-05-28T03:18:36.764+0000] {processor.py:183} INFO - Processing /opt/airflow/dags/flight_pipeline.py took 0.140 seconds
[2026-05-28T03:19:06.965+0000] {processor.py:161} INFO - Started process (PID=3239) to work on /opt/airflow/dags/flight_pipeline.py
[2026-05-28T03:19:06.967+0000] {processor.py:830} INFO - Processing file /opt/airflow/dags/flight_pipeline.py for tasks to queue
[2026-05-28T03:19:06.969+0000] {logging_mixin.py:188} INFO - [2026-05-28T03:19:06.968+0000] {dagbag.py:540} INFO - Filling up the DagBag from /opt/airflow/dags/flight_pipeline.py
[2026-05-28T03:19:06.994+0000] {processor.py:840} INFO - DAG(s) 'flight_pipeline' retrieved from /opt/airflow/dags/flight_pipeline.py
[2026-05-28T03:19:07.029+0000] {logging_mixin.py:188} INFO - [2026-05-28T03:19:07.028+0000] {dag.py:3096} INFO - Sync 1 DAGs
[2026-05-28T03:19:07.057+0000] {logging_mixin.py:188} INFO - [2026-05-28T03:19:07.056+0000] {dag.py:3954} INFO - Setting next_dagrun for flight_pipeline to 2026-05-28 03:00:00+00:00, run_after=2026-05-28 04:00:00+00:00
[2026-05-28T03:19:07.080+0000] {processor.py:183} INFO - Processing /opt/airflow/dags/flight_pipeline.py took 0.123 seconds
[2026-05-28T03:19:37.451+0000] {processor.py:161} INFO - Started process (PID=3244) to work on /opt/airflow/dags/flight_pipeline.py
[2026-05-28T03:19:37.452+0000] {processor.py:830} INFO - Processing file /opt/airflow/dags/flight_pipeline.py for tasks to queue
[2026-05-28T03:19:37.455+0000] {logging_mixin.py:188} INFO - [2026-05-28T03:19:37.454+0000] {dagbag.py:540} INFO - Filling up the DagBag from /opt/airflow/dags/flight_pipeline.py
[2026-05-28T03:19:37.479+0000] {processor.py:840} INFO - DAG(s) 'flight_pipeline' retrieved from /opt/airflow/dags/flight_pipeline.py
[2026-05-28T03:19:37.515+0000] {logging_mixin.py:188} INFO - [2026-05-28T03:19:37.514+0000] {dag.py:3096} INFO - Sync 1 DAGs
[2026-05-28T03:19:37.543+0000] {logging_mixin.py:188} INFO - [2026-05-28T03:19:37.542+0000] {dag.py:3954} INFO - Setting next_dagrun for flight_pipeline to 2026-05-28 03:00:00+00:00, run_after=2026-05-28 04:00:00+00:00
[2026-05-28T03:19:37.573+0000] {processor.py:183} INFO - Processing /opt/airflow/dags/flight_pipeline.py took 0.130 seconds
[2026-05-28T03:20:07.891+0000] {processor.py:161} INFO - Started process (PID=3249) to work on /opt/airflow/dags/flight_pipeline.py
[2026-05-28T03:20:07.892+0000] {processor.py:830} INFO - Processing file /opt/airflow/dags/flight_pipeline.py for tasks to queue
[2026-05-28T03:20:07.896+0000] {logging_mixin.py:188} INFO - [2026-05-28T03:20:07.895+0000] {dagbag.py:540} INFO - Filling up the DagBag from /opt/airflow/dags/flight_pipeline.py
[2026-05-28T03:20:07.945+0000] {processor.py:840} INFO - DAG(s) 'flight_pipeline' retrieved from /opt/airflow/dags/flight_pipeline.py
[2026-05-28T03:20:07.981+0000] {logging_mixin.py:188} INFO - [2026-05-28T03:20:07.980+0000] {dag.py:3096} INFO - Sync 1 DAGs
[2026-05-28T03:20:08.010+0000] {logging_mixin.py:188} INFO - [2026-05-28T03:20:08.009+0000] {dag.py:3954} INFO - Setting next_dagrun for flight_pipeline to 2026-05-28 03:00:00+00:00, run_after=2026-05-28 04:00:00+00:00
[2026-05-28T03:20:08.035+0000] {processor.py:183} INFO - Processing /opt/airflow/dags/flight_pipeline.py took 0.152 seconds
[2026-05-28T03:20:38.323+0000] {processor.py:161} INFO - Started process (PID=3254) to work on /opt/airflow/dags/flight_pipeline.py
[2026-05-28T03:20:38.325+0000] {processor.py:830} INFO - Processing file /opt/airflow/dags/flight_pipeline.py for tasks to queue
[2026-05-28T03:20:38.329+0000] {logging_mixin.py:188} INFO - [2026-05-28T03:20:38.328+0000] {dagbag.py:540} INFO - Filling up the DagBag from /opt/airflow/dags/flight_pipeline.py
[2026-05-28T03:20:38.360+0000] {processor.py:840} INFO - DAG(s) 'flight_pipeline' retrieved from /opt/airflow/dags/flight_pipeline.py
[2026-05-28T03:20:38.404+0000] {logging_mixin.py:188} INFO - [2026-05-28T03:20:38.404+0000] {dag.py:3096} INFO - Sync 1 DAGs
[2026-05-28T03:20:38.449+0000] {logging_mixin.py:188} INFO - [2026-05-28T03:20:38.448+0000] {dag.py:3954} INFO - Setting next_dagrun for flight_pipeline to 2026-05-28 03:00:00+00:00, run_after=2026-05-28 04:00:00+00:00
[2026-05-28T03:20:38.484+0000] {processor.py:183} INFO - Processing /opt/airflow/dags/flight_pipeline.py took 0.173 seconds
[2026-05-28T03:21:08.815+0000] {processor.py:161} INFO - Started process (PID=3259) to work on /opt/airflow/dags/flight_pipeline.py
[2026-05-28T03:21:08.817+0000] {processor.py:830} INFO - Processing file /opt/airflow/dags/flight_pipeline.py for tasks to queue
[2026-05-28T03:21:08.819+0000] {logging_mixin.py:188} INFO - [2026-05-28T03:21:08.819+0000] {dagbag.py:540} INFO - Filling up the DagBag from /opt/airflow/dags/flight_pipeline.py
[2026-05-28T03:21:08.845+0000] {processor.py:840} INFO - DAG(s) 'flight_pipeline' retrieved from /opt/airflow/dags/flight_pipeline.py
[2026-05-28T03:21:08.882+0000] {logging_mixin.py:188} INFO - [2026-05-28T03:21:08.881+0000] {dag.py:3096} INFO - Sync 1 DAGs
[2026-05-28T03:21:08.914+0000] {logging_mixin.py:188} INFO - [2026-05-28T03:21:08.914+0000] {dag.py:3954} INFO - Setting next_dagrun for flight_pipeline to 2026-05-28 03:00:00+00:00, run_after=2026-05-28 04:00:00+00:00
[2026-05-28T03:21:08.944+0000] {processor.py:183} INFO - Processing /opt/airflow/dags/flight_pipeline.py took 0.137 seconds
[2026-05-28T03:21:39.181+0000] {processor.py:161} INFO - Started process (PID=3264) to work on /opt/airflow/dags/flight_pipeline.py
[2026-05-28T03:21:39.182+0000] {processor.py:830} INFO - Processing file /opt/airflow/dags/flight_pipeline.py for tasks to queue
[2026-05-28T03:21:39.186+0000] {logging_mixin.py:188} INFO - [2026-05-28T03:21:39.186+0000] {dagbag.py:540} INFO - Filling up the DagBag from /opt/airflow/dags/flight_pipeline.py
[2026-05-28T03:21:39.219+0000] {processor.py:840} INFO - DAG(s) 'flight_pipeline' retrieved from /opt/airflow/dags/flight_pipeline.py
[2026-05-28T03:21:39.272+0000] {logging_mixin.py:188} INFO - [2026-05-28T03:21:39.272+0000] {dag.py:3096} INFO - Sync 1 DAGs
[2026-05-28T03:21:39.310+0000] {logging_mixin.py:188} INFO - [2026-05-28T03:21:39.309+0000] {dag.py:3954} INFO - Setting next_dagrun for flight_pipeline to 2026-05-28 03:00:00+00:00, run_after=2026-05-28 04:00:00+00:00
[2026-05-28T03:21:39.341+0000] {processor.py:183} INFO - Processing /opt/airflow/dags/flight_pipeline.py took 0.172 seconds
[2026-05-28T03:22:09.670+0000] {processor.py:161} INFO - Started process (PID=3269) to work on /opt/airflow/dags/flight_pipeline.py
[2026-05-28T03:22:09.672+0000] {processor.py:830} INFO - Processing file /opt/airflow/dags/flight_pipeline.py for tasks to queue
[2026-05-28T03:22:09.674+0000] {logging_mixin.py:188} INFO - [2026-05-28T03:22:09.674+0000] {dagbag.py:540} INFO - Filling up the DagBag from /opt/airflow/dags/flight_pipeline.py
[2026-05-28T03:22:09.701+0000] {processor.py:840} INFO - DAG(s) 'flight_pipeline' retrieved from /opt/airflow/dags/flight_pipeline.py
[2026-05-28T03:22:09.742+0000] {logging_mixin.py:188} INFO - [2026-05-28T03:22:09.741+0000] {dag.py:3096} INFO - Sync 1 DAGs
[2026-05-28T03:22:09.772+0000] {logging_mixin.py:188} INFO - [2026-05-28T03:22:09.772+0000] {dag.py:3954} INFO - Setting next_dagrun for flight_pipeline to 2026-05-28 03:00:00+00:00, run_after=2026-05-28 04:00:00+00:00
[2026-05-28T03:22:09.801+0000] {processor.py:183} INFO - Processing /opt/airflow/dags/flight_pipeline.py took 0.141 seconds
[2026-05-28T03:22:40.088+0000] {processor.py:161} INFO - Started process (PID=3274) to work on /opt/airflow/dags/flight_pipeline.py
[2026-05-28T03:22:40.090+0000] {processor.py:830} INFO - Processing file /opt/airflow/dags/flight_pipeline.py for tasks to queue
[2026-05-28T03:22:40.093+0000] {logging_mixin.py:188} INFO - [2026-05-28T03:22:40.092+0000] {dagbag.py:540} INFO - Filling up the DagBag from /opt/airflow/dags/flight_pipeline.py
[2026-05-28T03:22:40.120+0000] {processor.py:840} INFO - DAG(s) 'flight_pipeline' retrieved from /opt/airflow/dags/flight_pipeline.py
[2026-05-28T03:22:40.165+0000] {logging_mixin.py:188} INFO - [2026-05-28T03:22:40.164+0000] {dag.py:3096} INFO - Sync 1 DAGs
[2026-05-28T03:22:40.217+0000] {logging_mixin.py:188} INFO - [2026-05-28T03:22:40.217+0000] {dag.py:3954} INFO - Setting next_dagrun for flight_pipeline to 2026-05-28 03:00:00+00:00, run_after=2026-05-28 04:00:00+00:00
[2026-05-28T03:22:40.247+0000] {processor.py:183} INFO - Processing /opt/airflow/dags/flight_pipeline.py took 0.169 seconds
[2026-05-28T03:23:10.577+0000] {processor.py:161} INFO - Started process (PID=3279) to work on /opt/airflow/dags/flight_pipeline.py
[2026-05-28T03:23:10.578+0000] {processor.py:830} INFO - Processing file /opt/airflow/dags/flight_pipeline.py for tasks to queue
[2026-05-28T03:23:10.581+0000] {logging_mixin.py:188} INFO - [2026-05-28T03:23:10.581+0000] {dagbag.py:540} INFO - Filling up the DagBag from /opt/airflow/dags/flight_pipeline.py
[2026-05-28T03:23:10.605+0000] {processor.py:840} INFO - DAG(s) 'flight_pipeline' retrieved from /opt/airflow/dags/flight_pipeline.py
[2026-05-28T03:23:10.646+0000] {logging_mixin.py:188} INFO - [2026-05-28T03:23:10.646+0000] {dag.py:3096} INFO - Sync 1 DAGs
[2026-05-28T03:23:10.674+0000] {logging_mixin.py:188} INFO - [2026-05-28T03:23:10.674+0000] {dag.py:3954} INFO - Setting next_dagrun for flight_pipeline to 2026-05-28 03:00:00+00:00, run_after=2026-05-28 04:00:00+00:00
[2026-05-28T03:23:10.697+0000] {processor.py:183} INFO - Processing /opt/airflow/dags/flight_pipeline.py took 0.130 seconds
[2026-05-28T03:23:40.926+0000] {processor.py:161} INFO - Started process (PID=3284) to work on /opt/airflow/dags/flight_pipeline.py
[2026-05-28T03:23:40.928+0000] {processor.py:830} INFO - Processing file /opt/airflow/dags/flight_pipeline.py for tasks to queue
[2026-05-28T03:23:40.931+0000] {logging_mixin.py:188} INFO - [2026-05-28T03:23:40.930+0000] {dagbag.py:540} INFO - Filling up the DagBag from /opt/airflow/dags/flight_pipeline.py
[2026-05-28T03:23:40.963+0000] {processor.py:840} INFO - DAG(s) 'flight_pipeline' retrieved from /opt/airflow/dags/flight_pipeline.py
[2026-05-28T03:23:41.009+0000] {logging_mixin.py:188} INFO - [2026-05-28T03:23:41.009+0000] {dag.py:3096} INFO - Sync 1 DAGs
[2026-05-28T03:23:41.044+0000] {logging_mixin.py:188} INFO - [2026-05-28T03:23:41.043+0000] {dag.py:3954} INFO - Setting next_dagrun for flight_pipeline to 2026-05-28 03:00:00+00:00, run_after=2026-05-28 04:00:00+00:00
[2026-05-28T03:23:41.071+0000] {processor.py:183} INFO - Processing /opt/airflow/dags/flight_pipeline.py took 0.158 seconds
[2026-05-28T03:24:11.415+0000] {processor.py:161} INFO - Started process (PID=3289) to work on /opt/airflow/dags/flight_pipeline.py
[2026-05-28T03:24:11.417+0000] {processor.py:830} INFO - Processing file /opt/airflow/dags/flight_pipeline.py for tasks to queue
[2026-05-28T03:24:11.420+0000] {logging_mixin.py:188} INFO - [2026-05-28T03:24:11.419+0000] {dagbag.py:540} INFO - Filling up the DagBag from /opt/airflow/dags/flight_pipeline.py
[2026-05-28T03:24:11.446+0000] {processor.py:840} INFO - DAG(s) 'flight_pipeline' retrieved from /opt/airflow/dags/flight_pipeline.py
[2026-05-28T03:24:11.482+0000] {logging_mixin.py:188} INFO - [2026-05-28T03:24:11.481+0000] {dag.py:3096} INFO - Sync 1 DAGs
[2026-05-28T03:24:11.511+0000] {logging_mixin.py:188} INFO - [2026-05-28T03:24:11.511+0000] {dag.py:3954} INFO - Setting next_dagrun for flight_pipeline to 2026-05-28 03:00:00+00:00, run_after=2026-05-28 04:00:00+00:00
[2026-05-28T03:24:11.536+0000] {processor.py:183} INFO - Processing /opt/airflow/dags/flight_pipeline.py took 0.131 seconds
[2026-05-28T03:24:41.766+0000] {processor.py:161} INFO - Started process (PID=3294) to work on /opt/airflow/dags/flight_pipeline.py
[2026-05-28T03:24:41.768+0000] {processor.py:830} INFO - Processing file /opt/airflow/dags/flight_pipeline.py for tasks to queue
[2026-05-28T03:24:41.772+0000] {logging_mixin.py:188} INFO - [2026-05-28T03:24:41.771+0000] {dagbag.py:540} INFO - Filling up the DagBag from /opt/airflow/dags/flight_pipeline.py
[2026-05-28T03:24:41.804+0000] {processor.py:840} INFO - DAG(s) 'flight_pipeline' retrieved from /opt/airflow/dags/flight_pipeline.py
[2026-05-28T03:24:41.848+0000] {logging_mixin.py:188} INFO - [2026-05-28T03:24:41.848+0000] {dag.py:3096} INFO - Sync 1 DAGs
[2026-05-28T03:24:41.882+0000] {logging_mixin.py:188} INFO - [2026-05-28T03:24:41.882+0000] {dag.py:3954} INFO - Setting next_dagrun for flight_pipeline to 2026-05-28 03:00:00+00:00, run_after=2026-05-28 04:00:00+00:00
[2026-05-28T03:24:41.913+0000] {processor.py:183} INFO - Processing /opt/airflow/dags/flight_pipeline.py took 0.158 seconds
[2026-05-28T03:25:12.249+0000] {processor.py:161} INFO - Started process (PID=3299) to work on /opt/airflow/dags/flight_pipeline.py
[2026-05-28T03:25:12.251+0000] {processor.py:830} INFO - Processing file /opt/airflow/dags/flight_pipeline.py for tasks to queue
[2026-05-28T03:25:12.253+0000] {logging_mixin.py:188} INFO - [2026-05-28T03:25:12.253+0000] {dagbag.py:540} INFO - Filling up the DagBag from /opt/airflow/dags/flight_pipeline.py
[2026-05-28T03:25:12.279+0000] {processor.py:840} INFO - DAG(s) 'flight_pipeline' retrieved from /opt/airflow/dags/flight_pipeline.py
[2026-05-28T03:25:12.314+0000] {logging_mixin.py:188} INFO - [2026-05-28T03:25:12.314+0000] {dag.py:3096} INFO - Sync 1 DAGs
[2026-05-28T03:25:12.348+0000] {logging_mixin.py:188} INFO - [2026-05-28T03:25:12.348+0000] {dag.py:3954} INFO - Setting next_dagrun for flight_pipeline to 2026-05-28 03:00:00+00:00, run_after=2026-05-28 04:00:00+00:00
[2026-05-28T03:25:12.383+0000] {processor.py:183} INFO - Processing /opt/airflow/dags/flight_pipeline.py took 0.143 seconds
[2026-05-28T03:25:42.602+0000] {processor.py:161} INFO - Started process (PID=3304) to work on /opt/airflow/dags/flight_pipeline.py
[2026-05-28T03:25:42.604+0000] {processor.py:830} INFO - Processing file /opt/airflow/dags/flight_pipeline.py for tasks to queue
[2026-05-28T03:25:42.606+0000] {logging_mixin.py:188} INFO - [2026-05-28T03:25:42.606+0000] {dagbag.py:540} INFO - Filling up the DagBag from /opt/airflow/dags/flight_pipeline.py
[2026-05-28T03:25:42.627+0000] {processor.py:840} INFO - DAG(s) 'flight_pipeline' retrieved from /opt/airflow/dags/flight_pipeline.py
[2026-05-28T03:25:42.660+0000] {logging_mixin.py:188} INFO - [2026-05-28T03:25:42.659+0000] {dag.py:3096} INFO - Sync 1 DAGs
[2026-05-28T03:25:42.687+0000] {logging_mixin.py:188} INFO - [2026-05-28T03:25:42.687+0000] {dag.py:3954} INFO - Setting next_dagrun for flight_pipeline to 2026-05-28 03:00:00+00:00, run_after=2026-05-28 04:00:00+00:00
[2026-05-28T03:25:42.711+0000] {processor.py:183} INFO - Processing /opt/airflow/dags/flight_pipeline.py took 0.117 seconds
[2026-05-28T03:26:13.066+0000] {processor.py:161} INFO - Started process (PID=3309) to work on /opt/airflow/dags/flight_pipeline.py
[2026-05-28T03:26:13.067+0000] {processor.py:830} INFO - Processing file /opt/airflow/dags/flight_pipeline.py for tasks to queue
[2026-05-28T03:26:13.070+0000] {logging_mixin.py:188} INFO - [2026-05-28T03:26:13.070+0000] {dagbag.py:540} INFO - Filling up the DagBag from /opt/airflow/dags/flight_pipeline.py
[2026-05-28T03:26:13.095+0000] {processor.py:840} INFO - DAG(s) 'flight_pipeline' retrieved from /opt/airflow/dags/flight_pipeline.py
[2026-05-28T03:26:13.130+0000] {logging_mixin.py:188} INFO - [2026-05-28T03:26:13.130+0000] {dag.py:3096} INFO - Sync 1 DAGs
[2026-05-28T03:26:13.160+0000] {logging_mixin.py:188} INFO - [2026-05-28T03:26:13.160+0000] {dag.py:3954} INFO - Setting next_dagrun for flight_pipeline to 2026-05-28 03:00:00+00:00, run_after=2026-05-28 04:00:00+00:00
[2026-05-28T03:26:13.186+0000] {processor.py:183} INFO - Processing /opt/airflow/dags/flight_pipeline.py took 0.130 seconds
[2026-05-28T03:26:43.397+0000] {processor.py:161} INFO - Started process (PID=3314) to work on /opt/airflow/dags/flight_pipeline.py
[2026-05-28T03:26:43.398+0000] {processor.py:830} INFO - Processing file /opt/airflow/dags/flight_pipeline.py for tasks to queue
[2026-05-28T03:26:43.400+0000] {logging_mixin.py:188} INFO - [2026-05-28T03:26:43.400+0000] {dagbag.py:540} INFO - Filling up the DagBag from /opt/airflow/dags/flight_pipeline.py
[2026-05-28T03:26:43.428+0000] {processor.py:840} INFO - DAG(s) 'flight_pipeline' retrieved from /opt/airflow/dags/flight_pipeline.py
[2026-05-28T03:26:43.472+0000] {logging_mixin.py:188} INFO - [2026-05-28T03:26:43.472+0000] {dag.py:3096} INFO - Sync 1 DAGs
[2026-05-28T03:26:43.500+0000] {logging_mixin.py:188} INFO - [2026-05-28T03:26:43.500+0000] {dag.py:3954} INFO - Setting next_dagrun for flight_pipeline to 2026-05-28 03:00:00+00:00, run_after=2026-05-28 04:00:00+00:00
[2026-05-28T03:26:43.526+0000] {processor.py:183} INFO - Processing /opt/airflow/dags/flight_pipeline.py took 0.136 seconds
[2026-05-28T03:27:13.973+0000] {processor.py:161} INFO - Started process (PID=3319) to work on /opt/airflow/dags/flight_pipeline.py
[2026-05-28T03:27:13.975+0000] {processor.py:830} INFO - Processing file /opt/airflow/dags/flight_pipeline.py for tasks to queue
[2026-05-28T03:27:13.978+0000] {logging_mixin.py:188} INFO - [2026-05-28T03:27:13.977+0000] {dagbag.py:540} INFO - Filling up the DagBag from /opt/airflow/dags/flight_pipeline.py
[2026-05-28T03:27:14.002+0000] {processor.py:840} INFO - DAG(s) 'flight_pipeline' retrieved from /opt/airflow/dags/flight_pipeline.py
[2026-05-28T03:27:14.036+0000] {logging_mixin.py:188} INFO - [2026-05-28T03:27:14.036+0000] {dag.py:3096} INFO - Sync 1 DAGs
[2026-05-28T03:27:14.067+0000] {logging_mixin.py:188} INFO - [2026-05-28T03:27:14.067+0000] {dag.py:3954} INFO - Setting next_dagrun for flight_pipeline to 2026-05-28 03:00:00+00:00, run_after=2026-05-28 04:00:00+00:00
[2026-05-28T03:27:14.096+0000] {processor.py:183} INFO - Processing /opt/airflow/dags/flight_pipeline.py took 0.130 seconds
[2026-05-28T03:27:44.314+0000] {processor.py:161} INFO - Started process (PID=3324) to work on /opt/airflow/dags/flight_pipeline.py
[2026-05-28T03:27:44.316+0000] {processor.py:830} INFO - Processing file /opt/airflow/dags/flight_pipeline.py for tasks to queue
[2026-05-28T03:27:44.319+0000] {logging_mixin.py:188} INFO - [2026-05-28T03:27:44.318+0000] {dagbag.py:540} INFO - Filling up the DagBag from /opt/airflow/dags/flight_pipeline.py
[2026-05-28T03:27:44.351+0000] {processor.py:840} INFO - DAG(s) 'flight_pipeline' retrieved from /opt/airflow/dags/flight_pipeline.py
[2026-05-28T03:27:44.402+0000] {logging_mixin.py:188} INFO - [2026-05-28T03:27:44.401+0000] {dag.py:3096} INFO - Sync 1 DAGs
[2026-05-28T03:27:44.440+0000] {logging_mixin.py:188} INFO - [2026-05-28T03:27:44.440+0000] {dag.py:3954} INFO - Setting next_dagrun for flight_pipeline to 2026-05-28 03:00:00+00:00, run_after=2026-05-28 04:00:00+00:00
[2026-05-28T03:27:44.476+0000] {processor.py:183} INFO - Processing /opt/airflow/dags/flight_pipeline.py took 0.172 seconds
[2026-05-28T03:28:14.788+0000] {processor.py:161} INFO - Started process (PID=3329) to work on /opt/airflow/dags/flight_pipeline.py
[2026-05-28T03:28:14.790+0000] {processor.py:830} INFO - Processing file /opt/airflow/dags/flight_pipeline.py for tasks to queue
[2026-05-28T03:28:14.793+0000] {logging_mixin.py:188} INFO - [2026-05-28T03:28:14.792+0000] {dagbag.py:540} INFO - Filling up the DagBag from /opt/airflow/dags/flight_pipeline.py
[2026-05-28T03:28:14.821+0000] {processor.py:840} INFO - DAG(s) 'flight_pipeline' retrieved from /opt/airflow/dags/flight_pipeline.py
[2026-05-28T03:28:14.858+0000] {logging_mixin.py:188} INFO - [2026-05-28T03:28:14.858+0000] {dag.py:3096} INFO - Sync 1 DAGs
[2026-05-28T03:28:14.891+0000] {logging_mixin.py:188} INFO - [2026-05-28T03:28:14.891+0000] {dag.py:3954} INFO - Setting next_dagrun for flight_pipeline to 2026-05-28 03:00:00+00:00, run_after=2026-05-28 04:00:00+00:00
[2026-05-28T03:28:14.917+0000] {processor.py:183} INFO - Processing /opt/airflow/dags/flight_pipeline.py took 0.138 seconds
[2026-05-28T03:28:45.183+0000] {processor.py:161} INFO - Started process (PID=3334) to work on /opt/airflow/dags/flight_pipeline.py
[2026-05-28T03:28:45.185+0000] {processor.py:830} INFO - Processing file /opt/airflow/dags/flight_pipeline.py for tasks to queue
[2026-05-28T03:28:45.188+0000] {logging_mixin.py:188} INFO - [2026-05-28T03:28:45.188+0000] {dagbag.py:540} INFO - Filling up the DagBag from /opt/airflow/dags/flight_pipeline.py
[2026-05-28T03:28:45.217+0000] {processor.py:840} INFO - DAG(s) 'flight_pipeline' retrieved from /opt/airflow/dags/flight_pipeline.py
[2026-05-28T03:28:45.267+0000] {logging_mixin.py:188} INFO - [2026-05-28T03:28:45.267+0000] {dag.py:3096} INFO - Sync 1 DAGs
[2026-05-28T03:28:45.299+0000] {logging_mixin.py:188} INFO - [2026-05-28T03:28:45.299+0000] {dag.py:3954} INFO - Setting next_dagrun for flight_pipeline to 2026-05-28 03:00:00+00:00, run_after=2026-05-28 04:00:00+00:00
[2026-05-28T03:28:45.325+0000] {processor.py:183} INFO - Processing /opt/airflow/dags/flight_pipeline.py took 0.152 seconds
[2026-05-28T03:29:15.644+0000] {processor.py:161} INFO - Started process (PID=3339) to work on /opt/airflow/dags/flight_pipeline.py
[2026-05-28T03:29:15.645+0000] {processor.py:830} INFO - Processing file /opt/airflow/dags/flight_pipeline.py for tasks to queue
[2026-05-28T03:29:15.648+0000] {logging_mixin.py:188} INFO - [2026-05-28T03:29:15.648+0000] {dagbag.py:540} INFO - Filling up the DagBag from /opt/airflow/dags/flight_pipeline.py
[2026-05-28T03:29:15.670+0000] {processor.py:840} INFO - DAG(s) 'flight_pipeline' retrieved from /opt/airflow/dags/flight_pipeline.py
[2026-05-28T03:29:15.706+0000] {logging_mixin.py:188} INFO - [2026-05-28T03:29:15.706+0000] {dag.py:3096} INFO - Sync 1 DAGs
[2026-05-28T03:29:15.741+0000] {logging_mixin.py:188} INFO - [2026-05-28T03:29:15.741+0000] {dag.py:3954} INFO - Setting next_dagrun for flight_pipeline to 2026-05-28 03:00:00+00:00, run_after=2026-05-28 04:00:00+00:00
[2026-05-28T03:29:15.767+0000] {processor.py:183} INFO - Processing /opt/airflow/dags/flight_pipeline.py took 0.132 seconds
[2026-05-28T03:29:46.019+0000] {processor.py:161} INFO - Started process (PID=3344) to work on /opt/airflow/dags/flight_pipeline.py
[2026-05-28T03:29:46.021+0000] {processor.py:830} INFO - Processing file /opt/airflow/dags/flight_pipeline.py for tasks to queue
[2026-05-28T03:29:46.023+0000] {logging_mixin.py:188} INFO - [2026-05-28T03:29:46.023+0000] {dagbag.py:540} INFO - Filling up the DagBag from /opt/airflow/dags/flight_pipeline.py
[2026-05-28T03:29:46.049+0000] {processor.py:840} INFO - DAG(s) 'flight_pipeline' retrieved from /opt/airflow/dags/flight_pipeline.py
[2026-05-28T03:29:46.091+0000] {logging_mixin.py:188} INFO - [2026-05-28T03:29:46.090+0000] {dag.py:3096} INFO - Sync 1 DAGs
[2026-05-28T03:29:46.124+0000] {logging_mixin.py:188} INFO - [2026-05-28T03:29:46.124+0000] {dag.py:3954} INFO - Setting next_dagrun for flight_pipeline to 2026-05-28 03:00:00+00:00, run_after=2026-05-28 04:00:00+00:00
[2026-05-28T03:29:46.154+0000] {processor.py:183} INFO - Processing /opt/airflow/dags/flight_pipeline.py took 0.142 seconds
[2026-05-28T03:30:16.453+0000] {processor.py:161} INFO - Started process (PID=3349) to work on /opt/airflow/dags/flight_pipeline.py
[2026-05-28T03:30:16.454+0000] {processor.py:830} INFO - Processing file /opt/airflow/dags/flight_pipeline.py for tasks to queue
[2026-05-28T03:30:16.458+0000] {logging_mixin.py:188} INFO - [2026-05-28T03:30:16.457+0000] {dagbag.py:540} INFO - Filling up the DagBag from /opt/airflow/dags/flight_pipeline.py
[2026-05-28T03:30:16.483+0000] {processor.py:840} INFO - DAG(s) 'flight_pipeline' retrieved from /opt/airflow/dags/flight_pipeline.py
[2026-05-28T03:30:16.519+0000] {logging_mixin.py:188} INFO - [2026-05-28T03:30:16.519+0000] {dag.py:3096} INFO - Sync 1 DAGs
[2026-05-28T03:30:16.551+0000] {logging_mixin.py:188} INFO - [2026-05-28T03:30:16.550+0000] {dag.py:3954} INFO - Setting next_dagrun for flight_pipeline to 2026-05-28 03:00:00+00:00, run_after=2026-05-28 04:00:00+00:00
[2026-05-28T03:30:16.577+0000] {processor.py:183} INFO - Processing /opt/airflow/dags/flight_pipeline.py took 0.133 seconds
[2026-05-28T03:30:47.268+0000] {processor.py:161} INFO - Started process (PID=3354) to work on /opt/airflow/dags/flight_pipeline.py
[2026-05-28T03:30:47.269+0000] {processor.py:830} INFO - Processing file /opt/airflow/dags/flight_pipeline.py for tasks to queue
[2026-05-28T03:30:47.273+0000] {logging_mixin.py:188} INFO - [2026-05-28T03:30:47.272+0000] {dagbag.py:540} INFO - Filling up the DagBag from /opt/airflow/dags/flight_pipeline.py
[2026-05-28T03:30:47.296+0000] {processor.py:840} INFO - DAG(s) 'flight_pipeline' retrieved from /opt/airflow/dags/flight_pipeline.py
[2026-05-28T03:30:47.334+0000] {logging_mixin.py:188} INFO - [2026-05-28T03:30:47.333+0000] {dag.py:3096} INFO - Sync 1 DAGs
[2026-05-28T03:30:47.358+0000] {logging_mixin.py:188} INFO - [2026-05-28T03:30:47.358+0000] {dag.py:3954} INFO - Setting next_dagrun for flight_pipeline to 2026-05-28 03:00:00+00:00, run_after=2026-05-28 04:00:00+00:00
[2026-05-28T03:30:47.385+0000] {processor.py:183} INFO - Processing /opt/airflow/dags/flight_pipeline.py took 0.126 seconds
[2026-05-28T03:31:17.681+0000] {processor.py:161} INFO - Started process (PID=3359) to work on /opt/airflow/dags/flight_pipeline.py
[2026-05-28T03:31:17.683+0000] {processor.py:830} INFO - Processing file /opt/airflow/dags/flight_pipeline.py for tasks to queue
[2026-05-28T03:31:17.685+0000] {logging_mixin.py:188} INFO - [2026-05-28T03:31:17.685+0000] {dagbag.py:540} INFO - Filling up the DagBag from /opt/airflow/dags/flight_pipeline.py
[2026-05-28T03:31:17.708+0000] {processor.py:840} INFO - DAG(s) 'flight_pipeline' retrieved from /opt/airflow/dags/flight_pipeline.py
[2026-05-28T03:31:17.739+0000] {logging_mixin.py:188} INFO - [2026-05-28T03:31:17.739+0000] {dag.py:3096} INFO - Sync 1 DAGs
[2026-05-28T03:31:17.764+0000] {logging_mixin.py:188} INFO - [2026-05-28T03:31:17.764+0000] {dag.py:3954} INFO - Setting next_dagrun for flight_pipeline to 2026-05-28 03:00:00+00:00, run_after=2026-05-28 04:00:00+00:00
[2026-05-28T03:31:17.788+0000] {processor.py:183} INFO - Processing /opt/airflow/dags/flight_pipeline.py took 0.114 seconds
[2026-05-28T03:31:48.449+0000] {processor.py:161} INFO - Started process (PID=3364) to work on /opt/airflow/dags/flight_pipeline.py
[2026-05-28T03:31:48.450+0000] {processor.py:830} INFO - Processing file /opt/airflow/dags/flight_pipeline.py for tasks to queue
[2026-05-28T03:31:48.452+0000] {logging_mixin.py:188} INFO - [2026-05-28T03:31:48.452+0000] {dagbag.py:540} INFO - Filling up the DagBag from /opt/airflow/dags/flight_pipeline.py
[2026-05-28T03:31:48.476+0000] {processor.py:840} INFO - DAG(s) 'flight_pipeline' retrieved from /opt/airflow/dags/flight_pipeline.py
[2026-05-28T03:31:48.509+0000] {logging_mixin.py:188} INFO - [2026-05-28T03:31:48.509+0000] {dag.py:3096} INFO - Sync 1 DAGs
[2026-05-28T03:31:48.534+0000] {logging_mixin.py:188} INFO - [2026-05-28T03:31:48.534+0000] {dag.py:3954} INFO - Setting next_dagrun for flight_pipeline to 2026-05-28 03:00:00+00:00, run_after=2026-05-28 04:00:00+00:00
[2026-05-28T03:31:48.563+0000] {processor.py:183} INFO - Processing /opt/airflow/dags/flight_pipeline.py took 0.123 seconds
[2026-05-28T03:32:18.989+0000] {processor.py:161} INFO - Started process (PID=3369) to work on /opt/airflow/dags/flight_pipeline.py
[2026-05-28T03:32:18.990+0000] {processor.py:830} INFO - Processing file /opt/airflow/dags/flight_pipeline.py for tasks to queue
[2026-05-28T03:32:18.992+0000] {logging_mixin.py:188} INFO - [2026-05-28T03:32:18.992+0000] {dagbag.py:540} INFO - Filling up the DagBag from /opt/airflow/dags/flight_pipeline.py
[2026-05-28T03:32:19.012+0000] {processor.py:840} INFO - DAG(s) 'flight_pipeline' retrieved from /opt/airflow/dags/flight_pipeline.py
[2026-05-28T03:32:19.039+0000] {logging_mixin.py:188} INFO - [2026-05-28T03:32:19.039+0000] {dag.py:3096} INFO - Sync 1 DAGs
[2026-05-28T03:32:19.063+0000] {logging_mixin.py:188} INFO - [2026-05-28T03:32:19.062+0000] {dag.py:3954} INFO - Setting next_dagrun for flight_pipeline to 2026-05-28 03:00:00+00:00, run_after=2026-05-28 04:00:00+00:00
[2026-05-28T03:32:19.080+0000] {processor.py:183} INFO - Processing /opt/airflow/dags/flight_pipeline.py took 0.098 seconds
[2026-05-28T03:32:49.835+0000] {processor.py:161} INFO - Started process (PID=3374) to work on /opt/airflow/dags/flight_pipeline.py
[2026-05-28T03:32:49.838+0000] {processor.py:830} INFO - Processing file /opt/airflow/dags/flight_pipeline.py for tasks to queue
[2026-05-28T03:32:49.843+0000] {logging_mixin.py:188} INFO - [2026-05-28T03:32:49.842+0000] {dagbag.py:540} INFO - Filling up the DagBag from /opt/airflow/dags/flight_pipeline.py
[2026-05-28T03:32:49.875+0000] {processor.py:840} INFO - DAG(s) 'flight_pipeline' retrieved from /opt/airflow/dags/flight_pipeline.py
[2026-05-28T03:32:49.921+0000] {logging_mixin.py:188} INFO - [2026-05-28T03:32:49.920+0000] {dag.py:3096} INFO - Sync 1 DAGs
[2026-05-28T03:32:49.951+0000] {logging_mixin.py:188} INFO - [2026-05-28T03:32:49.951+0000] {dag.py:3954} INFO - Setting next_dagrun for flight_pipeline to 2026-05-28 03:00:00+00:00, run_after=2026-05-28 04:00:00+00:00
[2026-05-28T03:32:49.985+0000] {processor.py:183} INFO - Processing /opt/airflow/dags/flight_pipeline.py took 0.161 seconds
[2026-05-28T03:33:20.538+0000] {processor.py:161} INFO - Started process (PID=3379) to work on /opt/airflow/dags/flight_pipeline.py
[2026-05-28T03:33:20.539+0000] {processor.py:830} INFO - Processing file /opt/airflow/dags/flight_pipeline.py for tasks to queue
[2026-05-28T03:33:20.542+0000] {logging_mixin.py:188} INFO - [2026-05-28T03:33:20.541+0000] {dagbag.py:540} INFO - Filling up the DagBag from /opt/airflow/dags/flight_pipeline.py
[2026-05-28T03:33:20.560+0000] {processor.py:840} INFO - DAG(s) 'flight_pipeline' retrieved from /opt/airflow/dags/flight_pipeline.py
[2026-05-28T03:33:20.587+0000] {logging_mixin.py:188} INFO - [2026-05-28T03:33:20.587+0000] {dag.py:3096} INFO - Sync 1 DAGs
[2026-05-28T03:33:20.609+0000] {logging_mixin.py:188} INFO - [2026-05-28T03:33:20.609+0000] {dag.py:3954} INFO - Setting next_dagrun for flight_pipeline to 2026-05-28 03:00:00+00:00, run_after=2026-05-28 04:00:00+00:00
[2026-05-28T03:33:20.629+0000] {processor.py:183} INFO - Processing /opt/airflow/dags/flight_pipeline.py took 0.098 seconds
[2026-05-28T03:33:51.312+0000] {processor.py:161} INFO - Started process (PID=3384) to work on /opt/airflow/dags/flight_pipeline.py
[2026-05-28T03:33:51.315+0000] {processor.py:830} INFO - Processing file /opt/airflow/dags/flight_pipeline.py for tasks to queue
[2026-05-28T03:33:51.319+0000] {logging_mixin.py:188} INFO - [2026-05-28T03:33:51.318+0000] {dagbag.py:540} INFO - Filling up the DagBag from /opt/airflow/dags/flight_pipeline.py
[2026-05-28T03:33:51.347+0000] {processor.py:840} INFO - DAG(s) 'flight_pipeline' retrieved from /opt/airflow/dags/flight_pipeline.py
[2026-05-28T03:33:51.475+0000] {logging_mixin.py:188} INFO - [2026-05-28T03:33:51.475+0000] {dag.py:3096} INFO - Sync 1 DAGs
[2026-05-28T03:33:51.541+0000] {logging_mixin.py:188} INFO - [2026-05-28T03:33:51.540+0000] {dag.py:3954} INFO - Setting next_dagrun for flight_pipeline to 2026-05-28 03:00:00+00:00, run_after=2026-05-28 04:00:00+00:00
[2026-05-28T03:33:51.599+0000] {processor.py:183} INFO - Processing /opt/airflow/dags/flight_pipeline.py took 0.297 seconds
[2026-05-28T03:34:22.286+0000] {processor.py:161} INFO - Started process (PID=3389) to work on /opt/airflow/dags/flight_pipeline.py
[2026-05-28T03:34:22.287+0000] {processor.py:830} INFO - Processing file /opt/airflow/dags/flight_pipeline.py for tasks to queue
[2026-05-28T03:34:22.290+0000] {logging_mixin.py:188} INFO - [2026-05-28T03:34:22.290+0000] {dagbag.py:540} INFO - Filling up the DagBag from /opt/airflow/dags/flight_pipeline.py
[2026-05-28T03:34:22.316+0000] {processor.py:840} INFO - DAG(s) 'flight_pipeline' retrieved from /opt/airflow/dags/flight_pipeline.py
[2026-05-28T03:34:22.356+0000] {logging_mixin.py:188} INFO - [2026-05-28T03:34:22.355+0000] {dag.py:3096} INFO - Sync 1 DAGs
[2026-05-28T03:34:22.390+0000] {logging_mixin.py:188} INFO - [2026-05-28T03:34:22.389+0000] {dag.py:3954} INFO - Setting next_dagrun for flight_pipeline to 2026-05-28 03:00:00+00:00, run_after=2026-05-28 04:00:00+00:00
[2026-05-28T03:34:22.420+0000] {processor.py:183} INFO - Processing /opt/airflow/dags/flight_pipeline.py took 0.142 seconds
[2026-05-28T03:34:53.145+0000] {processor.py:161} INFO - Started process (PID=3394) to work on /opt/airflow/dags/flight_pipeline.py
[2026-05-28T03:34:53.147+0000] {processor.py:830} INFO - Processing file /opt/airflow/dags/flight_pipeline.py for tasks to queue
[2026-05-28T03:34:53.150+0000] {logging_mixin.py:188} INFO - [2026-05-28T03:34:53.149+0000] {dagbag.py:540} INFO - Filling up the DagBag from /opt/airflow/dags/flight_pipeline.py
[2026-05-28T03:34:53.182+0000] {processor.py:840} INFO - DAG(s) 'flight_pipeline' retrieved from /opt/airflow/dags/flight_pipeline.py
[2026-05-28T03:34:53.221+0000] {logging_mixin.py:188} INFO - [2026-05-28T03:34:53.220+0000] {dag.py:3096} INFO - Sync 1 DAGs
[2026-05-28T03:34:53.258+0000] {logging_mixin.py:188} INFO - [2026-05-28T03:34:53.257+0000] {dag.py:3954} INFO - Setting next_dagrun for flight_pipeline to 2026-05-28 03:00:00+00:00, run_after=2026-05-28 04:00:00+00:00
[2026-05-28T03:34:53.294+0000] {processor.py:183} INFO - Processing /opt/airflow/dags/flight_pipeline.py took 0.156 seconds
[2026-05-28T03:35:23.939+0000] {processor.py:161} INFO - Started process (PID=3399) to work on /opt/airflow/dags/flight_pipeline.py
[2026-05-28T03:35:23.940+0000] {processor.py:830} INFO - Processing file /opt/airflow/dags/flight_pipeline.py for tasks to queue
[2026-05-28T03:35:23.943+0000] {logging_mixin.py:188} INFO - [2026-05-28T03:35:23.943+0000] {dagbag.py:540} INFO - Filling up the DagBag from /opt/airflow/dags/flight_pipeline.py
[2026-05-28T03:35:23.966+0000] {processor.py:840} INFO - DAG(s) 'flight_pipeline' retrieved from /opt/airflow/dags/flight_pipeline.py
[2026-05-28T03:35:24.001+0000] {logging_mixin.py:188} INFO - [2026-05-28T03:35:24.001+0000] {dag.py:3096} INFO - Sync 1 DAGs
[2026-05-28T03:35:24.028+0000] {logging_mixin.py:188} INFO - [2026-05-28T03:35:24.027+0000] {dag.py:3954} INFO - Setting next_dagrun for flight_pipeline to 2026-05-28 03:00:00+00:00, run_after=2026-05-28 04:00:00+00:00
[2026-05-28T03:35:24.055+0000] {processor.py:183} INFO - Processing /opt/airflow/dags/flight_pipeline.py took 0.123 seconds
[2026-05-28T03:35:54.927+0000] {processor.py:161} INFO - Started process (PID=3404) to work on /opt/airflow/dags/flight_pipeline.py
[2026-05-28T03:35:54.929+0000] {processor.py:830} INFO - Processing file /opt/airflow/dags/flight_pipeline.py for tasks to queue
[2026-05-28T03:35:54.931+0000] {logging_mixin.py:188} INFO - [2026-05-28T03:35:54.931+0000] {dagbag.py:540} INFO - Filling up the DagBag from /opt/airflow/dags/flight_pipeline.py
[2026-05-28T03:35:54.956+0000] {processor.py:840} INFO - DAG(s) 'flight_pipeline' retrieved from /opt/airflow/dags/flight_pipeline.py
[2026-05-28T03:35:54.995+0000] {logging_mixin.py:188} INFO - [2026-05-28T03:35:54.995+0000] {dag.py:3096} INFO - Sync 1 DAGs
[2026-05-28T03:35:55.030+0000] {logging_mixin.py:188} INFO - [2026-05-28T03:35:55.030+0000] {dag.py:3954} INFO - Setting next_dagrun for flight_pipeline to 2026-05-28 03:00:00+00:00, run_after=2026-05-28 04:00:00+00:00
[2026-05-28T03:35:55.064+0000] {processor.py:183} INFO - Processing /opt/airflow/dags/flight_pipeline.py took 0.145 seconds
[2026-05-28T03:36:25.416+0000] {processor.py:161} INFO - Started process (PID=3409) to work on /opt/airflow/dags/flight_pipeline.py
[2026-05-28T03:36:25.418+0000] {processor.py:830} INFO - Processing file /opt/airflow/dags/flight_pipeline.py for tasks to queue
[2026-05-28T03:36:25.421+0000] {logging_mixin.py:188} INFO - [2026-05-28T03:36:25.420+0000] {dagbag.py:540} INFO - Filling up the DagBag from /opt/airflow/dags/flight_pipeline.py
[2026-05-28T03:36:25.450+0000] {processor.py:840} INFO - DAG(s) 'flight_pipeline' retrieved from /opt/airflow/dags/flight_pipeline.py
[2026-05-28T03:36:25.500+0000] {logging_mixin.py:188} INFO - [2026-05-28T03:36:25.499+0000] {dag.py:3096} INFO - Sync 1 DAGs
[2026-05-28T03:36:25.544+0000] {logging_mixin.py:188} INFO - [2026-05-28T03:36:25.543+0000] {dag.py:3954} INFO - Setting next_dagrun for flight_pipeline to 2026-05-28 03:00:00+00:00, run_after=2026-05-28 04:00:00+00:00
[2026-05-28T03:36:25.585+0000] {processor.py:183} INFO - Processing /opt/airflow/dags/flight_pipeline.py took 0.178 seconds
[2026-05-28T03:36:56.305+0000] {processor.py:161} INFO - Started process (PID=3414) to work on /opt/airflow/dags/flight_pipeline.py
[2026-05-28T03:36:56.307+0000] {processor.py:830} INFO - Processing file /opt/airflow/dags/flight_pipeline.py for tasks to queue
[2026-05-28T03:36:56.309+0000] {logging_mixin.py:188} INFO - [2026-05-28T03:36:56.308+0000] {dagbag.py:540} INFO - Filling up the DagBag from /opt/airflow/dags/flight_pipeline.py
[2026-05-28T03:36:56.332+0000] {processor.py:840} INFO - DAG(s) 'flight_pipeline' retrieved from /opt/airflow/dags/flight_pipeline.py
[2026-05-28T03:36:56.366+0000] {logging_mixin.py:188} INFO - [2026-05-28T03:36:56.365+0000] {dag.py:3096} INFO - Sync 1 DAGs
[2026-05-28T03:36:56.393+0000] {logging_mixin.py:188} INFO - [2026-05-28T03:36:56.393+0000] {dag.py:3954} INFO - Setting next_dagrun for flight_pipeline to 2026-05-28 03:00:00+00:00, run_after=2026-05-28 04:00:00+00:00
[2026-05-28T03:36:56.421+0000] {processor.py:183} INFO - Processing /opt/airflow/dags/flight_pipeline.py took 0.123 seconds
[2026-05-28T03:37:27.168+0000] {processor.py:161} INFO - Started process (PID=3419) to work on /opt/airflow/dags/flight_pipeline.py
[2026-05-28T03:37:27.169+0000] {processor.py:830} INFO - Processing file /opt/airflow/dags/flight_pipeline.py for tasks to queue
[2026-05-28T03:37:27.172+0000] {logging_mixin.py:188} INFO - [2026-05-28T03:37:27.172+0000] {dagbag.py:540} INFO - Filling up the DagBag from /opt/airflow/dags/flight_pipeline.py
[2026-05-28T03:37:27.195+0000] {processor.py:840} INFO - DAG(s) 'flight_pipeline' retrieved from /opt/airflow/dags/flight_pipeline.py
[2026-05-28T03:37:27.230+0000] {logging_mixin.py:188} INFO - [2026-05-28T03:37:27.230+0000] {dag.py:3096} INFO - Sync 1 DAGs
[2026-05-28T03:37:27.259+0000] {logging_mixin.py:188} INFO - [2026-05-28T03:37:27.259+0000] {dag.py:3954} INFO - Setting next_dagrun for flight_pipeline to 2026-05-28 03:00:00+00:00, run_after=2026-05-28 04:00:00+00:00
[2026-05-28T03:37:27.284+0000] {processor.py:183} INFO - Processing /opt/airflow/dags/flight_pipeline.py took 0.124 seconds
[2026-05-28T03:37:58.055+0000] {processor.py:161} INFO - Started process (PID=3424) to work on /opt/airflow/dags/flight_pipeline.py
[2026-05-28T03:37:58.057+0000] {processor.py:830} INFO - Processing file /opt/airflow/dags/flight_pipeline.py for tasks to queue
[2026-05-28T03:37:58.060+0000] {logging_mixin.py:188} INFO - [2026-05-28T03:37:58.059+0000] {dagbag.py:540} INFO - Filling up the DagBag from /opt/airflow/dags/flight_pipeline.py
[2026-05-28T03:37:58.085+0000] {processor.py:840} INFO - DAG(s) 'flight_pipeline' retrieved from /opt/airflow/dags/flight_pipeline.py
[2026-05-28T03:37:58.120+0000] {logging_mixin.py:188} INFO - [2026-05-28T03:37:58.120+0000] {dag.py:3096} INFO - Sync 1 DAGs
[2026-05-28T03:37:58.147+0000] {logging_mixin.py:188} INFO - [2026-05-28T03:37:58.147+0000] {dag.py:3954} INFO - Setting next_dagrun for flight_pipeline to 2026-05-28 03:00:00+00:00, run_after=2026-05-28 04:00:00+00:00
[2026-05-28T03:37:58.171+0000] {processor.py:183} INFO - Processing /opt/airflow/dags/flight_pipeline.py took 0.125 seconds
[2026-05-28T03:38:29.012+0000] {processor.py:161} INFO - Started process (PID=3429) to work on /opt/airflow/dags/flight_pipeline.py
[2026-05-28T03:38:29.014+0000] {processor.py:830} INFO - Processing file /opt/airflow/dags/flight_pipeline.py for tasks to queue
[2026-05-28T03:38:29.016+0000] {logging_mixin.py:188} INFO - [2026-05-28T03:38:29.016+0000] {dagbag.py:540} INFO - Filling up the DagBag from /opt/airflow/dags/flight_pipeline.py
[2026-05-28T03:38:29.040+0000] {processor.py:840} INFO - DAG(s) 'flight_pipeline' retrieved from /opt/airflow/dags/flight_pipeline.py
[2026-05-28T03:38:29.074+0000] {logging_mixin.py:188} INFO - [2026-05-28T03:38:29.074+0000] {dag.py:3096} INFO - Sync 1 DAGs
[2026-05-28T03:38:29.102+0000] {logging_mixin.py:188} INFO - [2026-05-28T03:38:29.102+0000] {dag.py:3954} INFO - Setting next_dagrun for flight_pipeline to 2026-05-28 03:00:00+00:00, run_after=2026-05-28 04:00:00+00:00
[2026-05-28T03:38:29.127+0000] {processor.py:183} INFO - Processing /opt/airflow/dags/flight_pipeline.py took 0.122 seconds
[2026-05-28T03:38:59.842+0000] {processor.py:161} INFO - Started process (PID=3434) to work on /opt/airflow/dags/flight_pipeline.py
[2026-05-28T03:38:59.844+0000] {processor.py:830} INFO - Processing file /opt/airflow/dags/flight_pipeline.py for tasks to queue
[2026-05-28T03:38:59.847+0000] {logging_mixin.py:188} INFO - [2026-05-28T03:38:59.846+0000] {dagbag.py:540} INFO - Filling up the DagBag from /opt/airflow/dags/flight_pipeline.py
[2026-05-28T03:38:59.872+0000] {processor.py:840} INFO - DAG(s) 'flight_pipeline' retrieved from /opt/airflow/dags/flight_pipeline.py
[2026-05-28T03:38:59.906+0000] {logging_mixin.py:188} INFO - [2026-05-28T03:38:59.906+0000] {dag.py:3096} INFO - Sync 1 DAGs
[2026-05-28T03:38:59.933+0000] {logging_mixin.py:188} INFO - [2026-05-28T03:38:59.933+0000] {dag.py:3954} INFO - Setting next_dagrun for flight_pipeline to 2026-05-28 03:00:00+00:00, run_after=2026-05-28 04:00:00+00:00
[2026-05-28T03:38:59.963+0000] {processor.py:183} INFO - Processing /opt/airflow/dags/flight_pipeline.py took 0.128 seconds
[2026-05-28T03:39:30.755+0000] {processor.py:161} INFO - Started process (PID=3439) to work on /opt/airflow/dags/flight_pipeline.py
[2026-05-28T03:39:30.757+0000] {processor.py:830} INFO - Processing file /opt/airflow/dags/flight_pipeline.py for tasks to queue
[2026-05-28T03:39:30.761+0000] {logging_mixin.py:188} INFO - [2026-05-28T03:39:30.760+0000] {dagbag.py:540} INFO - Filling up the DagBag from /opt/airflow/dags/flight_pipeline.py
[2026-05-28T03:39:30.793+0000] {processor.py:840} INFO - DAG(s) 'flight_pipeline' retrieved from /opt/airflow/dags/flight_pipeline.py
[2026-05-28T03:39:30.840+0000] {logging_mixin.py:188} INFO - [2026-05-28T03:39:30.839+0000] {dag.py:3096} INFO - Sync 1 DAGs
[2026-05-28T03:39:30.876+0000] {logging_mixin.py:188} INFO - [2026-05-28T03:39:30.875+0000] {dag.py:3954} INFO - Setting next_dagrun for flight_pipeline to 2026-05-28 03:00:00+00:00, run_after=2026-05-28 04:00:00+00:00
[2026-05-28T03:39:30.908+0000] {processor.py:183} INFO - Processing /opt/airflow/dags/flight_pipeline.py took 0.163 seconds
[2026-05-28T03:40:01.686+0000] {processor.py:161} INFO - Started process (PID=3444) to work on /opt/airflow/dags/flight_pipeline.py
[2026-05-28T03:40:01.688+0000] {processor.py:830} INFO - Processing file /opt/airflow/dags/flight_pipeline.py for tasks to queue
[2026-05-28T03:40:01.692+0000] {logging_mixin.py:188} INFO - [2026-05-28T03:40:01.691+0000] {dagbag.py:540} INFO - Filling up the DagBag from /opt/airflow/dags/flight_pipeline.py
[2026-05-28T03:40:01.717+0000] {processor.py:840} INFO - DAG(s) 'flight_pipeline' retrieved from /opt/airflow/dags/flight_pipeline.py
[2026-05-28T03:40:01.757+0000] {logging_mixin.py:188} INFO - [2026-05-28T03:40:01.757+0000] {dag.py:3096} INFO - Sync 1 DAGs
[2026-05-28T03:40:01.788+0000] {logging_mixin.py:188} INFO - [2026-05-28T03:40:01.788+0000] {dag.py:3954} INFO - Setting next_dagrun for flight_pipeline to 2026-05-28 03:00:00+00:00, run_after=2026-05-28 04:00:00+00:00
[2026-05-28T03:40:01.819+0000] {processor.py:183} INFO - Processing /opt/airflow/dags/flight_pipeline.py took 0.144 seconds
[2026-05-28T03:40:32.672+0000] {processor.py:161} INFO - Started process (PID=3449) to work on /opt/airflow/dags/flight_pipeline.py
[2026-05-28T03:40:32.673+0000] {processor.py:830} INFO - Processing file /opt/airflow/dags/flight_pipeline.py for tasks to queue
[2026-05-28T03:40:32.676+0000] {logging_mixin.py:188} INFO - [2026-05-28T03:40:32.676+0000] {dagbag.py:540} INFO - Filling up the DagBag from /opt/airflow/dags/flight_pipeline.py
[2026-05-28T03:40:32.703+0000] {processor.py:840} INFO - DAG(s) 'flight_pipeline' retrieved from /opt/airflow/dags/flight_pipeline.py
[2026-05-28T03:40:32.746+0000] {logging_mixin.py:188} INFO - [2026-05-28T03:40:32.746+0000] {dag.py:3096} INFO - Sync 1 DAGs
[2026-05-28T03:40:32.784+0000] {logging_mixin.py:188} INFO - [2026-05-28T03:40:32.784+0000] {dag.py:3954} INFO - Setting next_dagrun for flight_pipeline to 2026-05-28 03:00:00+00:00, run_after=2026-05-28 04:00:00+00:00
[2026-05-28T03:40:32.814+0000] {processor.py:183} INFO - Processing /opt/airflow/dags/flight_pipeline.py took 0.152 seconds
[2026-05-28T03:41:03.147+0000] {processor.py:161} INFO - Started process (PID=3454) to work on /opt/airflow/dags/flight_pipeline.py
[2026-05-28T03:41:03.149+0000] {processor.py:830} INFO - Processing file /opt/airflow/dags/flight_pipeline.py for tasks to queue
[2026-05-28T03:41:03.152+0000] {logging_mixin.py:188} INFO - [2026-05-28T03:41:03.151+0000] {dagbag.py:540} INFO - Filling up the DagBag from /opt/airflow/dags/flight_pipeline.py
[2026-05-28T03:41:03.180+0000] {processor.py:840} INFO - DAG(s) 'flight_pipeline' retrieved from /opt/airflow/dags/flight_pipeline.py
[2026-05-28T03:41:03.220+0000] {logging_mixin.py:188} INFO - [2026-05-28T03:41:03.219+0000] {dag.py:3096} INFO - Sync 1 DAGs
[2026-05-28T03:41:03.258+0000] {logging_mixin.py:188} INFO - [2026-05-28T03:41:03.257+0000] {dag.py:3954} INFO - Setting next_dagrun for flight_pipeline to 2026-05-28 03:00:00+00:00, run_after=2026-05-28 04:00:00+00:00
[2026-05-28T03:41:03.301+0000] {processor.py:183} INFO - Processing /opt/airflow/dags/flight_pipeline.py took 0.164 seconds
[2026-05-28T03:41:34.044+0000] {processor.py:161} INFO - Started process (PID=3459) to work on /opt/airflow/dags/flight_pipeline.py
[2026-05-28T03:41:34.046+0000] {processor.py:830} INFO - Processing file /opt/airflow/dags/flight_pipeline.py for tasks to queue
[2026-05-28T03:41:34.048+0000] {logging_mixin.py:188} INFO - [2026-05-28T03:41:34.048+0000] {dagbag.py:540} INFO - Filling up the DagBag from /opt/airflow/dags/flight_pipeline.py
[2026-05-28T03:41:34.073+0000] {processor.py:840} INFO - DAG(s) 'flight_pipeline' retrieved from /opt/airflow/dags/flight_pipeline.py
[2026-05-28T03:41:34.110+0000] {logging_mixin.py:188} INFO - [2026-05-28T03:41:34.109+0000] {dag.py:3096} INFO - Sync 1 DAGs
[2026-05-28T03:41:34.138+0000] {logging_mixin.py:188} INFO - [2026-05-28T03:41:34.137+0000] {dag.py:3954} INFO - Setting next_dagrun for flight_pipeline to 2026-05-28 03:00:00+00:00, run_after=2026-05-28 04:00:00+00:00
[2026-05-28T03:41:34.164+0000] {processor.py:183} INFO - Processing /opt/airflow/dags/flight_pipeline.py took 0.128 seconds
[2026-05-28T03:42:04.623+0000] {processor.py:161} INFO - Started process (PID=3464) to work on /opt/airflow/dags/flight_pipeline.py
[2026-05-28T03:42:04.625+0000] {processor.py:830} INFO - Processing file /opt/airflow/dags/flight_pipeline.py for tasks to queue
[2026-05-28T03:42:04.628+0000] {logging_mixin.py:188} INFO - [2026-05-28T03:42:04.627+0000] {dagbag.py:540} INFO - Filling up the DagBag from /opt/airflow/dags/flight_pipeline.py
[2026-05-28T03:42:04.652+0000] {processor.py:840} INFO - DAG(s) 'flight_pipeline' retrieved from /opt/airflow/dags/flight_pipeline.py
[2026-05-28T03:42:04.689+0000] {logging_mixin.py:188} INFO - [2026-05-28T03:42:04.688+0000] {dag.py:3096} INFO - Sync 1 DAGs
[2026-05-28T03:42:04.720+0000] {logging_mixin.py:188} INFO - [2026-05-28T03:42:04.720+0000] {dag.py:3954} INFO - Setting next_dagrun for flight_pipeline to 2026-05-28 03:00:00+00:00, run_after=2026-05-28 04:00:00+00:00
[2026-05-28T03:42:04.745+0000] {processor.py:183} INFO - Processing /opt/airflow/dags/flight_pipeline.py took 0.131 seconds
[2026-05-28T03:42:35.482+0000] {processor.py:161} INFO - Started process (PID=3469) to work on /opt/airflow/dags/flight_pipeline.py
[2026-05-28T03:42:35.483+0000] {processor.py:830} INFO - Processing file /opt/airflow/dags/flight_pipeline.py for tasks to queue
[2026-05-28T03:42:35.487+0000] {logging_mixin.py:188} INFO - [2026-05-28T03:42:35.487+0000] {dagbag.py:540} INFO - Filling up the DagBag from /opt/airflow/dags/flight_pipeline.py
[2026-05-28T03:42:35.513+0000] {processor.py:840} INFO - DAG(s) 'flight_pipeline' retrieved from /opt/airflow/dags/flight_pipeline.py
[2026-05-28T03:42:35.553+0000] {logging_mixin.py:188} INFO - [2026-05-28T03:42:35.552+0000] {dag.py:3096} INFO - Sync 1 DAGs
[2026-05-28T03:42:35.587+0000] {logging_mixin.py:188} INFO - [2026-05-28T03:42:35.587+0000] {dag.py:3954} INFO - Setting next_dagrun for flight_pipeline to 2026-05-28 03:00:00+00:00, run_after=2026-05-28 04:00:00+00:00
[2026-05-28T03:42:35.619+0000] {processor.py:183} INFO - Processing /opt/airflow/dags/flight_pipeline.py took 0.145 seconds
[2026-05-28T03:43:06.432+0000] {processor.py:161} INFO - Started process (PID=3474) to work on /opt/airflow/dags/flight_pipeline.py
[2026-05-28T03:43:06.434+0000] {processor.py:830} INFO - Processing file /opt/airflow/dags/flight_pipeline.py for tasks to queue
[2026-05-28T03:43:06.436+0000] {logging_mixin.py:188} INFO - [2026-05-28T03:43:06.435+0000] {dagbag.py:540} INFO - Filling up the DagBag from /opt/airflow/dags/flight_pipeline.py
[2026-05-28T03:43:06.461+0000] {processor.py:840} INFO - DAG(s) 'flight_pipeline' retrieved from /opt/airflow/dags/flight_pipeline.py
[2026-05-28T03:43:06.495+0000] {logging_mixin.py:188} INFO - [2026-05-28T03:43:06.495+0000] {dag.py:3096} INFO - Sync 1 DAGs
[2026-05-28T03:43:06.522+0000] {logging_mixin.py:188} INFO - [2026-05-28T03:43:06.522+0000] {dag.py:3954} INFO - Setting next_dagrun for flight_pipeline to 2026-05-28 03:00:00+00:00, run_after=2026-05-28 04:00:00+00:00
[2026-05-28T03:43:06.548+0000] {processor.py:183} INFO - Processing /opt/airflow/dags/flight_pipeline.py took 0.123 seconds
[2026-05-28T03:43:37.318+0000] {processor.py:161} INFO - Started process (PID=3479) to work on /opt/airflow/dags/flight_pipeline.py
[2026-05-28T03:43:37.328+0000] {processor.py:830} INFO - Processing file /opt/airflow/dags/flight_pipeline.py for tasks to queue
[2026-05-28T03:43:37.332+0000] {logging_mixin.py:188} INFO - [2026-05-28T03:43:37.331+0000] {dagbag.py:540} INFO - Filling up the DagBag from /opt/airflow/dags/flight_pipeline.py
[2026-05-28T03:43:37.356+0000] {processor.py:840} INFO - DAG(s) 'flight_pipeline' retrieved from /opt/airflow/dags/flight_pipeline.py
[2026-05-28T03:43:37.391+0000] {logging_mixin.py:188} INFO - [2026-05-28T03:43:37.391+0000] {dag.py:3096} INFO - Sync 1 DAGs
[2026-05-28T03:43:37.418+0000] {logging_mixin.py:188} INFO - [2026-05-28T03:43:37.418+0000] {dag.py:3954} INFO - Setting next_dagrun for flight_pipeline to 2026-05-28 03:00:00+00:00, run_after=2026-05-28 04:00:00+00:00
[2026-05-28T03:43:37.446+0000] {processor.py:183} INFO - Processing /opt/airflow/dags/flight_pipeline.py took 0.141 seconds
[2026-05-28T03:44:08.168+0000] {processor.py:161} INFO - Started process (PID=3484) to work on /opt/airflow/dags/flight_pipeline.py
[2026-05-28T03:44:08.170+0000] {processor.py:830} INFO - Processing file /opt/airflow/dags/flight_pipeline.py for tasks to queue
[2026-05-28T03:44:08.173+0000] {logging_mixin.py:188} INFO - [2026-05-28T03:44:08.172+0000] {dagbag.py:540} INFO - Filling up the DagBag from /opt/airflow/dags/flight_pipeline.py
[2026-05-28T03:44:08.198+0000] {processor.py:840} INFO - DAG(s) 'flight_pipeline' retrieved from /opt/airflow/dags/flight_pipeline.py
[2026-05-28T03:44:08.235+0000] {logging_mixin.py:188} INFO - [2026-05-28T03:44:08.235+0000] {dag.py:3096} INFO - Sync 1 DAGs
[2026-05-28T03:44:08.268+0000] {logging_mixin.py:188} INFO - [2026-05-28T03:44:08.267+0000] {dag.py:3954} INFO - Setting next_dagrun for flight_pipeline to 2026-05-28 03:00:00+00:00, run_after=2026-05-28 04:00:00+00:00
[2026-05-28T03:44:08.300+0000] {processor.py:183} INFO - Processing /opt/airflow/dags/flight_pipeline.py took 0.140 seconds
[2026-05-28T03:44:39.131+0000] {processor.py:161} INFO - Started process (PID=3489) to work on /opt/airflow/dags/flight_pipeline.py
[2026-05-28T03:44:39.132+0000] {processor.py:830} INFO - Processing file /opt/airflow/dags/flight_pipeline.py for tasks to queue
[2026-05-28T03:44:39.136+0000] {logging_mixin.py:188} INFO - [2026-05-28T03:44:39.135+0000] {dagbag.py:540} INFO - Filling up the DagBag from /opt/airflow/dags/flight_pipeline.py
[2026-05-28T03:44:39.157+0000] {processor.py:840} INFO - DAG(s) 'flight_pipeline' retrieved from /opt/airflow/dags/flight_pipeline.py
[2026-05-28T03:44:39.191+0000] {logging_mixin.py:188} INFO - [2026-05-28T03:44:39.191+0000] {dag.py:3096} INFO - Sync 1 DAGs
[2026-05-28T03:44:39.218+0000] {logging_mixin.py:188} INFO - [2026-05-28T03:44:39.218+0000] {dag.py:3954} INFO - Setting next_dagrun for flight_pipeline to 2026-05-28 03:00:00+00:00, run_after=2026-05-28 04:00:00+00:00
[2026-05-28T03:44:39.242+0000] {processor.py:183} INFO - Processing /opt/airflow/dags/flight_pipeline.py took 0.118 seconds
[2026-05-28T03:45:09.998+0000] {processor.py:161} INFO - Started process (PID=3494) to work on /opt/airflow/dags/flight_pipeline.py
[2026-05-28T03:45:09.999+0000] {processor.py:830} INFO - Processing file /opt/airflow/dags/flight_pipeline.py for tasks to queue
[2026-05-28T03:45:10.002+0000] {logging_mixin.py:188} INFO - [2026-05-28T03:45:10.001+0000] {dagbag.py:540} INFO - Filling up the DagBag from /opt/airflow/dags/flight_pipeline.py
[2026-05-28T03:45:10.029+0000] {processor.py:840} INFO - DAG(s) 'flight_pipeline' retrieved from /opt/airflow/dags/flight_pipeline.py
[2026-05-28T03:45:10.063+0000] {logging_mixin.py:188} INFO - [2026-05-28T03:45:10.063+0000] {dag.py:3096} INFO - Sync 1 DAGs
[2026-05-28T03:45:10.093+0000] {logging_mixin.py:188} INFO - [2026-05-28T03:45:10.092+0000] {dag.py:3954} INFO - Setting next_dagrun for flight_pipeline to 2026-05-28 03:00:00+00:00, run_after=2026-05-28 04:00:00+00:00
[2026-05-28T03:45:10.119+0000] {processor.py:183} INFO - Processing /opt/airflow/dags/flight_pipeline.py took 0.129 seconds
[2026-05-28T03:45:40.902+0000] {processor.py:161} INFO - Started process (PID=3499) to work on /opt/airflow/dags/flight_pipeline.py
[2026-05-28T03:45:40.904+0000] {processor.py:830} INFO - Processing file /opt/airflow/dags/flight_pipeline.py for tasks to queue
[2026-05-28T03:45:40.906+0000] {logging_mixin.py:188} INFO - [2026-05-28T03:45:40.906+0000] {dagbag.py:540} INFO - Filling up the DagBag from /opt/airflow/dags/flight_pipeline.py
[2026-05-28T03:45:40.931+0000] {processor.py:840} INFO - DAG(s) 'flight_pipeline' retrieved from /opt/airflow/dags/flight_pipeline.py
[2026-05-28T03:45:40.967+0000] {logging_mixin.py:188} INFO - [2026-05-28T03:45:40.966+0000] {dag.py:3096} INFO - Sync 1 DAGs
[2026-05-28T03:45:40.995+0000] {logging_mixin.py:188} INFO - [2026-05-28T03:45:40.995+0000] {dag.py:3954} INFO - Setting next_dagrun for flight_pipeline to 2026-05-28 03:00:00+00:00, run_after=2026-05-28 04:00:00+00:00
[2026-05-28T03:45:41.027+0000] {processor.py:183} INFO - Processing /opt/airflow/dags/flight_pipeline.py took 0.132 seconds
[2026-05-28T03:46:11.882+0000] {processor.py:161} INFO - Started process (PID=3504) to work on /opt/airflow/dags/flight_pipeline.py
[2026-05-28T03:46:11.883+0000] {processor.py:830} INFO - Processing file /opt/airflow/dags/flight_pipeline.py for tasks to queue
[2026-05-28T03:46:11.886+0000] {logging_mixin.py:188} INFO - [2026-05-28T03:46:11.885+0000] {dagbag.py:540} INFO - Filling up the DagBag from /opt/airflow/dags/flight_pipeline.py
[2026-05-28T03:46:11.909+0000] {processor.py:840} INFO - DAG(s) 'flight_pipeline' retrieved from /opt/airflow/dags/flight_pipeline.py
[2026-05-28T03:46:11.944+0000] {logging_mixin.py:188} INFO - [2026-05-28T03:46:11.943+0000] {dag.py:3096} INFO - Sync 1 DAGs
[2026-05-28T03:46:11.969+0000] {logging_mixin.py:188} INFO - [2026-05-28T03:46:11.969+0000] {dag.py:3954} INFO - Setting next_dagrun for flight_pipeline to 2026-05-28 03:00:00+00:00, run_after=2026-05-28 04:00:00+00:00
[2026-05-28T03:46:11.994+0000] {processor.py:183} INFO - Processing /opt/airflow/dags/flight_pipeline.py took 0.118 seconds
[2026-05-28T03:46:42.741+0000] {processor.py:161} INFO - Started process (PID=3509) to work on /opt/airflow/dags/flight_pipeline.py
[2026-05-28T03:46:42.742+0000] {processor.py:830} INFO - Processing file /opt/airflow/dags/flight_pipeline.py for tasks to queue
[2026-05-28T03:46:42.745+0000] {logging_mixin.py:188} INFO - [2026-05-28T03:46:42.745+0000] {dagbag.py:540} INFO - Filling up the DagBag from /opt/airflow/dags/flight_pipeline.py
[2026-05-28T03:46:42.769+0000] {processor.py:840} INFO - DAG(s) 'flight_pipeline' retrieved from /opt/airflow/dags/flight_pipeline.py
[2026-05-28T03:46:42.804+0000] {logging_mixin.py:188} INFO - [2026-05-28T03:46:42.803+0000] {dag.py:3096} INFO - Sync 1 DAGs
[2026-05-28T03:46:42.838+0000] {logging_mixin.py:188} INFO - [2026-05-28T03:46:42.838+0000] {dag.py:3954} INFO - Setting next_dagrun for flight_pipeline to 2026-05-28 03:00:00+00:00, run_after=2026-05-28 04:00:00+00:00
[2026-05-28T03:46:42.869+0000] {processor.py:183} INFO - Processing /opt/airflow/dags/flight_pipeline.py took 0.139 seconds
[2026-05-28T03:47:13.698+0000] {processor.py:161} INFO - Started process (PID=3514) to work on /opt/airflow/dags/flight_pipeline.py
[2026-05-28T03:47:13.700+0000] {processor.py:830} INFO - Processing file /opt/airflow/dags/flight_pipeline.py for tasks to queue
[2026-05-28T03:47:13.703+0000] {logging_mixin.py:188} INFO - [2026-05-28T03:47:13.703+0000] {dagbag.py:540} INFO - Filling up the DagBag from /opt/airflow/dags/flight_pipeline.py
[2026-05-28T03:47:13.727+0000] {processor.py:840} INFO - DAG(s) 'flight_pipeline' retrieved from /opt/airflow/dags/flight_pipeline.py
[2026-05-28T03:47:13.767+0000] {logging_mixin.py:188} INFO - [2026-05-28T03:47:13.767+0000] {dag.py:3096} INFO - Sync 1 DAGs
[2026-05-28T03:47:13.802+0000] {logging_mixin.py:188} INFO - [2026-05-28T03:47:13.802+0000] {dag.py:3954} INFO - Setting next_dagrun for flight_pipeline to 2026-05-28 03:00:00+00:00, run_after=2026-05-28 04:00:00+00:00
[2026-05-28T03:47:13.832+0000] {processor.py:183} INFO - Processing /opt/airflow/dags/flight_pipeline.py took 0.142 seconds
[2026-05-28T03:47:44.541+0000] {processor.py:161} INFO - Started process (PID=3519) to work on /opt/airflow/dags/flight_pipeline.py
[2026-05-28T03:47:44.542+0000] {processor.py:830} INFO - Processing file /opt/airflow/dags/flight_pipeline.py for tasks to queue
[2026-05-28T03:47:44.544+0000] {logging_mixin.py:188} INFO - [2026-05-28T03:47:44.543+0000] {dagbag.py:540} INFO - Filling up the DagBag from /opt/airflow/dags/flight_pipeline.py
[2026-05-28T03:47:44.565+0000] {processor.py:840} INFO - DAG(s) 'flight_pipeline' retrieved from /opt/airflow/dags/flight_pipeline.py
[2026-05-28T03:47:44.597+0000] {logging_mixin.py:188} INFO - [2026-05-28T03:47:44.596+0000] {dag.py:3096} INFO - Sync 1 DAGs
[2026-05-28T03:47:44.622+0000] {logging_mixin.py:188} INFO - [2026-05-28T03:47:44.622+0000] {dag.py:3954} INFO - Setting next_dagrun for flight_pipeline to 2026-05-28 03:00:00+00:00, run_after=2026-05-28 04:00:00+00:00
[2026-05-28T03:47:44.645+0000] {processor.py:183} INFO - Processing /opt/airflow/dags/flight_pipeline.py took 0.112 seconds
[2026-05-28T03:48:15.490+0000] {processor.py:161} INFO - Started process (PID=3524) to work on /opt/airflow/dags/flight_pipeline.py
[2026-05-28T03:48:15.491+0000] {processor.py:830} INFO - Processing file /opt/airflow/dags/flight_pipeline.py for tasks to queue
[2026-05-28T03:48:15.493+0000] {logging_mixin.py:188} INFO - [2026-05-28T03:48:15.493+0000] {dagbag.py:540} INFO - Filling up the DagBag from /opt/airflow/dags/flight_pipeline.py
[2026-05-28T03:48:15.515+0000] {processor.py:840} INFO - DAG(s) 'flight_pipeline' retrieved from /opt/airflow/dags/flight_pipeline.py
[2026-05-28T03:48:15.544+0000] {logging_mixin.py:188} INFO - [2026-05-28T03:48:15.544+0000] {dag.py:3096} INFO - Sync 1 DAGs
[2026-05-28T03:48:15.568+0000] {logging_mixin.py:188} INFO - [2026-05-28T03:48:15.567+0000] {dag.py:3954} INFO - Setting next_dagrun for flight_pipeline to 2026-05-28 03:00:00+00:00, run_after=2026-05-28 04:00:00+00:00
[2026-05-28T03:48:15.589+0000] {processor.py:183} INFO - Processing /opt/airflow/dags/flight_pipeline.py took 0.105 seconds
[2026-05-28T03:48:46.368+0000] {processor.py:161} INFO - Started process (PID=3529) to work on /opt/airflow/dags/flight_pipeline.py
[2026-05-28T03:48:46.370+0000] {processor.py:830} INFO - Processing file /opt/airflow/dags/flight_pipeline.py for tasks to queue
[2026-05-28T03:48:46.372+0000] {logging_mixin.py:188} INFO - [2026-05-28T03:48:46.372+0000] {dagbag.py:540} INFO - Filling up the DagBag from /opt/airflow/dags/flight_pipeline.py
[2026-05-28T03:48:46.398+0000] {processor.py:840} INFO - DAG(s) 'flight_pipeline' retrieved from /opt/airflow/dags/flight_pipeline.py
[2026-05-28T03:48:46.432+0000] {logging_mixin.py:188} INFO - [2026-05-28T03:48:46.432+0000] {dag.py:3096} INFO - Sync 1 DAGs
[2026-05-28T03:48:46.459+0000] {logging_mixin.py:188} INFO - [2026-05-28T03:48:46.459+0000] {dag.py:3954} INFO - Setting next_dagrun for flight_pipeline to 2026-05-28 03:00:00+00:00, run_after=2026-05-28 04:00:00+00:00
[2026-05-28T03:48:46.484+0000] {processor.py:183} INFO - Processing /opt/airflow/dags/flight_pipeline.py took 0.125 seconds
[2026-05-28T03:49:17.301+0000] {processor.py:161} INFO - Started process (PID=3534) to work on /opt/airflow/dags/flight_pipeline.py
[2026-05-28T03:49:17.302+0000] {processor.py:830} INFO - Processing file /opt/airflow/dags/flight_pipeline.py for tasks to queue
[2026-05-28T03:49:17.304+0000] {logging_mixin.py:188} INFO - [2026-05-28T03:49:17.304+0000] {dagbag.py:540} INFO - Filling up the DagBag from /opt/airflow/dags/flight_pipeline.py
[2026-05-28T03:49:17.330+0000] {processor.py:840} INFO - DAG(s) 'flight_pipeline' retrieved from /opt/airflow/dags/flight_pipeline.py
[2026-05-28T03:49:17.369+0000] {logging_mixin.py:188} INFO - [2026-05-28T03:49:17.369+0000] {dag.py:3096} INFO - Sync 1 DAGs
[2026-05-28T03:49:17.401+0000] {logging_mixin.py:188} INFO - [2026-05-28T03:49:17.401+0000] {dag.py:3954} INFO - Setting next_dagrun for flight_pipeline to 2026-05-28 03:00:00+00:00, run_after=2026-05-28 04:00:00+00:00
[2026-05-28T03:49:17.437+0000] {processor.py:183} INFO - Processing /opt/airflow/dags/flight_pipeline.py took 0.142 seconds
[2026-05-28T03:49:48.169+0000] {processor.py:161} INFO - Started process (PID=3539) to work on /opt/airflow/dags/flight_pipeline.py
[2026-05-28T03:49:48.171+0000] {processor.py:830} INFO - Processing file /opt/airflow/dags/flight_pipeline.py for tasks to queue
[2026-05-28T03:49:48.174+0000] {logging_mixin.py:188} INFO - [2026-05-28T03:49:48.174+0000] {dagbag.py:540} INFO - Filling up the DagBag from /opt/airflow/dags/flight_pipeline.py
[2026-05-28T03:49:48.204+0000] {processor.py:840} INFO - DAG(s) 'flight_pipeline' retrieved from /opt/airflow/dags/flight_pipeline.py
[2026-05-28T03:49:48.241+0000] {logging_mixin.py:188} INFO - [2026-05-28T03:49:48.241+0000] {dag.py:3096} INFO - Sync 1 DAGs
[2026-05-28T03:49:48.272+0000] {logging_mixin.py:188} INFO - [2026-05-28T03:49:48.272+0000] {dag.py:3954} INFO - Setting next_dagrun for flight_pipeline to 2026-05-28 03:00:00+00:00, run_after=2026-05-28 04:00:00+00:00
[2026-05-28T03:49:48.301+0000] {processor.py:183} INFO - Processing /opt/airflow/dags/flight_pipeline.py took 0.143 seconds
[2026-05-28T03:50:19.154+0000] {processor.py:161} INFO - Started process (PID=3544) to work on /opt/airflow/dags/flight_pipeline.py
[2026-05-28T03:50:19.156+0000] {processor.py:830} INFO - Processing file /opt/airflow/dags/flight_pipeline.py for tasks to queue
[2026-05-28T03:50:19.158+0000] {logging_mixin.py:188} INFO - [2026-05-28T03:50:19.158+0000] {dagbag.py:540} INFO - Filling up the DagBag from /opt/airflow/dags/flight_pipeline.py
[2026-05-28T03:50:19.184+0000] {processor.py:840} INFO - DAG(s) 'flight_pipeline' retrieved from /opt/airflow/dags/flight_pipeline.py
[2026-05-28T03:50:19.223+0000] {logging_mixin.py:188} INFO - [2026-05-28T03:50:19.222+0000] {dag.py:3096} INFO - Sync 1 DAGs
[2026-05-28T03:50:19.261+0000] {logging_mixin.py:188} INFO - [2026-05-28T03:50:19.261+0000] {dag.py:3954} INFO - Setting next_dagrun for flight_pipeline to 2026-05-28 03:00:00+00:00, run_after=2026-05-28 04:00:00+00:00
[2026-05-28T03:50:19.290+0000] {processor.py:183} INFO - Processing /opt/airflow/dags/flight_pipeline.py took 0.147 seconds
[2026-05-28T03:50:50.135+0000] {processor.py:161} INFO - Started process (PID=3549) to work on /opt/airflow/dags/flight_pipeline.py
[2026-05-28T03:50:50.137+0000] {processor.py:830} INFO - Processing file /opt/airflow/dags/flight_pipeline.py for tasks to queue
[2026-05-28T03:50:50.140+0000] {logging_mixin.py:188} INFO - [2026-05-28T03:50:50.139+0000] {dagbag.py:540} INFO - Filling up the DagBag from /opt/airflow/dags/flight_pipeline.py
[2026-05-28T03:50:50.166+0000] {processor.py:840} INFO - DAG(s) 'flight_pipeline' retrieved from /opt/airflow/dags/flight_pipeline.py
[2026-05-28T03:50:50.209+0000] {logging_mixin.py:188} INFO - [2026-05-28T03:50:50.209+0000] {dag.py:3096} INFO - Sync 1 DAGs
[2026-05-28T03:50:50.241+0000] {logging_mixin.py:188} INFO - [2026-05-28T03:50:50.240+0000] {dag.py:3954} INFO - Setting next_dagrun for flight_pipeline to 2026-05-28 03:00:00+00:00, run_after=2026-05-28 04:00:00+00:00
[2026-05-28T03:50:50.267+0000] {processor.py:183} INFO - Processing /opt/airflow/dags/flight_pipeline.py took 0.141 seconds
[2026-05-28T03:51:21.119+0000] {processor.py:161} INFO - Started process (PID=3554) to work on /opt/airflow/dags/flight_pipeline.py
[2026-05-28T03:51:21.121+0000] {processor.py:830} INFO - Processing file /opt/airflow/dags/flight_pipeline.py for tasks to queue
[2026-05-28T03:51:21.123+0000] {logging_mixin.py:188} INFO - [2026-05-28T03:51:21.123+0000] {dagbag.py:540} INFO - Filling up the DagBag from /opt/airflow/dags/flight_pipeline.py
[2026-05-28T03:51:21.148+0000] {processor.py:840} INFO - DAG(s) 'flight_pipeline' retrieved from /opt/airflow/dags/flight_pipeline.py
[2026-05-28T03:51:21.185+0000] {logging_mixin.py:188} INFO - [2026-05-28T03:51:21.185+0000] {dag.py:3096} INFO - Sync 1 DAGs
[2026-05-28T03:51:21.213+0000] {logging_mixin.py:188} INFO - [2026-05-28T03:51:21.213+0000] {dag.py:3954} INFO - Setting next_dagrun for flight_pipeline to 2026-05-28 03:00:00+00:00, run_after=2026-05-28 04:00:00+00:00
[2026-05-28T03:51:21.240+0000] {processor.py:183} INFO - Processing /opt/airflow/dags/flight_pipeline.py took 0.138 seconds
[2026-05-28T03:51:52.004+0000] {processor.py:161} INFO - Started process (PID=3559) to work on /opt/airflow/dags/flight_pipeline.py
[2026-05-28T03:51:52.005+0000] {processor.py:830} INFO - Processing file /opt/airflow/dags/flight_pipeline.py for tasks to queue
[2026-05-28T03:51:52.007+0000] {logging_mixin.py:188} INFO - [2026-05-28T03:51:52.007+0000] {dagbag.py:540} INFO - Filling up the DagBag from /opt/airflow/dags/flight_pipeline.py
[2026-05-28T03:51:52.032+0000] {processor.py:840} INFO - DAG(s) 'flight_pipeline' retrieved from /opt/airflow/dags/flight_pipeline.py
[2026-05-28T03:51:52.068+0000] {logging_mixin.py:188} INFO - [2026-05-28T03:51:52.068+0000] {dag.py:3096} INFO - Sync 1 DAGs
[2026-05-28T03:51:52.096+0000] {logging_mixin.py:188} INFO - [2026-05-28T03:51:52.096+0000] {dag.py:3954} INFO - Setting next_dagrun for flight_pipeline to 2026-05-28 03:00:00+00:00, run_after=2026-05-28 04:00:00+00:00
[2026-05-28T03:51:52.121+0000] {processor.py:183} INFO - Processing /opt/airflow/dags/flight_pipeline.py took 0.123 seconds
[2026-05-28T03:52:22.978+0000] {processor.py:161} INFO - Started process (PID=3564) to work on /opt/airflow/dags/flight_pipeline.py
[2026-05-28T03:52:22.980+0000] {processor.py:830} INFO - Processing file /opt/airflow/dags/flight_pipeline.py for tasks to queue
[2026-05-28T03:52:22.982+0000] {logging_mixin.py:188} INFO - [2026-05-28T03:52:22.982+0000] {dagbag.py:540} INFO - Filling up the DagBag from /opt/airflow/dags/flight_pipeline.py
[2026-05-28T03:52:23.008+0000] {processor.py:840} INFO - DAG(s) 'flight_pipeline' retrieved from /opt/airflow/dags/flight_pipeline.py
[2026-05-28T03:52:23.043+0000] {logging_mixin.py:188} INFO - [2026-05-28T03:52:23.042+0000] {dag.py:3096} INFO - Sync 1 DAGs
[2026-05-28T03:52:23.072+0000] {logging_mixin.py:188} INFO - [2026-05-28T03:52:23.071+0000] {dag.py:3954} INFO - Setting next_dagrun for flight_pipeline to 2026-05-28 03:00:00+00:00, run_after=2026-05-28 04:00:00+00:00
[2026-05-28T03:52:23.102+0000] {processor.py:183} INFO - Processing /opt/airflow/dags/flight_pipeline.py took 0.133 seconds
[2026-05-28T03:52:53.869+0000] {processor.py:161} INFO - Started process (PID=3569) to work on /opt/airflow/dags/flight_pipeline.py
[2026-05-28T03:52:53.870+0000] {processor.py:830} INFO - Processing file /opt/airflow/dags/flight_pipeline.py for tasks to queue
[2026-05-28T03:52:53.872+0000] {logging_mixin.py:188} INFO - [2026-05-28T03:52:53.871+0000] {dagbag.py:540} INFO - Filling up the DagBag from /opt/airflow/dags/flight_pipeline.py
[2026-05-28T03:52:53.893+0000] {processor.py:840} INFO - DAG(s) 'flight_pipeline' retrieved from /opt/airflow/dags/flight_pipeline.py
[2026-05-28T03:52:53.924+0000] {logging_mixin.py:188} INFO - [2026-05-28T03:52:53.924+0000] {dag.py:3096} INFO - Sync 1 DAGs
[2026-05-28T03:52:53.957+0000] {logging_mixin.py:188} INFO - [2026-05-28T03:52:53.956+0000] {dag.py:3954} INFO - Setting next_dagrun for flight_pipeline to 2026-05-28 03:00:00+00:00, run_after=2026-05-28 04:00:00+00:00
[2026-05-28T03:52:53.989+0000] {processor.py:183} INFO - Processing /opt/airflow/dags/flight_pipeline.py took 0.127 seconds
[2026-05-28T03:53:24.815+0000] {processor.py:161} INFO - Started process (PID=3574) to work on /opt/airflow/dags/flight_pipeline.py
[2026-05-28T03:53:24.816+0000] {processor.py:830} INFO - Processing file /opt/airflow/dags/flight_pipeline.py for tasks to queue
[2026-05-28T03:53:24.818+0000] {logging_mixin.py:188} INFO - [2026-05-28T03:53:24.818+0000] {dagbag.py:540} INFO - Filling up the DagBag from /opt/airflow/dags/flight_pipeline.py
[2026-05-28T03:53:24.839+0000] {processor.py:840} INFO - DAG(s) 'flight_pipeline' retrieved from /opt/airflow/dags/flight_pipeline.py
[2026-05-28T03:53:24.871+0000] {logging_mixin.py:188} INFO - [2026-05-28T03:53:24.871+0000] {dag.py:3096} INFO - Sync 1 DAGs
[2026-05-28T03:53:24.895+0000] {logging_mixin.py:188} INFO - [2026-05-28T03:53:24.895+0000] {dag.py:3954} INFO - Setting next_dagrun for flight_pipeline to 2026-05-28 03:00:00+00:00, run_after=2026-05-28 04:00:00+00:00
[2026-05-28T03:53:24.916+0000] {processor.py:183} INFO - Processing /opt/airflow/dags/flight_pipeline.py took 0.107 seconds
[2026-05-28T03:53:55.725+0000] {processor.py:161} INFO - Started process (PID=3579) to work on /opt/airflow/dags/flight_pipeline.py
[2026-05-28T03:53:55.727+0000] {processor.py:830} INFO - Processing file /opt/airflow/dags/flight_pipeline.py for tasks to queue
[2026-05-28T03:53:55.729+0000] {logging_mixin.py:188} INFO - [2026-05-28T03:53:55.729+0000] {dagbag.py:540} INFO - Filling up the DagBag from /opt/airflow/dags/flight_pipeline.py
[2026-05-28T03:53:55.749+0000] {processor.py:840} INFO - DAG(s) 'flight_pipeline' retrieved from /opt/airflow/dags/flight_pipeline.py
[2026-05-28T03:53:55.780+0000] {logging_mixin.py:188} INFO - [2026-05-28T03:53:55.780+0000] {dag.py:3096} INFO - Sync 1 DAGs
[2026-05-28T03:53:55.804+0000] {logging_mixin.py:188} INFO - [2026-05-28T03:53:55.804+0000] {dag.py:3954} INFO - Setting next_dagrun for flight_pipeline to 2026-05-28 03:00:00+00:00, run_after=2026-05-28 04:00:00+00:00
[2026-05-28T03:53:55.822+0000] {processor.py:183} INFO - Processing /opt/airflow/dags/flight_pipeline.py took 0.103 seconds
[2026-05-28T03:54:25.968+0000] {processor.py:161} INFO - Started process (PID=3584) to work on /opt/airflow/dags/flight_pipeline.py
[2026-05-28T03:54:25.969+0000] {processor.py:830} INFO - Processing file /opt/airflow/dags/flight_pipeline.py for tasks to queue
[2026-05-28T03:54:25.971+0000] {logging_mixin.py:188} INFO - [2026-05-28T03:54:25.971+0000] {dagbag.py:540} INFO - Filling up the DagBag from /opt/airflow/dags/flight_pipeline.py
[2026-05-28T03:54:25.991+0000] {processor.py:840} INFO - DAG(s) 'flight_pipeline' retrieved from /opt/airflow/dags/flight_pipeline.py
[2026-05-28T03:54:26.034+0000] {logging_mixin.py:188} INFO - [2026-05-28T03:54:26.034+0000] {dag.py:3096} INFO - Sync 1 DAGs
[2026-05-28T03:54:26.065+0000] {logging_mixin.py:188} INFO - [2026-05-28T03:54:26.065+0000] {dag.py:3954} INFO - Setting next_dagrun for flight_pipeline to 2026-05-28 03:00:00+00:00, run_after=2026-05-28 04:00:00+00:00
[2026-05-28T03:54:26.093+0000] {processor.py:183} INFO - Processing /opt/airflow/dags/flight_pipeline.py took 0.131 seconds
[2026-05-28T03:54:56.574+0000] {processor.py:161} INFO - Started process (PID=3589) to work on /opt/airflow/dags/flight_pipeline.py
[2026-05-28T03:54:56.576+0000] {processor.py:830} INFO - Processing file /opt/airflow/dags/flight_pipeline.py for tasks to queue
[2026-05-28T03:54:56.580+0000] {logging_mixin.py:188} INFO - [2026-05-28T03:54:56.579+0000] {dagbag.py:540} INFO - Filling up the DagBag from /opt/airflow/dags/flight_pipeline.py
[2026-05-28T03:54:56.602+0000] {processor.py:840} INFO - DAG(s) 'flight_pipeline' retrieved from /opt/airflow/dags/flight_pipeline.py
[2026-05-28T03:54:56.635+0000] {logging_mixin.py:188} INFO - [2026-05-28T03:54:56.635+0000] {dag.py:3096} INFO - Sync 1 DAGs
[2026-05-28T03:54:56.662+0000] {logging_mixin.py:188} INFO - [2026-05-28T03:54:56.661+0000] {dag.py:3954} INFO - Setting next_dagrun for flight_pipeline to 2026-05-28 03:00:00+00:00, run_after=2026-05-28 04:00:00+00:00
[2026-05-28T03:54:56.685+0000] {processor.py:183} INFO - Processing /opt/airflow/dags/flight_pipeline.py took 0.118 seconds
[2026-05-28T03:55:27.591+0000] {processor.py:161} INFO - Started process (PID=3594) to work on /opt/airflow/dags/flight_pipeline.py
[2026-05-28T03:55:27.593+0000] {processor.py:830} INFO - Processing file /opt/airflow/dags/flight_pipeline.py for tasks to queue
[2026-05-28T03:55:27.596+0000] {logging_mixin.py:188} INFO - [2026-05-28T03:55:27.596+0000] {dagbag.py:540} INFO - Filling up the DagBag from /opt/airflow/dags/flight_pipeline.py
[2026-05-28T03:55:27.624+0000] {processor.py:840} INFO - DAG(s) 'flight_pipeline' retrieved from /opt/airflow/dags/flight_pipeline.py
[2026-05-28T03:55:27.664+0000] {logging_mixin.py:188} INFO - [2026-05-28T03:55:27.663+0000] {dag.py:3096} INFO - Sync 1 DAGs
[2026-05-28T03:55:27.701+0000] {logging_mixin.py:188} INFO - [2026-05-28T03:55:27.701+0000] {dag.py:3954} INFO - Setting next_dagrun for flight_pipeline to 2026-05-28 03:00:00+00:00, run_after=2026-05-28 04:00:00+00:00
[2026-05-28T03:55:28.046+0000] {processor.py:183} INFO - Processing /opt/airflow/dags/flight_pipeline.py took 0.466 seconds
[2026-05-28T03:55:58.503+0000] {processor.py:161} INFO - Started process (PID=3599) to work on /opt/airflow/dags/flight_pipeline.py
[2026-05-28T03:55:58.505+0000] {processor.py:830} INFO - Processing file /opt/airflow/dags/flight_pipeline.py for tasks to queue
[2026-05-28T03:55:58.509+0000] {logging_mixin.py:188} INFO - [2026-05-28T03:55:58.508+0000] {dagbag.py:540} INFO - Filling up the DagBag from /opt/airflow/dags/flight_pipeline.py
[2026-05-28T03:55:58.543+0000] {processor.py:840} INFO - DAG(s) 'flight_pipeline' retrieved from /opt/airflow/dags/flight_pipeline.py
[2026-05-28T03:55:58.590+0000] {logging_mixin.py:188} INFO - [2026-05-28T03:55:58.590+0000] {dag.py:3096} INFO - Sync 1 DAGs
[2026-05-28T03:55:58.635+0000] {logging_mixin.py:188} INFO - [2026-05-28T03:55:58.635+0000] {dag.py:3954} INFO - Setting next_dagrun for flight_pipeline to 2026-05-28 03:00:00+00:00, run_after=2026-05-28 04:00:00+00:00
[2026-05-28T03:55:58.673+0000] {processor.py:183} INFO - Processing /opt/airflow/dags/flight_pipeline.py took 0.180 seconds
[2026-05-28T03:56:29.347+0000] {processor.py:161} INFO - Started process (PID=3604) to work on /opt/airflow/dags/flight_pipeline.py
[2026-05-28T03:56:29.348+0000] {processor.py:830} INFO - Processing file /opt/airflow/dags/flight_pipeline.py for tasks to queue
[2026-05-28T03:56:29.351+0000] {logging_mixin.py:188} INFO - [2026-05-28T03:56:29.351+0000] {dagbag.py:540} INFO - Filling up the DagBag from /opt/airflow/dags/flight_pipeline.py
[2026-05-28T03:56:29.374+0000] {processor.py:840} INFO - DAG(s) 'flight_pipeline' retrieved from /opt/airflow/dags/flight_pipeline.py
[2026-05-28T03:56:29.408+0000] {logging_mixin.py:188} INFO - [2026-05-28T03:56:29.407+0000] {dag.py:3096} INFO - Sync 1 DAGs
[2026-05-28T03:56:29.433+0000] {logging_mixin.py:188} INFO - [2026-05-28T03:56:29.433+0000] {dag.py:3954} INFO - Setting next_dagrun for flight_pipeline to 2026-05-28 03:00:00+00:00, run_after=2026-05-28 04:00:00+00:00
[2026-05-28T03:56:29.456+0000] {processor.py:183} INFO - Processing /opt/airflow/dags/flight_pipeline.py took 0.117 seconds
[2026-05-28T03:57:00.245+0000] {processor.py:161} INFO - Started process (PID=3609) to work on /opt/airflow/dags/flight_pipeline.py
[2026-05-28T03:57:00.247+0000] {processor.py:830} INFO - Processing file /opt/airflow/dags/flight_pipeline.py for tasks to queue
[2026-05-28T03:57:00.249+0000] {logging_mixin.py:188} INFO - [2026-05-28T03:57:00.248+0000] {dagbag.py:540} INFO - Filling up the DagBag from /opt/airflow/dags/flight_pipeline.py
[2026-05-28T03:57:00.270+0000] {processor.py:840} INFO - DAG(s) 'flight_pipeline' retrieved from /opt/airflow/dags/flight_pipeline.py
[2026-05-28T03:57:00.310+0000] {logging_mixin.py:188} INFO - [2026-05-28T03:57:00.310+0000] {dag.py:3096} INFO - Sync 1 DAGs
[2026-05-28T03:57:00.342+0000] {logging_mixin.py:188} INFO - [2026-05-28T03:57:00.341+0000] {dag.py:3954} INFO - Setting next_dagrun for flight_pipeline to 2026-05-28 03:00:00+00:00, run_after=2026-05-28 04:00:00+00:00
[2026-05-28T03:57:00.370+0000] {processor.py:183} INFO - Processing /opt/airflow/dags/flight_pipeline.py took 0.133 seconds
[2026-05-28T03:57:31.229+0000] {processor.py:161} INFO - Started process (PID=3614) to work on /opt/airflow/dags/flight_pipeline.py
[2026-05-28T03:57:31.230+0000] {processor.py:830} INFO - Processing file /opt/airflow/dags/flight_pipeline.py for tasks to queue
[2026-05-28T03:57:31.232+0000] {logging_mixin.py:188} INFO - [2026-05-28T03:57:31.232+0000] {dagbag.py:540} INFO - Filling up the DagBag from /opt/airflow/dags/flight_pipeline.py
[2026-05-28T03:57:31.262+0000] {processor.py:840} INFO - DAG(s) 'flight_pipeline' retrieved from /opt/airflow/dags/flight_pipeline.py
[2026-05-28T03:57:31.309+0000] {logging_mixin.py:188} INFO - [2026-05-28T03:57:31.308+0000] {dag.py:3096} INFO - Sync 1 DAGs
[2026-05-28T03:57:31.347+0000] {logging_mixin.py:188} INFO - [2026-05-28T03:57:31.347+0000] {dag.py:3954} INFO - Setting next_dagrun for flight_pipeline to 2026-05-28 03:00:00+00:00, run_after=2026-05-28 04:00:00+00:00
[2026-05-28T03:57:31.381+0000] {processor.py:183} INFO - Processing /opt/airflow/dags/flight_pipeline.py took 0.161 seconds
[2026-05-28T03:58:02.156+0000] {processor.py:161} INFO - Started process (PID=3619) to work on /opt/airflow/dags/flight_pipeline.py
[2026-05-28T03:58:02.158+0000] {processor.py:830} INFO - Processing file /opt/airflow/dags/flight_pipeline.py for tasks to queue
[2026-05-28T03:58:02.160+0000] {logging_mixin.py:188} INFO - [2026-05-28T03:58:02.160+0000] {dagbag.py:540} INFO - Filling up the DagBag from /opt/airflow/dags/flight_pipeline.py
[2026-05-28T03:58:02.189+0000] {processor.py:840} INFO - DAG(s) 'flight_pipeline' retrieved from /opt/airflow/dags/flight_pipeline.py
[2026-05-28T03:58:02.239+0000] {logging_mixin.py:188} INFO - [2026-05-28T03:58:02.239+0000] {dag.py:3096} INFO - Sync 1 DAGs
[2026-05-28T03:58:02.281+0000] {logging_mixin.py:188} INFO - [2026-05-28T03:58:02.281+0000] {dag.py:3954} INFO - Setting next_dagrun for flight_pipeline to 2026-05-28 03:00:00+00:00, run_after=2026-05-28 04:00:00+00:00
[2026-05-28T03:58:02.316+0000] {processor.py:183} INFO - Processing /opt/airflow/dags/flight_pipeline.py took 0.170 seconds
[2026-05-28T03:58:33.139+0000] {processor.py:161} INFO - Started process (PID=3624) to work on /opt/airflow/dags/flight_pipeline.py
[2026-05-28T03:58:33.141+0000] {processor.py:830} INFO - Processing file /opt/airflow/dags/flight_pipeline.py for tasks to queue
[2026-05-28T03:58:33.145+0000] {logging_mixin.py:188} INFO - [2026-05-28T03:58:33.144+0000] {dagbag.py:540} INFO - Filling up the DagBag from /opt/airflow/dags/flight_pipeline.py
[2026-05-28T03:58:33.173+0000] {processor.py:840} INFO - DAG(s) 'flight_pipeline' retrieved from /opt/airflow/dags/flight_pipeline.py
[2026-05-28T03:58:33.213+0000] {logging_mixin.py:188} INFO - [2026-05-28T03:58:33.213+0000] {dag.py:3096} INFO - Sync 1 DAGs
[2026-05-28T03:58:33.244+0000] {logging_mixin.py:188} INFO - [2026-05-28T03:58:33.244+0000] {dag.py:3954} INFO - Setting next_dagrun for flight_pipeline to 2026-05-28 03:00:00+00:00, run_after=2026-05-28 04:00:00+00:00
[2026-05-28T03:58:33.275+0000] {processor.py:183} INFO - Processing /opt/airflow/dags/flight_pipeline.py took 0.143 seconds
[2026-05-28T03:59:04.098+0000] {processor.py:161} INFO - Started process (PID=3629) to work on /opt/airflow/dags/flight_pipeline.py
[2026-05-28T03:59:04.099+0000] {processor.py:830} INFO - Processing file /opt/airflow/dags/flight_pipeline.py for tasks to queue
[2026-05-28T03:59:04.102+0000] {logging_mixin.py:188} INFO - [2026-05-28T03:59:04.101+0000] {dagbag.py:540} INFO - Filling up the DagBag from /opt/airflow/dags/flight_pipeline.py
[2026-05-28T03:59:04.126+0000] {processor.py:840} INFO - DAG(s) 'flight_pipeline' retrieved from /opt/airflow/dags/flight_pipeline.py
[2026-05-28T03:59:04.172+0000] {logging_mixin.py:188} INFO - [2026-05-28T03:59:04.172+0000] {dag.py:3096} INFO - Sync 1 DAGs
[2026-05-28T03:59:04.202+0000] {logging_mixin.py:188} INFO - [2026-05-28T03:59:04.202+0000] {dag.py:3954} INFO - Setting next_dagrun for flight_pipeline to 2026-05-28 03:00:00+00:00, run_after=2026-05-28 04:00:00+00:00
[2026-05-28T03:59:04.228+0000] {processor.py:183} INFO - Processing /opt/airflow/dags/flight_pipeline.py took 0.141 seconds
[2026-05-28T03:59:35.120+0000] {processor.py:161} INFO - Started process (PID=3634) to work on /opt/airflow/dags/flight_pipeline.py
[2026-05-28T03:59:35.121+0000] {processor.py:830} INFO - Processing file /opt/airflow/dags/flight_pipeline.py for tasks to queue
[2026-05-28T03:59:35.125+0000] {logging_mixin.py:188} INFO - [2026-05-28T03:59:35.124+0000] {dagbag.py:540} INFO - Filling up the DagBag from /opt/airflow/dags/flight_pipeline.py
[2026-05-28T03:59:35.157+0000] {processor.py:840} INFO - DAG(s) 'flight_pipeline' retrieved from /opt/airflow/dags/flight_pipeline.py
[2026-05-28T03:59:35.202+0000] {logging_mixin.py:188} INFO - [2026-05-28T03:59:35.202+0000] {dag.py:3096} INFO - Sync 1 DAGs
[2026-05-28T03:59:35.240+0000] {logging_mixin.py:188} INFO - [2026-05-28T03:59:35.239+0000] {dag.py:3954} INFO - Setting next_dagrun for flight_pipeline to 2026-05-28 03:00:00+00:00, run_after=2026-05-28 04:00:00+00:00
[2026-05-28T03:59:35.274+0000] {processor.py:183} INFO - Processing /opt/airflow/dags/flight_pipeline.py took 0.162 seconds
[2026-05-28T04:00:06.081+0000] {processor.py:161} INFO - Started process (PID=3652) to work on /opt/airflow/dags/flight_pipeline.py
[2026-05-28T04:00:06.083+0000] {processor.py:830} INFO - Processing file /opt/airflow/dags/flight_pipeline.py for tasks to queue
[2026-05-28T04:00:06.087+0000] {logging_mixin.py:188} INFO - [2026-05-28T04:00:06.086+0000] {dagbag.py:540} INFO - Filling up the DagBag from /opt/airflow/dags/flight_pipeline.py
[2026-05-28T04:00:06.118+0000] {processor.py:840} INFO - DAG(s) 'flight_pipeline' retrieved from /opt/airflow/dags/flight_pipeline.py
[2026-05-28T04:00:06.167+0000] {logging_mixin.py:188} INFO - [2026-05-28T04:00:06.166+0000] {dag.py:3096} INFO - Sync 1 DAGs
[2026-05-28T04:00:06.202+0000] {logging_mixin.py:188} INFO - [2026-05-28T04:00:06.202+0000] {dag.py:3954} INFO - Setting next_dagrun for flight_pipeline to 2026-05-28 04:00:00+00:00, run_after=2026-05-28 05:00:00+00:00
[2026-05-28T04:00:06.228+0000] {processor.py:183} INFO - Processing /opt/airflow/dags/flight_pipeline.py took 0.160 seconds
[2026-05-28T04:00:37.111+0000] {processor.py:161} INFO - Started process (PID=3678) to work on /opt/airflow/dags/flight_pipeline.py
[2026-05-28T04:00:37.113+0000] {processor.py:830} INFO - Processing file /opt/airflow/dags/flight_pipeline.py for tasks to queue
[2026-05-28T04:00:37.116+0000] {logging_mixin.py:188} INFO - [2026-05-28T04:00:37.116+0000] {dagbag.py:540} INFO - Filling up the DagBag from /opt/airflow/dags/flight_pipeline.py
[2026-05-28T04:00:37.144+0000] {processor.py:840} INFO - DAG(s) 'flight_pipeline' retrieved from /opt/airflow/dags/flight_pipeline.py
[2026-05-28T04:00:37.179+0000] {logging_mixin.py:188} INFO - [2026-05-28T04:00:37.179+0000] {dag.py:3096} INFO - Sync 1 DAGs
[2026-05-28T04:00:37.208+0000] {logging_mixin.py:188} INFO - [2026-05-28T04:00:37.208+0000] {dag.py:3954} INFO - Setting next_dagrun for flight_pipeline to 2026-05-28 04:00:00+00:00, run_after=2026-05-28 05:00:00+00:00
[2026-05-28T04:00:37.239+0000] {processor.py:183} INFO - Processing /opt/airflow/dags/flight_pipeline.py took 0.139 seconds
[2026-05-28T04:01:08.123+0000] {processor.py:161} INFO - Started process (PID=3683) to work on /opt/airflow/dags/flight_pipeline.py
[2026-05-28T04:01:08.124+0000] {processor.py:830} INFO - Processing file /opt/airflow/dags/flight_pipeline.py for tasks to queue
[2026-05-28T04:01:08.127+0000] {logging_mixin.py:188} INFO - [2026-05-28T04:01:08.127+0000] {dagbag.py:540} INFO - Filling up the DagBag from /opt/airflow/dags/flight_pipeline.py
[2026-05-28T04:01:08.153+0000] {processor.py:840} INFO - DAG(s) 'flight_pipeline' retrieved from /opt/airflow/dags/flight_pipeline.py
[2026-05-28T04:01:08.197+0000] {logging_mixin.py:188} INFO - [2026-05-28T04:01:08.197+0000] {dag.py:3096} INFO - Sync 1 DAGs
[2026-05-28T04:01:08.229+0000] {logging_mixin.py:188} INFO - [2026-05-28T04:01:08.229+0000] {dag.py:3954} INFO - Setting next_dagrun for flight_pipeline to 2026-05-28 04:00:00+00:00, run_after=2026-05-28 05:00:00+00:00
[2026-05-28T04:01:08.264+0000] {processor.py:183} INFO - Processing /opt/airflow/dags/flight_pipeline.py took 0.150 seconds
[2026-05-28T04:01:39.049+0000] {processor.py:161} INFO - Started process (PID=3688) to work on /opt/airflow/dags/flight_pipeline.py
[2026-05-28T04:01:39.050+0000] {processor.py:830} INFO - Processing file /opt/airflow/dags/flight_pipeline.py for tasks to queue
[2026-05-28T04:01:39.054+0000] {logging_mixin.py:188} INFO - [2026-05-28T04:01:39.053+0000] {dagbag.py:540} INFO - Filling up the DagBag from /opt/airflow/dags/flight_pipeline.py
[2026-05-28T04:01:39.083+0000] {processor.py:840} INFO - DAG(s) 'flight_pipeline' retrieved from /opt/airflow/dags/flight_pipeline.py
[2026-05-28T04:01:39.123+0000] {logging_mixin.py:188} INFO - [2026-05-28T04:01:39.123+0000] {dag.py:3096} INFO - Sync 1 DAGs
[2026-05-28T04:01:39.155+0000] {logging_mixin.py:188} INFO - [2026-05-28T04:01:39.155+0000] {dag.py:3954} INFO - Setting next_dagrun for flight_pipeline to 2026-05-28 04:00:00+00:00, run_after=2026-05-28 05:00:00+00:00
[2026-05-28T04:01:39.258+0000] {processor.py:183} INFO - Processing /opt/airflow/dags/flight_pipeline.py took 0.219 seconds
[2026-05-28T04:02:10.064+0000] {processor.py:161} INFO - Started process (PID=3693) to work on /opt/airflow/dags/flight_pipeline.py
[2026-05-28T04:02:10.065+0000] {processor.py:830} INFO - Processing file /opt/airflow/dags/flight_pipeline.py for tasks to queue
[2026-05-28T04:02:10.068+0000] {logging_mixin.py:188} INFO - [2026-05-28T04:02:10.068+0000] {dagbag.py:540} INFO - Filling up the DagBag from /opt/airflow/dags/flight_pipeline.py
[2026-05-28T04:02:10.092+0000] {processor.py:840} INFO - DAG(s) 'flight_pipeline' retrieved from /opt/airflow/dags/flight_pipeline.py
[2026-05-28T04:02:10.125+0000] {logging_mixin.py:188} INFO - [2026-05-28T04:02:10.125+0000] {dag.py:3096} INFO - Sync 1 DAGs
[2026-05-28T04:02:10.154+0000] {logging_mixin.py:188} INFO - [2026-05-28T04:02:10.153+0000] {dag.py:3954} INFO - Setting next_dagrun for flight_pipeline to 2026-05-28 04:00:00+00:00, run_after=2026-05-28 05:00:00+00:00
[2026-05-28T04:02:10.184+0000] {processor.py:183} INFO - Processing /opt/airflow/dags/flight_pipeline.py took 0.127 seconds
[2026-05-28T04:02:41.217+0000] {processor.py:161} INFO - Started process (PID=3698) to work on /opt/airflow/dags/flight_pipeline.py
[2026-05-28T04:02:41.219+0000] {processor.py:830} INFO - Processing file /opt/airflow/dags/flight_pipeline.py for tasks to queue
[2026-05-28T04:02:41.222+0000] {logging_mixin.py:188} INFO - [2026-05-28T04:02:41.221+0000] {dagbag.py:540} INFO - Filling up the DagBag from /opt/airflow/dags/flight_pipeline.py
[2026-05-28T04:02:41.250+0000] {processor.py:840} INFO - DAG(s) 'flight_pipeline' retrieved from /opt/airflow/dags/flight_pipeline.py
[2026-05-28T04:02:41.289+0000] {logging_mixin.py:188} INFO - [2026-05-28T04:02:41.289+0000] {dag.py:3096} INFO - Sync 1 DAGs
[2026-05-28T04:02:41.330+0000] {logging_mixin.py:188} INFO - [2026-05-28T04:02:41.330+0000] {dag.py:3954} INFO - Setting next_dagrun for flight_pipeline to 2026-05-28 04:00:00+00:00, run_after=2026-05-28 05:00:00+00:00
[2026-05-28T04:02:41.365+0000] {processor.py:183} INFO - Processing /opt/airflow/dags/flight_pipeline.py took 0.158 seconds
[2026-05-28T04:03:12.136+0000] {processor.py:161} INFO - Started process (PID=3703) to work on /opt/airflow/dags/flight_pipeline.py
[2026-05-28T04:03:12.138+0000] {processor.py:830} INFO - Processing file /opt/airflow/dags/flight_pipeline.py for tasks to queue
[2026-05-28T04:03:12.142+0000] {logging_mixin.py:188} INFO - [2026-05-28T04:03:12.141+0000] {dagbag.py:540} INFO - Filling up the DagBag from /opt/airflow/dags/flight_pipeline.py
[2026-05-28T04:03:12.170+0000] {processor.py:840} INFO - DAG(s) 'flight_pipeline' retrieved from /opt/airflow/dags/flight_pipeline.py
[2026-05-28T04:03:12.212+0000] {logging_mixin.py:188} INFO - [2026-05-28T04:03:12.211+0000] {dag.py:3096} INFO - Sync 1 DAGs
[2026-05-28T04:03:12.244+0000] {logging_mixin.py:188} INFO - [2026-05-28T04:03:12.244+0000] {dag.py:3954} INFO - Setting next_dagrun for flight_pipeline to 2026-05-28 04:00:00+00:00, run_after=2026-05-28 05:00:00+00:00
[2026-05-28T04:03:12.272+0000] {processor.py:183} INFO - Processing /opt/airflow/dags/flight_pipeline.py took 0.149 seconds
[2026-05-28T04:03:43.939+0000] {processor.py:161} INFO - Started process (PID=3708) to work on /opt/airflow/dags/flight_pipeline.py
[2026-05-28T04:03:43.941+0000] {processor.py:830} INFO - Processing file /opt/airflow/dags/flight_pipeline.py for tasks to queue
[2026-05-28T04:03:43.944+0000] {logging_mixin.py:188} INFO - [2026-05-28T04:03:43.943+0000] {dagbag.py:540} INFO - Filling up the DagBag from /opt/airflow/dags/flight_pipeline.py
[2026-05-28T04:03:43.971+0000] {processor.py:840} INFO - DAG(s) 'flight_pipeline' retrieved from /opt/airflow/dags/flight_pipeline.py
[2026-05-28T04:03:44.008+0000] {logging_mixin.py:188} INFO - [2026-05-28T04:03:44.007+0000] {dag.py:3096} INFO - Sync 1 DAGs
[2026-05-28T04:03:44.043+0000] {logging_mixin.py:188} INFO - [2026-05-28T04:03:44.042+0000] {dag.py:3954} INFO - Setting next_dagrun for flight_pipeline to 2026-05-28 04:00:00+00:00, run_after=2026-05-28 05:00:00+00:00
[2026-05-28T04:03:44.073+0000] {processor.py:183} INFO - Processing /opt/airflow/dags/flight_pipeline.py took 0.142 seconds
[2026-05-28T04:04:14.949+0000] {processor.py:161} INFO - Started process (PID=3713) to work on /opt/airflow/dags/flight_pipeline.py
[2026-05-28T04:04:14.950+0000] {processor.py:830} INFO - Processing file /opt/airflow/dags/flight_pipeline.py for tasks to queue
[2026-05-28T04:04:14.952+0000] {logging_mixin.py:188} INFO - [2026-05-28T04:04:14.952+0000] {dagbag.py:540} INFO - Filling up the DagBag from /opt/airflow/dags/flight_pipeline.py
[2026-05-28T04:04:14.977+0000] {processor.py:840} INFO - DAG(s) 'flight_pipeline' retrieved from /opt/airflow/dags/flight_pipeline.py
[2026-05-28T04:04:15.007+0000] {logging_mixin.py:188} INFO - [2026-05-28T04:04:15.007+0000] {dag.py:3096} INFO - Sync 1 DAGs
[2026-05-28T04:04:15.034+0000] {logging_mixin.py:188} INFO - [2026-05-28T04:04:15.033+0000] {dag.py:3954} INFO - Setting next_dagrun for flight_pipeline to 2026-05-28 04:00:00+00:00, run_after=2026-05-28 05:00:00+00:00
[2026-05-28T04:04:15.060+0000] {processor.py:183} INFO - Processing /opt/airflow/dags/flight_pipeline.py took 0.119 seconds
[2026-05-28T04:04:45.988+0000] {processor.py:161} INFO - Started process (PID=3718) to work on /opt/airflow/dags/flight_pipeline.py
[2026-05-28T04:04:45.989+0000] {processor.py:830} INFO - Processing file /opt/airflow/dags/flight_pipeline.py for tasks to queue
[2026-05-28T04:04:45.992+0000] {logging_mixin.py:188} INFO - [2026-05-28T04:04:45.991+0000] {dagbag.py:540} INFO - Filling up the DagBag from /opt/airflow/dags/flight_pipeline.py
[2026-05-28T04:04:46.015+0000] {processor.py:840} INFO - DAG(s) 'flight_pipeline' retrieved from /opt/airflow/dags/flight_pipeline.py
[2026-05-28T04:04:46.066+0000] {logging_mixin.py:188} INFO - [2026-05-28T04:04:46.066+0000] {dag.py:3096} INFO - Sync 1 DAGs
[2026-05-28T04:04:46.122+0000] {logging_mixin.py:188} INFO - [2026-05-28T04:04:46.122+0000] {dag.py:3954} INFO - Setting next_dagrun for flight_pipeline to 2026-05-28 04:00:00+00:00, run_after=2026-05-28 05:00:00+00:00
[2026-05-28T04:04:46.153+0000] {processor.py:183} INFO - Processing /opt/airflow/dags/flight_pipeline.py took 0.171 seconds
[2026-05-28T04:05:16.904+0000] {processor.py:161} INFO - Started process (PID=3723) to work on /opt/airflow/dags/flight_pipeline.py
[2026-05-28T04:05:16.905+0000] {processor.py:830} INFO - Processing file /opt/airflow/dags/flight_pipeline.py for tasks to queue
[2026-05-28T04:05:16.907+0000] {logging_mixin.py:188} INFO - [2026-05-28T04:05:16.907+0000] {dagbag.py:540} INFO - Filling up the DagBag from /opt/airflow/dags/flight_pipeline.py
[2026-05-28T04:05:16.928+0000] {processor.py:840} INFO - DAG(s) 'flight_pipeline' retrieved from /opt/airflow/dags/flight_pipeline.py
[2026-05-28T04:05:16.962+0000] {logging_mixin.py:188} INFO - [2026-05-28T04:05:16.961+0000] {dag.py:3096} INFO - Sync 1 DAGs
[2026-05-28T04:05:16.990+0000] {logging_mixin.py:188} INFO - [2026-05-28T04:05:16.990+0000] {dag.py:3954} INFO - Setting next_dagrun for flight_pipeline to 2026-05-28 04:00:00+00:00, run_after=2026-05-28 05:00:00+00:00
[2026-05-28T04:05:17.021+0000] {processor.py:183} INFO - Processing /opt/airflow/dags/flight_pipeline.py took 0.124 seconds
[2026-05-28T04:05:47.898+0000] {processor.py:161} INFO - Started process (PID=3728) to work on /opt/airflow/dags/flight_pipeline.py
[2026-05-28T04:05:47.900+0000] {processor.py:830} INFO - Processing file /opt/airflow/dags/flight_pipeline.py for tasks to queue
[2026-05-28T04:05:47.902+0000] {logging_mixin.py:188} INFO - [2026-05-28T04:05:47.902+0000] {dagbag.py:540} INFO - Filling up the DagBag from /opt/airflow/dags/flight_pipeline.py
[2026-05-28T04:05:47.924+0000] {processor.py:840} INFO - DAG(s) 'flight_pipeline' retrieved from /opt/airflow/dags/flight_pipeline.py
[2026-05-28T04:05:47.956+0000] {logging_mixin.py:188} INFO - [2026-05-28T04:05:47.955+0000] {dag.py:3096} INFO - Sync 1 DAGs
[2026-05-28T04:05:47.981+0000] {logging_mixin.py:188} INFO - [2026-05-28T04:05:47.981+0000] {dag.py:3954} INFO - Setting next_dagrun for flight_pipeline to 2026-05-28 04:00:00+00:00, run_after=2026-05-28 05:00:00+00:00
[2026-05-28T04:05:48.012+0000] {processor.py:183} INFO - Processing /opt/airflow/dags/flight_pipeline.py took 0.121 seconds
[2026-05-28T04:06:19.044+0000] {processor.py:161} INFO - Started process (PID=3733) to work on /opt/airflow/dags/flight_pipeline.py
[2026-05-28T04:06:19.045+0000] {processor.py:830} INFO - Processing file /opt/airflow/dags/flight_pipeline.py for tasks to queue
[2026-05-28T04:06:19.048+0000] {logging_mixin.py:188} INFO - [2026-05-28T04:06:19.047+0000] {dagbag.py:540} INFO - Filling up the DagBag from /opt/airflow/dags/flight_pipeline.py
[2026-05-28T04:06:19.073+0000] {processor.py:840} INFO - DAG(s) 'flight_pipeline' retrieved from /opt/airflow/dags/flight_pipeline.py
[2026-05-28T04:06:19.109+0000] {logging_mixin.py:188} INFO - [2026-05-28T04:06:19.109+0000] {dag.py:3096} INFO - Sync 1 DAGs
[2026-05-28T04:06:19.140+0000] {logging_mixin.py:188} INFO - [2026-05-28T04:06:19.139+0000] {dag.py:3954} INFO - Setting next_dagrun for flight_pipeline to 2026-05-28 04:00:00+00:00, run_after=2026-05-28 05:00:00+00:00
[2026-05-28T04:06:19.168+0000] {processor.py:183} INFO - Processing /opt/airflow/dags/flight_pipeline.py took 0.132 seconds
[2026-05-28T04:06:49.959+0000] {processor.py:161} INFO - Started process (PID=3738) to work on /opt/airflow/dags/flight_pipeline.py
[2026-05-28T04:06:49.960+0000] {processor.py:830} INFO - Processing file /opt/airflow/dags/flight_pipeline.py for tasks to queue
[2026-05-28T04:06:49.962+0000] {logging_mixin.py:188} INFO - [2026-05-28T04:06:49.962+0000] {dagbag.py:540} INFO - Filling up the DagBag from /opt/airflow/dags/flight_pipeline.py
[2026-05-28T04:06:49.988+0000] {processor.py:840} INFO - DAG(s) 'flight_pipeline' retrieved from /opt/airflow/dags/flight_pipeline.py
[2026-05-28T04:06:50.031+0000] {logging_mixin.py:188} INFO - [2026-05-28T04:06:50.030+0000] {dag.py:3096} INFO - Sync 1 DAGs
[2026-05-28T04:06:50.061+0000] {logging_mixin.py:188} INFO - [2026-05-28T04:06:50.061+0000] {dag.py:3954} INFO - Setting next_dagrun for flight_pipeline to 2026-05-28 04:00:00+00:00, run_after=2026-05-28 05:00:00+00:00
[2026-05-28T04:06:50.089+0000] {processor.py:183} INFO - Processing /opt/airflow/dags/flight_pipeline.py took 0.138 seconds
[2026-05-28T04:07:21.020+0000] {processor.py:161} INFO - Started process (PID=3743) to work on /opt/airflow/dags/flight_pipeline.py
[2026-05-28T04:07:21.021+0000] {processor.py:830} INFO - Processing file /opt/airflow/dags/flight_pipeline.py for tasks to queue
[2026-05-28T04:07:21.024+0000] {logging_mixin.py:188} INFO - [2026-05-28T04:07:21.024+0000] {dagbag.py:540} INFO - Filling up the DagBag from /opt/airflow/dags/flight_pipeline.py
[2026-05-28T04:07:21.054+0000] {processor.py:840} INFO - DAG(s) 'flight_pipeline' retrieved from /opt/airflow/dags/flight_pipeline.py
[2026-05-28T04:07:21.093+0000] {logging_mixin.py:188} INFO - [2026-05-28T04:07:21.093+0000] {dag.py:3096} INFO - Sync 1 DAGs
[2026-05-28T04:07:21.125+0000] {logging_mixin.py:188} INFO - [2026-05-28T04:07:21.125+0000] {dag.py:3954} INFO - Setting next_dagrun for flight_pipeline to 2026-05-28 04:00:00+00:00, run_after=2026-05-28 05:00:00+00:00
[2026-05-28T04:07:21.153+0000] {processor.py:183} INFO - Processing /opt/airflow/dags/flight_pipeline.py took 0.140 seconds
[2026-05-28T04:07:51.988+0000] {processor.py:161} INFO - Started process (PID=3748) to work on /opt/airflow/dags/flight_pipeline.py
[2026-05-28T04:07:51.989+0000] {processor.py:830} INFO - Processing file /opt/airflow/dags/flight_pipeline.py for tasks to queue
[2026-05-28T04:07:51.993+0000] {logging_mixin.py:188} INFO - [2026-05-28T04:07:51.992+0000] {dagbag.py:540} INFO - Filling up the DagBag from /opt/airflow/dags/flight_pipeline.py
[2026-05-28T04:07:52.018+0000] {processor.py:840} INFO - DAG(s) 'flight_pipeline' retrieved from /opt/airflow/dags/flight_pipeline.py
[2026-05-28T04:07:52.050+0000] {logging_mixin.py:188} INFO - [2026-05-28T04:07:52.050+0000] {dag.py:3096} INFO - Sync 1 DAGs
[2026-05-28T04:07:52.076+0000] {logging_mixin.py:188} INFO - [2026-05-28T04:07:52.075+0000] {dag.py:3954} INFO - Setting next_dagrun for flight_pipeline to 2026-05-28 04:00:00+00:00, run_after=2026-05-28 05:00:00+00:00
[2026-05-28T04:07:52.106+0000] {processor.py:183} INFO - Processing /opt/airflow/dags/flight_pipeline.py took 0.127 seconds
[2026-05-28T04:08:23.122+0000] {processor.py:161} INFO - Started process (PID=3753) to work on /opt/airflow/dags/flight_pipeline.py
[2026-05-28T04:08:23.124+0000] {processor.py:830} INFO - Processing file /opt/airflow/dags/flight_pipeline.py for tasks to queue
[2026-05-28T04:08:23.126+0000] {logging_mixin.py:188} INFO - [2026-05-28T04:08:23.126+0000] {dagbag.py:540} INFO - Filling up the DagBag from /opt/airflow/dags/flight_pipeline.py
[2026-05-28T04:08:23.153+0000] {processor.py:840} INFO - DAG(s) 'flight_pipeline' retrieved from /opt/airflow/dags/flight_pipeline.py
[2026-05-28T04:08:23.379+0000] {logging_mixin.py:188} INFO - [2026-05-28T04:08:23.378+0000] {dag.py:3096} INFO - Sync 1 DAGs
[2026-05-28T04:08:23.411+0000] {logging_mixin.py:188} INFO - [2026-05-28T04:08:23.411+0000] {dag.py:3954} INFO - Setting next_dagrun for flight_pipeline to 2026-05-28 04:00:00+00:00, run_after=2026-05-28 05:00:00+00:00
[2026-05-28T04:08:23.440+0000] {processor.py:183} INFO - Processing /opt/airflow/dags/flight_pipeline.py took 0.325 seconds
[2026-05-28T04:08:54.043+0000] {processor.py:161} INFO - Started process (PID=3758) to work on /opt/airflow/dags/flight_pipeline.py
[2026-05-28T04:08:54.044+0000] {processor.py:830} INFO - Processing file /opt/airflow/dags/flight_pipeline.py for tasks to queue
[2026-05-28T04:08:54.046+0000] {logging_mixin.py:188} INFO - [2026-05-28T04:08:54.045+0000] {dagbag.py:540} INFO - Filling up the DagBag from /opt/airflow/dags/flight_pipeline.py
[2026-05-28T04:08:54.070+0000] {processor.py:840} INFO - DAG(s) 'flight_pipeline' retrieved from /opt/airflow/dags/flight_pipeline.py
[2026-05-28T04:08:54.107+0000] {logging_mixin.py:188} INFO - [2026-05-28T04:08:54.107+0000] {dag.py:3096} INFO - Sync 1 DAGs
[2026-05-28T04:08:54.137+0000] {logging_mixin.py:188} INFO - [2026-05-28T04:08:54.136+0000] {dag.py:3954} INFO - Setting next_dagrun for flight_pipeline to 2026-05-28 04:00:00+00:00, run_after=2026-05-28 05:00:00+00:00
[2026-05-28T04:08:54.171+0000] {processor.py:183} INFO - Processing /opt/airflow/dags/flight_pipeline.py took 0.135 seconds
[2026-05-28T04:09:24.981+0000] {processor.py:161} INFO - Started process (PID=3763) to work on /opt/airflow/dags/flight_pipeline.py
[2026-05-28T04:09:24.982+0000] {processor.py:830} INFO - Processing file /opt/airflow/dags/flight_pipeline.py for tasks to queue
[2026-05-28T04:09:24.985+0000] {logging_mixin.py:188} INFO - [2026-05-28T04:09:24.985+0000] {dagbag.py:540} INFO - Filling up the DagBag from /opt/airflow/dags/flight_pipeline.py
[2026-05-28T04:09:25.012+0000] {processor.py:840} INFO - DAG(s) 'flight_pipeline' retrieved from /opt/airflow/dags/flight_pipeline.py
[2026-05-28T04:09:25.049+0000] {logging_mixin.py:188} INFO - [2026-05-28T04:09:25.048+0000] {dag.py:3096} INFO - Sync 1 DAGs
[2026-05-28T04:09:25.078+0000] {logging_mixin.py:188} INFO - [2026-05-28T04:09:25.078+0000] {dag.py:3954} INFO - Setting next_dagrun for flight_pipeline to 2026-05-28 04:00:00+00:00, run_after=2026-05-28 05:00:00+00:00
[2026-05-28T04:09:25.106+0000] {processor.py:183} INFO - Processing /opt/airflow/dags/flight_pipeline.py took 0.134 seconds
[2026-05-28T04:09:56.088+0000] {processor.py:161} INFO - Started process (PID=3768) to work on /opt/airflow/dags/flight_pipeline.py
[2026-05-28T04:09:56.090+0000] {processor.py:830} INFO - Processing file /opt/airflow/dags/flight_pipeline.py for tasks to queue
[2026-05-28T04:09:56.093+0000] {logging_mixin.py:188} INFO - [2026-05-28T04:09:56.093+0000] {dagbag.py:540} INFO - Filling up the DagBag from /opt/airflow/dags/flight_pipeline.py
[2026-05-28T04:09:56.118+0000] {processor.py:840} INFO - DAG(s) 'flight_pipeline' retrieved from /opt/airflow/dags/flight_pipeline.py
[2026-05-28T04:09:56.155+0000] {logging_mixin.py:188} INFO - [2026-05-28T04:09:56.154+0000] {dag.py:3096} INFO - Sync 1 DAGs
[2026-05-28T04:09:56.186+0000] {logging_mixin.py:188} INFO - [2026-05-28T04:09:56.185+0000] {dag.py:3954} INFO - Setting next_dagrun for flight_pipeline to 2026-05-28 04:00:00+00:00, run_after=2026-05-28 05:00:00+00:00
[2026-05-28T04:09:56.214+0000] {processor.py:183} INFO - Processing /opt/airflow/dags/flight_pipeline.py took 0.134 seconds
[2026-05-28T04:10:27.085+0000] {processor.py:161} INFO - Started process (PID=3773) to work on /opt/airflow/dags/flight_pipeline.py
[2026-05-28T04:10:27.087+0000] {processor.py:830} INFO - Processing file /opt/airflow/dags/flight_pipeline.py for tasks to queue
[2026-05-28T04:10:27.090+0000] {logging_mixin.py:188} INFO - [2026-05-28T04:10:27.089+0000] {dagbag.py:540} INFO - Filling up the DagBag from /opt/airflow/dags/flight_pipeline.py
[2026-05-28T04:10:27.117+0000] {processor.py:840} INFO - DAG(s) 'flight_pipeline' retrieved from /opt/airflow/dags/flight_pipeline.py
[2026-05-28T04:10:27.156+0000] {logging_mixin.py:188} INFO - [2026-05-28T04:10:27.156+0000] {dag.py:3096} INFO - Sync 1 DAGs
[2026-05-28T04:10:27.184+0000] {logging_mixin.py:188} INFO - [2026-05-28T04:10:27.183+0000] {dag.py:3954} INFO - Setting next_dagrun for flight_pipeline to 2026-05-28 04:00:00+00:00, run_after=2026-05-28 05:00:00+00:00
[2026-05-28T04:10:27.207+0000] {processor.py:183} INFO - Processing /opt/airflow/dags/flight_pipeline.py took 0.135 seconds
[2026-05-28T04:10:58.175+0000] {processor.py:161} INFO - Started process (PID=3778) to work on /opt/airflow/dags/flight_pipeline.py
[2026-05-28T04:10:58.176+0000] {processor.py:830} INFO - Processing file /opt/airflow/dags/flight_pipeline.py for tasks to queue
[2026-05-28T04:10:58.180+0000] {logging_mixin.py:188} INFO - [2026-05-28T04:10:58.178+0000] {dagbag.py:540} INFO - Filling up the DagBag from /opt/airflow/dags/flight_pipeline.py
[2026-05-28T04:10:58.204+0000] {processor.py:840} INFO - DAG(s) 'flight_pipeline' retrieved from /opt/airflow/dags/flight_pipeline.py
[2026-05-28T04:10:58.245+0000] {logging_mixin.py:188} INFO - [2026-05-28T04:10:58.244+0000] {dag.py:3096} INFO - Sync 1 DAGs
[2026-05-28T04:10:58.276+0000] {logging_mixin.py:188} INFO - [2026-05-28T04:10:58.276+0000] {dag.py:3954} INFO - Setting next_dagrun for flight_pipeline to 2026-05-28 04:00:00+00:00, run_after=2026-05-28 05:00:00+00:00
[2026-05-28T04:10:58.306+0000] {processor.py:183} INFO - Processing /opt/airflow/dags/flight_pipeline.py took 0.138 seconds
[2026-05-28T04:11:29.117+0000] {processor.py:161} INFO - Started process (PID=3783) to work on /opt/airflow/dags/flight_pipeline.py
[2026-05-28T04:11:29.118+0000] {processor.py:830} INFO - Processing file /opt/airflow/dags/flight_pipeline.py for tasks to queue
[2026-05-28T04:11:29.120+0000] {logging_mixin.py:188} INFO - [2026-05-28T04:11:29.120+0000] {dagbag.py:540} INFO - Filling up the DagBag from /opt/airflow/dags/flight_pipeline.py
[2026-05-28T04:11:29.141+0000] {processor.py:840} INFO - DAG(s) 'flight_pipeline' retrieved from /opt/airflow/dags/flight_pipeline.py
[2026-05-28T04:11:29.174+0000] {logging_mixin.py:188} INFO - [2026-05-28T04:11:29.174+0000] {dag.py:3096} INFO - Sync 1 DAGs
[2026-05-28T04:11:29.204+0000] {logging_mixin.py:188} INFO - [2026-05-28T04:11:29.204+0000] {dag.py:3954} INFO - Setting next_dagrun for flight_pipeline to 2026-05-28 04:00:00+00:00, run_after=2026-05-28 05:00:00+00:00
[2026-05-28T04:11:29.231+0000] {processor.py:183} INFO - Processing /opt/airflow/dags/flight_pipeline.py took 0.121 seconds
[2026-05-28T04:11:59.601+0000] {processor.py:161} INFO - Started process (PID=3788) to work on /opt/airflow/dags/flight_pipeline.py
[2026-05-28T04:11:59.602+0000] {processor.py:830} INFO - Processing file /opt/airflow/dags/flight_pipeline.py for tasks to queue
[2026-05-28T04:11:59.604+0000] {logging_mixin.py:188} INFO - [2026-05-28T04:11:59.604+0000] {dagbag.py:540} INFO - Filling up the DagBag from /opt/airflow/dags/flight_pipeline.py
[2026-05-28T04:11:59.626+0000] {processor.py:840} INFO - DAG(s) 'flight_pipeline' retrieved from /opt/airflow/dags/flight_pipeline.py
[2026-05-28T04:11:59.658+0000] {logging_mixin.py:188} INFO - [2026-05-28T04:11:59.657+0000] {dag.py:3096} INFO - Sync 1 DAGs
[2026-05-28T04:11:59.690+0000] {logging_mixin.py:188} INFO - [2026-05-28T04:11:59.689+0000] {dag.py:3954} INFO - Setting next_dagrun for flight_pipeline to 2026-05-28 04:00:00+00:00, run_after=2026-05-28 05:00:00+00:00
[2026-05-28T04:11:59.713+0000] {processor.py:183} INFO - Processing /opt/airflow/dags/flight_pipeline.py took 0.119 seconds
[2026-05-28T04:12:30.106+0000] {processor.py:161} INFO - Started process (PID=3793) to work on /opt/airflow/dags/flight_pipeline.py
[2026-05-28T04:12:30.107+0000] {processor.py:830} INFO - Processing file /opt/airflow/dags/flight_pipeline.py for tasks to queue
[2026-05-28T04:12:30.109+0000] {logging_mixin.py:188} INFO - [2026-05-28T04:12:30.109+0000] {dagbag.py:540} INFO - Filling up the DagBag from /opt/airflow/dags/flight_pipeline.py
[2026-05-28T04:12:30.132+0000] {processor.py:840} INFO - DAG(s) 'flight_pipeline' retrieved from /opt/airflow/dags/flight_pipeline.py
[2026-05-28T04:12:30.162+0000] {logging_mixin.py:188} INFO - [2026-05-28T04:12:30.162+0000] {dag.py:3096} INFO - Sync 1 DAGs
[2026-05-28T04:12:30.188+0000] {logging_mixin.py:188} INFO - [2026-05-28T04:12:30.187+0000] {dag.py:3954} INFO - Setting next_dagrun for flight_pipeline to 2026-05-28 04:00:00+00:00, run_after=2026-05-28 05:00:00+00:00
[2026-05-28T04:12:30.215+0000] {processor.py:183} INFO - Processing /opt/airflow/dags/flight_pipeline.py took 0.116 seconds
[2026-05-28T04:13:00.580+0000] {processor.py:161} INFO - Started process (PID=3798) to work on /opt/airflow/dags/flight_pipeline.py
[2026-05-28T04:13:00.581+0000] {processor.py:830} INFO - Processing file /opt/airflow/dags/flight_pipeline.py for tasks to queue
[2026-05-28T04:13:00.584+0000] {logging_mixin.py:188} INFO - [2026-05-28T04:13:00.583+0000] {dagbag.py:540} INFO - Filling up the DagBag from /opt/airflow/dags/flight_pipeline.py
[2026-05-28T04:13:00.604+0000] {processor.py:840} INFO - DAG(s) 'flight_pipeline' retrieved from /opt/airflow/dags/flight_pipeline.py
[2026-05-28T04:13:00.641+0000] {logging_mixin.py:188} INFO - [2026-05-28T04:13:00.641+0000] {dag.py:3096} INFO - Sync 1 DAGs
[2026-05-28T04:13:00.671+0000] {logging_mixin.py:188} INFO - [2026-05-28T04:13:00.671+0000] {dag.py:3954} INFO - Setting next_dagrun for flight_pipeline to 2026-05-28 04:00:00+00:00, run_after=2026-05-28 05:00:00+00:00
[2026-05-28T04:13:00.692+0000] {processor.py:183} INFO - Processing /opt/airflow/dags/flight_pipeline.py took 0.121 seconds
[2026-05-28T04:13:31.704+0000] {processor.py:161} INFO - Started process (PID=3803) to work on /opt/airflow/dags/flight_pipeline.py
[2026-05-28T04:13:31.705+0000] {processor.py:830} INFO - Processing file /opt/airflow/dags/flight_pipeline.py for tasks to queue
[2026-05-28T04:13:31.707+0000] {logging_mixin.py:188} INFO - [2026-05-28T04:13:31.707+0000] {dagbag.py:540} INFO - Filling up the DagBag from /opt/airflow/dags/flight_pipeline.py
[2026-05-28T04:13:31.728+0000] {processor.py:840} INFO - DAG(s) 'flight_pipeline' retrieved from /opt/airflow/dags/flight_pipeline.py
[2026-05-28T04:13:31.761+0000] {logging_mixin.py:188} INFO - [2026-05-28T04:13:31.760+0000] {dag.py:3096} INFO - Sync 1 DAGs
[2026-05-28T04:13:31.789+0000] {logging_mixin.py:188} INFO - [2026-05-28T04:13:31.789+0000] {dag.py:3954} INFO - Setting next_dagrun for flight_pipeline to 2026-05-28 04:00:00+00:00, run_after=2026-05-28 05:00:00+00:00
[2026-05-28T04:13:31.813+0000] {processor.py:183} INFO - Processing /opt/airflow/dags/flight_pipeline.py took 0.116 seconds
[2026-05-28T04:14:02.634+0000] {processor.py:161} INFO - Started process (PID=3808) to work on /opt/airflow/dags/flight_pipeline.py
[2026-05-28T04:14:02.635+0000] {processor.py:830} INFO - Processing file /opt/airflow/dags/flight_pipeline.py for tasks to queue
[2026-05-28T04:14:02.637+0000] {logging_mixin.py:188} INFO - [2026-05-28T04:14:02.637+0000] {dagbag.py:540} INFO - Filling up the DagBag from /opt/airflow/dags/flight_pipeline.py
[2026-05-28T04:14:02.656+0000] {processor.py:840} INFO - DAG(s) 'flight_pipeline' retrieved from /opt/airflow/dags/flight_pipeline.py
[2026-05-28T04:14:02.685+0000] {logging_mixin.py:188} INFO - [2026-05-28T04:14:02.685+0000] {dag.py:3096} INFO - Sync 1 DAGs
[2026-05-28T04:14:02.709+0000] {logging_mixin.py:188} INFO - [2026-05-28T04:14:02.708+0000] {dag.py:3954} INFO - Setting next_dagrun for flight_pipeline to 2026-05-28 04:00:00+00:00, run_after=2026-05-28 05:00:00+00:00
[2026-05-28T04:14:02.728+0000] {processor.py:183} INFO - Processing /opt/airflow/dags/flight_pipeline.py took 0.100 seconds
[2026-05-28T04:14:33.751+0000] {processor.py:161} INFO - Started process (PID=3813) to work on /opt/airflow/dags/flight_pipeline.py
[2026-05-28T04:14:33.752+0000] {processor.py:830} INFO - Processing file /opt/airflow/dags/flight_pipeline.py for tasks to queue
[2026-05-28T04:14:33.755+0000] {logging_mixin.py:188} INFO - [2026-05-28T04:14:33.754+0000] {dagbag.py:540} INFO - Filling up the DagBag from /opt/airflow/dags/flight_pipeline.py
[2026-05-28T04:14:33.775+0000] {processor.py:840} INFO - DAG(s) 'flight_pipeline' retrieved from /opt/airflow/dags/flight_pipeline.py
[2026-05-28T04:14:33.808+0000] {logging_mixin.py:188} INFO - [2026-05-28T04:14:33.808+0000] {dag.py:3096} INFO - Sync 1 DAGs
[2026-05-28T04:14:33.833+0000] {logging_mixin.py:188} INFO - [2026-05-28T04:14:33.832+0000] {dag.py:3954} INFO - Setting next_dagrun for flight_pipeline to 2026-05-28 04:00:00+00:00, run_after=2026-05-28 05:00:00+00:00
[2026-05-28T04:14:33.856+0000] {processor.py:183} INFO - Processing /opt/airflow/dags/flight_pipeline.py took 0.116 seconds
[2026-05-28T04:15:04.680+0000] {processor.py:161} INFO - Started process (PID=3818) to work on /opt/airflow/dags/flight_pipeline.py
[2026-05-28T04:15:04.682+0000] {processor.py:830} INFO - Processing file /opt/airflow/dags/flight_pipeline.py for tasks to queue
[2026-05-28T04:15:04.684+0000] {logging_mixin.py:188} INFO - [2026-05-28T04:15:04.684+0000] {dagbag.py:540} INFO - Filling up the DagBag from /opt/airflow/dags/flight_pipeline.py
[2026-05-28T04:15:04.706+0000] {processor.py:840} INFO - DAG(s) 'flight_pipeline' retrieved from /opt/airflow/dags/flight_pipeline.py
[2026-05-28T04:15:04.745+0000] {logging_mixin.py:188} INFO - [2026-05-28T04:15:04.745+0000] {dag.py:3096} INFO - Sync 1 DAGs
[2026-05-28T04:15:04.773+0000] {logging_mixin.py:188} INFO - [2026-05-28T04:15:04.772+0000] {dag.py:3954} INFO - Setting next_dagrun for flight_pipeline to 2026-05-28 04:00:00+00:00, run_after=2026-05-28 05:00:00+00:00
[2026-05-28T04:15:04.796+0000] {processor.py:183} INFO - Processing /opt/airflow/dags/flight_pipeline.py took 0.124 seconds
[2026-05-28T04:15:35.699+0000] {processor.py:161} INFO - Started process (PID=3823) to work on /opt/airflow/dags/flight_pipeline.py
[2026-05-28T04:15:35.700+0000] {processor.py:830} INFO - Processing file /opt/airflow/dags/flight_pipeline.py for tasks to queue
[2026-05-28T04:15:35.703+0000] {logging_mixin.py:188} INFO - [2026-05-28T04:15:35.702+0000] {dagbag.py:540} INFO - Filling up the DagBag from /opt/airflow/dags/flight_pipeline.py
[2026-05-28T04:15:35.727+0000] {processor.py:840} INFO - DAG(s) 'flight_pipeline' retrieved from /opt/airflow/dags/flight_pipeline.py
[2026-05-28T04:15:35.757+0000] {logging_mixin.py:188} INFO - [2026-05-28T04:15:35.757+0000] {dag.py:3096} INFO - Sync 1 DAGs
[2026-05-28T04:15:35.781+0000] {logging_mixin.py:188} INFO - [2026-05-28T04:15:35.781+0000] {dag.py:3954} INFO - Setting next_dagrun for flight_pipeline to 2026-05-28 04:00:00+00:00, run_after=2026-05-28 05:00:00+00:00
[2026-05-28T04:15:35.802+0000] {processor.py:183} INFO - Processing /opt/airflow/dags/flight_pipeline.py took 0.113 seconds
[2026-05-28T04:16:06.716+0000] {processor.py:161} INFO - Started process (PID=3828) to work on /opt/airflow/dags/flight_pipeline.py
[2026-05-28T04:16:06.717+0000] {processor.py:830} INFO - Processing file /opt/airflow/dags/flight_pipeline.py for tasks to queue
[2026-05-28T04:16:06.719+0000] {logging_mixin.py:188} INFO - [2026-05-28T04:16:06.719+0000] {dagbag.py:540} INFO - Filling up the DagBag from /opt/airflow/dags/flight_pipeline.py
[2026-05-28T04:16:06.748+0000] {processor.py:840} INFO - DAG(s) 'flight_pipeline' retrieved from /opt/airflow/dags/flight_pipeline.py
[2026-05-28T04:16:06.776+0000] {logging_mixin.py:188} INFO - [2026-05-28T04:16:06.776+0000] {dag.py:3096} INFO - Sync 1 DAGs
[2026-05-28T04:16:06.799+0000] {logging_mixin.py:188} INFO - [2026-05-28T04:16:06.799+0000] {dag.py:3954} INFO - Setting next_dagrun for flight_pipeline to 2026-05-28 04:00:00+00:00, run_after=2026-05-28 05:00:00+00:00
[2026-05-28T04:16:06.824+0000] {processor.py:183} INFO - Processing /opt/airflow/dags/flight_pipeline.py took 0.117 seconds
[2026-05-28T04:16:37.693+0000] {processor.py:161} INFO - Started process (PID=3833) to work on /opt/airflow/dags/flight_pipeline.py
[2026-05-28T04:16:37.698+0000] {processor.py:830} INFO - Processing file /opt/airflow/dags/flight_pipeline.py for tasks to queue
[2026-05-28T04:16:37.704+0000] {logging_mixin.py:188} INFO - [2026-05-28T04:16:37.703+0000] {dagbag.py:540} INFO - Filling up the DagBag from /opt/airflow/dags/flight_pipeline.py
[2026-05-28T04:16:37.768+0000] {processor.py:840} INFO - DAG(s) 'flight_pipeline' retrieved from /opt/airflow/dags/flight_pipeline.py
[2026-05-28T04:16:37.850+0000] {logging_mixin.py:188} INFO - [2026-05-28T04:16:37.849+0000] {dag.py:3096} INFO - Sync 1 DAGs
[2026-05-28T04:16:37.893+0000] {logging_mixin.py:188} INFO - [2026-05-28T04:16:37.893+0000] {dag.py:3954} INFO - Setting next_dagrun for flight_pipeline to 2026-05-28 04:00:00+00:00, run_after=2026-05-28 05:00:00+00:00
[2026-05-28T04:16:37.915+0000] {processor.py:183} INFO - Processing /opt/airflow/dags/flight_pipeline.py took 0.232 seconds
[2026-05-28T04:17:08.750+0000] {processor.py:161} INFO - Started process (PID=3838) to work on /opt/airflow/dags/flight_pipeline.py
[2026-05-28T04:17:08.751+0000] {processor.py:830} INFO - Processing file /opt/airflow/dags/flight_pipeline.py for tasks to queue
[2026-05-28T04:17:08.753+0000] {logging_mixin.py:188} INFO - [2026-05-28T04:17:08.753+0000] {dagbag.py:540} INFO - Filling up the DagBag from /opt/airflow/dags/flight_pipeline.py
[2026-05-28T04:17:08.769+0000] {processor.py:840} INFO - DAG(s) 'flight_pipeline' retrieved from /opt/airflow/dags/flight_pipeline.py
[2026-05-28T04:17:08.793+0000] {logging_mixin.py:188} INFO - [2026-05-28T04:17:08.793+0000] {dag.py:3096} INFO - Sync 1 DAGs
[2026-05-28T04:17:08.811+0000] {logging_mixin.py:188} INFO - [2026-05-28T04:17:08.811+0000] {dag.py:3954} INFO - Setting next_dagrun for flight_pipeline to 2026-05-28 04:00:00+00:00, run_after=2026-05-28 05:00:00+00:00
[2026-05-28T04:17:08.828+0000] {processor.py:183} INFO - Processing /opt/airflow/dags/flight_pipeline.py took 0.083 seconds
[2026-05-28T04:17:39.672+0000] {processor.py:161} INFO - Started process (PID=3843) to work on /opt/airflow/dags/flight_pipeline.py
[2026-05-28T04:17:39.673+0000] {processor.py:830} INFO - Processing file /opt/airflow/dags/flight_pipeline.py for tasks to queue
[2026-05-28T04:17:39.676+0000] {logging_mixin.py:188} INFO - [2026-05-28T04:17:39.675+0000] {dagbag.py:540} INFO - Filling up the DagBag from /opt/airflow/dags/flight_pipeline.py
[2026-05-28T04:17:39.699+0000] {processor.py:840} INFO - DAG(s) 'flight_pipeline' retrieved from /opt/airflow/dags/flight_pipeline.py
[2026-05-28T04:17:39.736+0000] {logging_mixin.py:188} INFO - [2026-05-28T04:17:39.736+0000] {dag.py:3096} INFO - Sync 1 DAGs
[2026-05-28T04:17:39.763+0000] {logging_mixin.py:188} INFO - [2026-05-28T04:17:39.763+0000] {dag.py:3954} INFO - Setting next_dagrun for flight_pipeline to 2026-05-28 04:00:00+00:00, run_after=2026-05-28 05:00:00+00:00
[2026-05-28T04:17:39.786+0000] {processor.py:183} INFO - Processing /opt/airflow/dags/flight_pipeline.py took 0.122 seconds
[2026-05-28T04:18:10.604+0000] {processor.py:161} INFO - Started process (PID=3848) to work on /opt/airflow/dags/flight_pipeline.py
[2026-05-28T04:18:10.605+0000] {processor.py:830} INFO - Processing file /opt/airflow/dags/flight_pipeline.py for tasks to queue
[2026-05-28T04:18:10.607+0000] {logging_mixin.py:188} INFO - [2026-05-28T04:18:10.606+0000] {dagbag.py:540} INFO - Filling up the DagBag from /opt/airflow/dags/flight_pipeline.py
[2026-05-28T04:18:10.624+0000] {processor.py:840} INFO - DAG(s) 'flight_pipeline' retrieved from /opt/airflow/dags/flight_pipeline.py
[2026-05-28T04:18:10.648+0000] {logging_mixin.py:188} INFO - [2026-05-28T04:18:10.648+0000] {dag.py:3096} INFO - Sync 1 DAGs
[2026-05-28T04:18:10.666+0000] {logging_mixin.py:188} INFO - [2026-05-28T04:18:10.666+0000] {dag.py:3954} INFO - Setting next_dagrun for flight_pipeline to 2026-05-28 04:00:00+00:00, run_after=2026-05-28 05:00:00+00:00
[2026-05-28T04:18:10.683+0000] {processor.py:183} INFO - Processing /opt/airflow/dags/flight_pipeline.py took 0.084 seconds
[2026-05-28T04:18:41.583+0000] {processor.py:161} INFO - Started process (PID=3853) to work on /opt/airflow/dags/flight_pipeline.py
[2026-05-28T04:18:41.584+0000] {processor.py:830} INFO - Processing file /opt/airflow/dags/flight_pipeline.py for tasks to queue
[2026-05-28T04:18:41.586+0000] {logging_mixin.py:188} INFO - [2026-05-28T04:18:41.586+0000] {dagbag.py:540} INFO - Filling up the DagBag from /opt/airflow/dags/flight_pipeline.py
[2026-05-28T04:18:41.607+0000] {processor.py:840} INFO - DAG(s) 'flight_pipeline' retrieved from /opt/airflow/dags/flight_pipeline.py
[2026-05-28T04:18:41.646+0000] {logging_mixin.py:188} INFO - [2026-05-28T04:18:41.645+0000] {dag.py:3096} INFO - Sync 1 DAGs
[2026-05-28T04:18:41.676+0000] {logging_mixin.py:188} INFO - [2026-05-28T04:18:41.676+0000] {dag.py:3954} INFO - Setting next_dagrun for flight_pipeline to 2026-05-28 04:00:00+00:00, run_after=2026-05-28 05:00:00+00:00
[2026-05-28T04:18:41.697+0000] {processor.py:183} INFO - Processing /opt/airflow/dags/flight_pipeline.py took 0.120 seconds
[2026-05-28T04:19:12.651+0000] {processor.py:161} INFO - Started process (PID=3858) to work on /opt/airflow/dags/flight_pipeline.py
[2026-05-28T04:19:12.653+0000] {processor.py:830} INFO - Processing file /opt/airflow/dags/flight_pipeline.py for tasks to queue
[2026-05-28T04:19:12.656+0000] {logging_mixin.py:188} INFO - [2026-05-28T04:19:12.656+0000] {dagbag.py:540} INFO - Filling up the DagBag from /opt/airflow/dags/flight_pipeline.py
[2026-05-28T04:19:12.675+0000] {processor.py:840} INFO - DAG(s) 'flight_pipeline' retrieved from /opt/airflow/dags/flight_pipeline.py
[2026-05-28T04:19:12.712+0000] {logging_mixin.py:188} INFO - [2026-05-28T04:19:12.712+0000] {dag.py:3096} INFO - Sync 1 DAGs
[2026-05-28T04:19:12.738+0000] {logging_mixin.py:188} INFO - [2026-05-28T04:19:12.738+0000] {dag.py:3954} INFO - Setting next_dagrun for flight_pipeline to 2026-05-28 04:00:00+00:00, run_after=2026-05-28 05:00:00+00:00
[2026-05-28T04:19:12.760+0000] {processor.py:183} INFO - Processing /opt/airflow/dags/flight_pipeline.py took 0.120 seconds
[2026-05-28T04:19:43.686+0000] {processor.py:161} INFO - Started process (PID=3863) to work on /opt/airflow/dags/flight_pipeline.py
[2026-05-28T04:19:43.687+0000] {processor.py:830} INFO - Processing file /opt/airflow/dags/flight_pipeline.py for tasks to queue
[2026-05-28T04:19:43.689+0000] {logging_mixin.py:188} INFO - [2026-05-28T04:19:43.688+0000] {dagbag.py:540} INFO - Filling up the DagBag from /opt/airflow/dags/flight_pipeline.py
[2026-05-28T04:19:43.710+0000] {processor.py:840} INFO - DAG(s) 'flight_pipeline' retrieved from /opt/airflow/dags/flight_pipeline.py
[2026-05-28T04:19:43.744+0000] {logging_mixin.py:188} INFO - [2026-05-28T04:19:43.743+0000] {dag.py:3096} INFO - Sync 1 DAGs
[2026-05-28T04:19:43.768+0000] {logging_mixin.py:188} INFO - [2026-05-28T04:19:43.768+0000] {dag.py:3954} INFO - Setting next_dagrun for flight_pipeline to 2026-05-28 04:00:00+00:00, run_after=2026-05-28 05:00:00+00:00
[2026-05-28T04:19:43.789+0000] {processor.py:183} INFO - Processing /opt/airflow/dags/flight_pipeline.py took 0.111 seconds
[2026-05-28T04:20:14.625+0000] {processor.py:161} INFO - Started process (PID=3868) to work on /opt/airflow/dags/flight_pipeline.py
[2026-05-28T04:20:14.626+0000] {processor.py:830} INFO - Processing file /opt/airflow/dags/flight_pipeline.py for tasks to queue
[2026-05-28T04:20:14.628+0000] {logging_mixin.py:188} INFO - [2026-05-28T04:20:14.628+0000] {dagbag.py:540} INFO - Filling up the DagBag from /opt/airflow/dags/flight_pipeline.py
[2026-05-28T04:20:14.644+0000] {processor.py:840} INFO - DAG(s) 'flight_pipeline' retrieved from /opt/airflow/dags/flight_pipeline.py
[2026-05-28T04:20:14.668+0000] {logging_mixin.py:188} INFO - [2026-05-28T04:20:14.668+0000] {dag.py:3096} INFO - Sync 1 DAGs
[2026-05-28T04:20:14.686+0000] {logging_mixin.py:188} INFO - [2026-05-28T04:20:14.685+0000] {dag.py:3954} INFO - Setting next_dagrun for flight_pipeline to 2026-05-28 04:00:00+00:00, run_after=2026-05-28 05:00:00+00:00
[2026-05-28T04:20:14.702+0000] {processor.py:183} INFO - Processing /opt/airflow/dags/flight_pipeline.py took 0.082 seconds
[2026-05-28T04:20:45.655+0000] {processor.py:161} INFO - Started process (PID=3873) to work on /opt/airflow/dags/flight_pipeline.py
[2026-05-28T04:20:45.655+0000] {processor.py:830} INFO - Processing file /opt/airflow/dags/flight_pipeline.py for tasks to queue
[2026-05-28T04:20:45.657+0000] {logging_mixin.py:188} INFO - [2026-05-28T04:20:45.657+0000] {dagbag.py:540} INFO - Filling up the DagBag from /opt/airflow/dags/flight_pipeline.py
[2026-05-28T04:20:45.678+0000] {processor.py:840} INFO - DAG(s) 'flight_pipeline' retrieved from /opt/airflow/dags/flight_pipeline.py
[2026-05-28T04:20:45.706+0000] {logging_mixin.py:188} INFO - [2026-05-28T04:20:45.706+0000] {dag.py:3096} INFO - Sync 1 DAGs
[2026-05-28T04:20:45.729+0000] {logging_mixin.py:188} INFO - [2026-05-28T04:20:45.729+0000] {dag.py:3954} INFO - Setting next_dagrun for flight_pipeline to 2026-05-28 04:00:00+00:00, run_after=2026-05-28 05:00:00+00:00
[2026-05-28T04:20:45.750+0000] {processor.py:183} INFO - Processing /opt/airflow/dags/flight_pipeline.py took 0.101 seconds
[2026-05-28T04:21:16.646+0000] {processor.py:161} INFO - Started process (PID=3878) to work on /opt/airflow/dags/flight_pipeline.py
[2026-05-28T04:21:16.648+0000] {processor.py:830} INFO - Processing file /opt/airflow/dags/flight_pipeline.py for tasks to queue
[2026-05-28T04:21:16.650+0000] {logging_mixin.py:188} INFO - [2026-05-28T04:21:16.650+0000] {dagbag.py:540} INFO - Filling up the DagBag from /opt/airflow/dags/flight_pipeline.py
[2026-05-28T04:21:16.670+0000] {processor.py:840} INFO - DAG(s) 'flight_pipeline' retrieved from /opt/airflow/dags/flight_pipeline.py
[2026-05-28T04:21:16.699+0000] {logging_mixin.py:188} INFO - [2026-05-28T04:21:16.698+0000] {dag.py:3096} INFO - Sync 1 DAGs
[2026-05-28T04:21:16.720+0000] {logging_mixin.py:188} INFO - [2026-05-28T04:21:16.719+0000] {dag.py:3954} INFO - Setting next_dagrun for flight_pipeline to 2026-05-28 04:00:00+00:00, run_after=2026-05-28 05:00:00+00:00
[2026-05-28T04:21:16.736+0000] {processor.py:183} INFO - Processing /opt/airflow/dags/flight_pipeline.py took 0.097 seconds
[2026-05-28T04:21:47.644+0000] {processor.py:161} INFO - Started process (PID=3883) to work on /opt/airflow/dags/flight_pipeline.py
[2026-05-28T04:21:47.645+0000] {processor.py:830} INFO - Processing file /opt/airflow/dags/flight_pipeline.py for tasks to queue
[2026-05-28T04:21:47.647+0000] {logging_mixin.py:188} INFO - [2026-05-28T04:21:47.646+0000] {dagbag.py:540} INFO - Filling up the DagBag from /opt/airflow/dags/flight_pipeline.py
[2026-05-28T04:21:47.665+0000] {processor.py:840} INFO - DAG(s) 'flight_pipeline' retrieved from /opt/airflow/dags/flight_pipeline.py
[2026-05-28T04:21:47.693+0000] {logging_mixin.py:188} INFO - [2026-05-28T04:21:47.693+0000] {dag.py:3096} INFO - Sync 1 DAGs
[2026-05-28T04:21:47.714+0000] {logging_mixin.py:188} INFO - [2026-05-28T04:21:47.713+0000] {dag.py:3954} INFO - Setting next_dagrun for flight_pipeline to 2026-05-28 04:00:00+00:00, run_after=2026-05-28 05:00:00+00:00
[2026-05-28T04:21:47.731+0000] {processor.py:183} INFO - Processing /opt/airflow/dags/flight_pipeline.py took 0.094 seconds
[2026-05-28T04:22:18.608+0000] {processor.py:161} INFO - Started process (PID=3888) to work on /opt/airflow/dags/flight_pipeline.py
[2026-05-28T04:22:18.610+0000] {processor.py:830} INFO - Processing file /opt/airflow/dags/flight_pipeline.py for tasks to queue
[2026-05-28T04:22:18.612+0000] {logging_mixin.py:188} INFO - [2026-05-28T04:22:18.612+0000] {dagbag.py:540} INFO - Filling up the DagBag from /opt/airflow/dags/flight_pipeline.py
[2026-05-28T04:22:18.633+0000] {processor.py:840} INFO - DAG(s) 'flight_pipeline' retrieved from /opt/airflow/dags/flight_pipeline.py
[2026-05-28T04:22:18.667+0000] {logging_mixin.py:188} INFO - [2026-05-28T04:22:18.667+0000] {dag.py:3096} INFO - Sync 1 DAGs
[2026-05-28T04:22:18.695+0000] {logging_mixin.py:188} INFO - [2026-05-28T04:22:18.694+0000] {dag.py:3954} INFO - Setting next_dagrun for flight_pipeline to 2026-05-28 04:00:00+00:00, run_after=2026-05-28 05:00:00+00:00
[2026-05-28T04:22:18.718+0000] {processor.py:183} INFO - Processing /opt/airflow/dags/flight_pipeline.py took 0.118 seconds
[2026-05-28T04:22:49.664+0000] {processor.py:161} INFO - Started process (PID=3893) to work on /opt/airflow/dags/flight_pipeline.py
[2026-05-28T04:22:49.665+0000] {processor.py:830} INFO - Processing file /opt/airflow/dags/flight_pipeline.py for tasks to queue
[2026-05-28T04:22:49.666+0000] {logging_mixin.py:188} INFO - [2026-05-28T04:22:49.666+0000] {dagbag.py:540} INFO - Filling up the DagBag from /opt/airflow/dags/flight_pipeline.py
[2026-05-28T04:22:49.685+0000] {processor.py:840} INFO - DAG(s) 'flight_pipeline' retrieved from /opt/airflow/dags/flight_pipeline.py
[2026-05-28T04:22:49.714+0000] {logging_mixin.py:188} INFO - [2026-05-28T04:22:49.714+0000] {dag.py:3096} INFO - Sync 1 DAGs
[2026-05-28T04:22:49.733+0000] {logging_mixin.py:188} INFO - [2026-05-28T04:22:49.733+0000] {dag.py:3954} INFO - Setting next_dagrun for flight_pipeline to 2026-05-28 04:00:00+00:00, run_after=2026-05-28 05:00:00+00:00
[2026-05-28T04:22:49.752+0000] {processor.py:183} INFO - Processing /opt/airflow/dags/flight_pipeline.py took 0.093 seconds
[2026-05-28T04:23:20.634+0000] {processor.py:161} INFO - Started process (PID=3898) to work on /opt/airflow/dags/flight_pipeline.py
[2026-05-28T04:23:20.635+0000] {processor.py:830} INFO - Processing file /opt/airflow/dags/flight_pipeline.py for tasks to queue
[2026-05-28T04:23:20.637+0000] {logging_mixin.py:188} INFO - [2026-05-28T04:23:20.636+0000] {dagbag.py:540} INFO - Filling up the DagBag from /opt/airflow/dags/flight_pipeline.py
[2026-05-28T04:23:20.655+0000] {processor.py:840} INFO - DAG(s) 'flight_pipeline' retrieved from /opt/airflow/dags/flight_pipeline.py
[2026-05-28T04:23:20.684+0000] {logging_mixin.py:188} INFO - [2026-05-28T04:23:20.683+0000] {dag.py:3096} INFO - Sync 1 DAGs
[2026-05-28T04:23:20.706+0000] {logging_mixin.py:188} INFO - [2026-05-28T04:23:20.706+0000] {dag.py:3954} INFO - Setting next_dagrun for flight_pipeline to 2026-05-28 04:00:00+00:00, run_after=2026-05-28 05:00:00+00:00
[2026-05-28T04:23:20.738+0000] {processor.py:183} INFO - Processing /opt/airflow/dags/flight_pipeline.py took 0.110 seconds
[2026-05-28T04:23:51.669+0000] {processor.py:161} INFO - Started process (PID=3903) to work on /opt/airflow/dags/flight_pipeline.py
[2026-05-28T04:23:51.670+0000] {processor.py:830} INFO - Processing file /opt/airflow/dags/flight_pipeline.py for tasks to queue
[2026-05-28T04:23:51.672+0000] {logging_mixin.py:188} INFO - [2026-05-28T04:23:51.672+0000] {dagbag.py:540} INFO - Filling up the DagBag from /opt/airflow/dags/flight_pipeline.py
[2026-05-28T04:23:51.692+0000] {processor.py:840} INFO - DAG(s) 'flight_pipeline' retrieved from /opt/airflow/dags/flight_pipeline.py
[2026-05-28T04:23:51.724+0000] {logging_mixin.py:188} INFO - [2026-05-28T04:23:51.723+0000] {dag.py:3096} INFO - Sync 1 DAGs
[2026-05-28T04:23:51.749+0000] {logging_mixin.py:188} INFO - [2026-05-28T04:23:51.749+0000] {dag.py:3954} INFO - Setting next_dagrun for flight_pipeline to 2026-05-28 04:00:00+00:00, run_after=2026-05-28 05:00:00+00:00
[2026-05-28T04:23:51.767+0000] {processor.py:183} INFO - Processing /opt/airflow/dags/flight_pipeline.py took 0.107 seconds
[2026-05-28T04:24:22.636+0000] {processor.py:161} INFO - Started process (PID=3908) to work on /opt/airflow/dags/flight_pipeline.py
[2026-05-28T04:24:22.637+0000] {processor.py:830} INFO - Processing file /opt/airflow/dags/flight_pipeline.py for tasks to queue
[2026-05-28T04:24:22.639+0000] {logging_mixin.py:188} INFO - [2026-05-28T04:24:22.639+0000] {dagbag.py:540} INFO - Filling up the DagBag from /opt/airflow/dags/flight_pipeline.py
[2026-05-28T04:24:22.661+0000] {processor.py:840} INFO - DAG(s) 'flight_pipeline' retrieved from /opt/airflow/dags/flight_pipeline.py
[2026-05-28T04:24:22.695+0000] {logging_mixin.py:188} INFO - [2026-05-28T04:24:22.695+0000] {dag.py:3096} INFO - Sync 1 DAGs
[2026-05-28T04:24:22.722+0000] {logging_mixin.py:188} INFO - [2026-05-28T04:24:22.721+0000] {dag.py:3954} INFO - Setting next_dagrun for flight_pipeline to 2026-05-28 04:00:00+00:00, run_after=2026-05-28 05:00:00+00:00
[2026-05-28T04:24:22.743+0000] {processor.py:183} INFO - Processing /opt/airflow/dags/flight_pipeline.py took 0.114 seconds
[2026-05-28T04:24:53.687+0000] {processor.py:161} INFO - Started process (PID=3913) to work on /opt/airflow/dags/flight_pipeline.py
[2026-05-28T04:24:53.688+0000] {processor.py:830} INFO - Processing file /opt/airflow/dags/flight_pipeline.py for tasks to queue
[2026-05-28T04:24:53.690+0000] {logging_mixin.py:188} INFO - [2026-05-28T04:24:53.690+0000] {dagbag.py:540} INFO - Filling up the DagBag from /opt/airflow/dags/flight_pipeline.py
[2026-05-28T04:24:53.711+0000] {processor.py:840} INFO - DAG(s) 'flight_pipeline' retrieved from /opt/airflow/dags/flight_pipeline.py
[2026-05-28T04:24:53.743+0000] {logging_mixin.py:188} INFO - [2026-05-28T04:24:53.743+0000] {dag.py:3096} INFO - Sync 1 DAGs
[2026-05-28T04:24:53.766+0000] {logging_mixin.py:188} INFO - [2026-05-28T04:24:53.766+0000] {dag.py:3954} INFO - Setting next_dagrun for flight_pipeline to 2026-05-28 04:00:00+00:00, run_after=2026-05-28 05:00:00+00:00
[2026-05-28T04:24:53.788+0000] {processor.py:183} INFO - Processing /opt/airflow/dags/flight_pipeline.py took 0.109 seconds
[2026-05-28T04:25:24.740+0000] {processor.py:161} INFO - Started process (PID=3918) to work on /opt/airflow/dags/flight_pipeline.py
[2026-05-28T04:25:24.742+0000] {processor.py:830} INFO - Processing file /opt/airflow/dags/flight_pipeline.py for tasks to queue
[2026-05-28T04:25:24.744+0000] {logging_mixin.py:188} INFO - [2026-05-28T04:25:24.744+0000] {dagbag.py:540} INFO - Filling up the DagBag from /opt/airflow/dags/flight_pipeline.py
[2026-05-28T04:25:24.764+0000] {processor.py:840} INFO - DAG(s) 'flight_pipeline' retrieved from /opt/airflow/dags/flight_pipeline.py
[2026-05-28T04:25:24.793+0000] {logging_mixin.py:188} INFO - [2026-05-28T04:25:24.793+0000] {dag.py:3096} INFO - Sync 1 DAGs
[2026-05-28T04:25:24.815+0000] {logging_mixin.py:188} INFO - [2026-05-28T04:25:24.815+0000] {dag.py:3954} INFO - Setting next_dagrun for flight_pipeline to 2026-05-28 04:00:00+00:00, run_after=2026-05-28 05:00:00+00:00
[2026-05-28T04:25:24.832+0000] {processor.py:183} INFO - Processing /opt/airflow/dags/flight_pipeline.py took 0.099 seconds
[2026-05-28T04:25:55.742+0000] {processor.py:161} INFO - Started process (PID=3923) to work on /opt/airflow/dags/flight_pipeline.py
[2026-05-28T04:25:55.743+0000] {processor.py:830} INFO - Processing file /opt/airflow/dags/flight_pipeline.py for tasks to queue
[2026-05-28T04:25:55.744+0000] {logging_mixin.py:188} INFO - [2026-05-28T04:25:55.744+0000] {dagbag.py:540} INFO - Filling up the DagBag from /opt/airflow/dags/flight_pipeline.py
[2026-05-28T04:25:55.762+0000] {processor.py:840} INFO - DAG(s) 'flight_pipeline' retrieved from /opt/airflow/dags/flight_pipeline.py
[2026-05-28T04:25:55.787+0000] {logging_mixin.py:188} INFO - [2026-05-28T04:25:55.787+0000] {dag.py:3096} INFO - Sync 1 DAGs
[2026-05-28T04:25:55.805+0000] {logging_mixin.py:188} INFO - [2026-05-28T04:25:55.805+0000] {dag.py:3954} INFO - Setting next_dagrun for flight_pipeline to 2026-05-28 04:00:00+00:00, run_after=2026-05-28 05:00:00+00:00
[2026-05-28T04:25:55.824+0000] {processor.py:183} INFO - Processing /opt/airflow/dags/flight_pipeline.py took 0.088 seconds
[2026-05-28T04:26:26.855+0000] {processor.py:161} INFO - Started process (PID=3928) to work on /opt/airflow/dags/flight_pipeline.py
[2026-05-28T04:26:26.855+0000] {processor.py:830} INFO - Processing file /opt/airflow/dags/flight_pipeline.py for tasks to queue
[2026-05-28T04:26:26.857+0000] {logging_mixin.py:188} INFO - [2026-05-28T04:26:26.857+0000] {dagbag.py:540} INFO - Filling up the DagBag from /opt/airflow/dags/flight_pipeline.py
[2026-05-28T04:26:26.877+0000] {processor.py:840} INFO - DAG(s) 'flight_pipeline' retrieved from /opt/airflow/dags/flight_pipeline.py
[2026-05-28T04:26:26.902+0000] {logging_mixin.py:188} INFO - [2026-05-28T04:26:26.902+0000] {dag.py:3096} INFO - Sync 1 DAGs
[2026-05-28T04:26:26.922+0000] {logging_mixin.py:188} INFO - [2026-05-28T04:26:26.922+0000] {dag.py:3954} INFO - Setting next_dagrun for flight_pipeline to 2026-05-28 04:00:00+00:00, run_after=2026-05-28 05:00:00+00:00
[2026-05-28T04:26:26.943+0000] {processor.py:183} INFO - Processing /opt/airflow/dags/flight_pipeline.py took 0.094 seconds
[2026-05-28T04:26:57.857+0000] {processor.py:161} INFO - Started process (PID=3933) to work on /opt/airflow/dags/flight_pipeline.py
[2026-05-28T04:26:57.858+0000] {processor.py:830} INFO - Processing file /opt/airflow/dags/flight_pipeline.py for tasks to queue
[2026-05-28T04:26:57.860+0000] {logging_mixin.py:188} INFO - [2026-05-28T04:26:57.860+0000] {dagbag.py:540} INFO - Filling up the DagBag from /opt/airflow/dags/flight_pipeline.py
[2026-05-28T04:26:57.878+0000] {processor.py:840} INFO - DAG(s) 'flight_pipeline' retrieved from /opt/airflow/dags/flight_pipeline.py
[2026-05-28T04:26:57.908+0000] {logging_mixin.py:188} INFO - [2026-05-28T04:26:57.908+0000] {dag.py:3096} INFO - Sync 1 DAGs
[2026-05-28T04:26:57.932+0000] {logging_mixin.py:188} INFO - [2026-05-28T04:26:57.932+0000] {dag.py:3954} INFO - Setting next_dagrun for flight_pipeline to 2026-05-28 04:00:00+00:00, run_after=2026-05-28 05:00:00+00:00
[2026-05-28T04:26:57.952+0000] {processor.py:183} INFO - Processing /opt/airflow/dags/flight_pipeline.py took 0.102 seconds
[2026-05-28T04:27:28.892+0000] {processor.py:161} INFO - Started process (PID=3938) to work on /opt/airflow/dags/flight_pipeline.py
[2026-05-28T04:27:28.894+0000] {processor.py:830} INFO - Processing file /opt/airflow/dags/flight_pipeline.py for tasks to queue
[2026-05-28T04:27:28.896+0000] {logging_mixin.py:188} INFO - [2026-05-28T04:27:28.895+0000] {dagbag.py:540} INFO - Filling up the DagBag from /opt/airflow/dags/flight_pipeline.py
[2026-05-28T04:27:28.917+0000] {processor.py:840} INFO - DAG(s) 'flight_pipeline' retrieved from /opt/airflow/dags/flight_pipeline.py
[2026-05-28T04:27:28.954+0000] {logging_mixin.py:188} INFO - [2026-05-28T04:27:28.954+0000] {dag.py:3096} INFO - Sync 1 DAGs
[2026-05-28T04:27:28.985+0000] {logging_mixin.py:188} INFO - [2026-05-28T04:27:28.985+0000] {dag.py:3954} INFO - Setting next_dagrun for flight_pipeline to 2026-05-28 04:00:00+00:00, run_after=2026-05-28 05:00:00+00:00
[2026-05-28T04:27:29.009+0000] {processor.py:183} INFO - Processing /opt/airflow/dags/flight_pipeline.py took 0.125 seconds
[2026-05-28T04:27:59.859+0000] {processor.py:161} INFO - Started process (PID=3943) to work on /opt/airflow/dags/flight_pipeline.py
[2026-05-28T04:27:59.861+0000] {processor.py:830} INFO - Processing file /opt/airflow/dags/flight_pipeline.py for tasks to queue
[2026-05-28T04:27:59.863+0000] {logging_mixin.py:188} INFO - [2026-05-28T04:27:59.863+0000] {dagbag.py:540} INFO - Filling up the DagBag from /opt/airflow/dags/flight_pipeline.py
[2026-05-28T04:27:59.888+0000] {processor.py:840} INFO - DAG(s) 'flight_pipeline' retrieved from /opt/airflow/dags/flight_pipeline.py
[2026-05-28T04:27:59.931+0000] {logging_mixin.py:188} INFO - [2026-05-28T04:27:59.931+0000] {dag.py:3096} INFO - Sync 1 DAGs
[2026-05-28T04:27:59.964+0000] {logging_mixin.py:188} INFO - [2026-05-28T04:27:59.964+0000] {dag.py:3954} INFO - Setting next_dagrun for flight_pipeline to 2026-05-28 04:00:00+00:00, run_after=2026-05-28 05:00:00+00:00
[2026-05-28T04:27:59.984+0000] {processor.py:183} INFO - Processing /opt/airflow/dags/flight_pipeline.py took 0.132 seconds
[2026-05-28T04:28:30.928+0000] {processor.py:161} INFO - Started process (PID=3948) to work on /opt/airflow/dags/flight_pipeline.py
[2026-05-28T04:28:30.929+0000] {processor.py:830} INFO - Processing file /opt/airflow/dags/flight_pipeline.py for tasks to queue
[2026-05-28T04:28:30.931+0000] {logging_mixin.py:188} INFO - [2026-05-28T04:28:30.930+0000] {dagbag.py:540} INFO - Filling up the DagBag from /opt/airflow/dags/flight_pipeline.py
[2026-05-28T04:28:30.951+0000] {processor.py:840} INFO - DAG(s) 'flight_pipeline' retrieved from /opt/airflow/dags/flight_pipeline.py
[2026-05-28T04:28:30.984+0000] {logging_mixin.py:188} INFO - [2026-05-28T04:28:30.983+0000] {dag.py:3096} INFO - Sync 1 DAGs
[2026-05-28T04:28:31.011+0000] {logging_mixin.py:188} INFO - [2026-05-28T04:28:31.011+0000] {dag.py:3954} INFO - Setting next_dagrun for flight_pipeline to 2026-05-28 04:00:00+00:00, run_after=2026-05-28 05:00:00+00:00
[2026-05-28T04:28:31.034+0000] {processor.py:183} INFO - Processing /opt/airflow/dags/flight_pipeline.py took 0.113 seconds
[2026-05-28T04:29:01.931+0000] {processor.py:161} INFO - Started process (PID=3953) to work on /opt/airflow/dags/flight_pipeline.py
[2026-05-28T04:29:01.932+0000] {processor.py:830} INFO - Processing file /opt/airflow/dags/flight_pipeline.py for tasks to queue
[2026-05-28T04:29:01.935+0000] {logging_mixin.py:188} INFO - [2026-05-28T04:29:01.934+0000] {dagbag.py:540} INFO - Filling up the DagBag from /opt/airflow/dags/flight_pipeline.py
[2026-05-28T04:29:01.955+0000] {processor.py:840} INFO - DAG(s) 'flight_pipeline' retrieved from /opt/airflow/dags/flight_pipeline.py
[2026-05-28T04:29:01.991+0000] {logging_mixin.py:188} INFO - [2026-05-28T04:29:01.991+0000] {dag.py:3096} INFO - Sync 1 DAGs
[2026-05-28T04:29:02.017+0000] {logging_mixin.py:188} INFO - [2026-05-28T04:29:02.017+0000] {dag.py:3954} INFO - Setting next_dagrun for flight_pipeline to 2026-05-28 04:00:00+00:00, run_after=2026-05-28 05:00:00+00:00
[2026-05-28T04:29:02.039+0000] {processor.py:183} INFO - Processing /opt/airflow/dags/flight_pipeline.py took 0.116 seconds
[2026-05-28T04:29:32.926+0000] {processor.py:161} INFO - Started process (PID=3958) to work on /opt/airflow/dags/flight_pipeline.py
[2026-05-28T04:29:32.927+0000] {processor.py:830} INFO - Processing file /opt/airflow/dags/flight_pipeline.py for tasks to queue
[2026-05-28T04:29:32.929+0000] {logging_mixin.py:188} INFO - [2026-05-28T04:29:32.929+0000] {dagbag.py:540} INFO - Filling up the DagBag from /opt/airflow/dags/flight_pipeline.py
[2026-05-28T04:29:32.949+0000] {processor.py:840} INFO - DAG(s) 'flight_pipeline' retrieved from /opt/airflow/dags/flight_pipeline.py
[2026-05-28T04:29:32.978+0000] {logging_mixin.py:188} INFO - [2026-05-28T04:29:32.978+0000] {dag.py:3096} INFO - Sync 1 DAGs
[2026-05-28T04:29:32.999+0000] {logging_mixin.py:188} INFO - [2026-05-28T04:29:32.999+0000] {dag.py:3954} INFO - Setting next_dagrun for flight_pipeline to 2026-05-28 04:00:00+00:00, run_after=2026-05-28 05:00:00+00:00
[2026-05-28T04:29:33.019+0000] {processor.py:183} INFO - Processing /opt/airflow/dags/flight_pipeline.py took 0.100 seconds
[2026-05-28T04:30:03.967+0000] {processor.py:161} INFO - Started process (PID=3963) to work on /opt/airflow/dags/flight_pipeline.py
[2026-05-28T04:30:03.968+0000] {processor.py:830} INFO - Processing file /opt/airflow/dags/flight_pipeline.py for tasks to queue
[2026-05-28T04:30:03.970+0000] {logging_mixin.py:188} INFO - [2026-05-28T04:30:03.969+0000] {dagbag.py:540} INFO - Filling up the DagBag from /opt/airflow/dags/flight_pipeline.py
[2026-05-28T04:30:03.986+0000] {processor.py:840} INFO - DAG(s) 'flight_pipeline' retrieved from /opt/airflow/dags/flight_pipeline.py
[2026-05-28T04:30:04.011+0000] {logging_mixin.py:188} INFO - [2026-05-28T04:30:04.011+0000] {dag.py:3096} INFO - Sync 1 DAGs
[2026-05-28T04:30:04.031+0000] {logging_mixin.py:188} INFO - [2026-05-28T04:30:04.031+0000] {dag.py:3954} INFO - Setting next_dagrun for flight_pipeline to 2026-05-28 04:00:00+00:00, run_after=2026-05-28 05:00:00+00:00
[2026-05-28T04:30:04.047+0000] {processor.py:183} INFO - Processing /opt/airflow/dags/flight_pipeline.py took 0.085 seconds
[2026-05-28T04:30:35.003+0000] {processor.py:161} INFO - Started process (PID=3968) to work on /opt/airflow/dags/flight_pipeline.py
[2026-05-28T04:30:35.005+0000] {processor.py:830} INFO - Processing file /opt/airflow/dags/flight_pipeline.py for tasks to queue
[2026-05-28T04:30:35.006+0000] {logging_mixin.py:188} INFO - [2026-05-28T04:30:35.006+0000] {dagbag.py:540} INFO - Filling up the DagBag from /opt/airflow/dags/flight_pipeline.py
[2026-05-28T04:30:35.024+0000] {processor.py:840} INFO - DAG(s) 'flight_pipeline' retrieved from /opt/airflow/dags/flight_pipeline.py
[2026-05-28T04:30:35.048+0000] {logging_mixin.py:188} INFO - [2026-05-28T04:30:35.048+0000] {dag.py:3096} INFO - Sync 1 DAGs
[2026-05-28T04:30:35.068+0000] {logging_mixin.py:188} INFO - [2026-05-28T04:30:35.068+0000] {dag.py:3954} INFO - Setting next_dagrun for flight_pipeline to 2026-05-28 04:00:00+00:00, run_after=2026-05-28 05:00:00+00:00
[2026-05-28T04:30:35.083+0000] {processor.py:183} INFO - Processing /opt/airflow/dags/flight_pipeline.py took 0.093 seconds
[2026-05-28T04:31:06.053+0000] {processor.py:161} INFO - Started process (PID=3973) to work on /opt/airflow/dags/flight_pipeline.py
[2026-05-28T04:31:06.055+0000] {processor.py:830} INFO - Processing file /opt/airflow/dags/flight_pipeline.py for tasks to queue
[2026-05-28T04:31:06.059+0000] {logging_mixin.py:188} INFO - [2026-05-28T04:31:06.058+0000] {dagbag.py:540} INFO - Filling up the DagBag from /opt/airflow/dags/flight_pipeline.py
[2026-05-28T04:31:06.084+0000] {processor.py:840} INFO - DAG(s) 'flight_pipeline' retrieved from /opt/airflow/dags/flight_pipeline.py
[2026-05-28T04:31:06.123+0000] {logging_mixin.py:188} INFO - [2026-05-28T04:31:06.123+0000] {dag.py:3096} INFO - Sync 1 DAGs
[2026-05-28T04:31:06.153+0000] {logging_mixin.py:188} INFO - [2026-05-28T04:31:06.153+0000] {dag.py:3954} INFO - Setting next_dagrun for flight_pipeline to 2026-05-28 04:00:00+00:00, run_after=2026-05-28 05:00:00+00:00
[2026-05-28T04:31:06.176+0000] {processor.py:183} INFO - Processing /opt/airflow/dags/flight_pipeline.py took 0.135 seconds
[2026-05-28T04:31:37.030+0000] {processor.py:161} INFO - Started process (PID=3978) to work on /opt/airflow/dags/flight_pipeline.py
[2026-05-28T04:31:37.031+0000] {processor.py:830} INFO - Processing file /opt/airflow/dags/flight_pipeline.py for tasks to queue
[2026-05-28T04:31:37.033+0000] {logging_mixin.py:188} INFO - [2026-05-28T04:31:37.033+0000] {dagbag.py:540} INFO - Filling up the DagBag from /opt/airflow/dags/flight_pipeline.py
[2026-05-28T04:31:37.053+0000] {processor.py:840} INFO - DAG(s) 'flight_pipeline' retrieved from /opt/airflow/dags/flight_pipeline.py
[2026-05-28T04:31:37.083+0000] {logging_mixin.py:188} INFO - [2026-05-28T04:31:37.082+0000] {dag.py:3096} INFO - Sync 1 DAGs
[2026-05-28T04:31:37.104+0000] {logging_mixin.py:188} INFO - [2026-05-28T04:31:37.104+0000] {dag.py:3954} INFO - Setting next_dagrun for flight_pipeline to 2026-05-28 04:00:00+00:00, run_after=2026-05-28 05:00:00+00:00
[2026-05-28T04:31:37.123+0000] {processor.py:183} INFO - Processing /opt/airflow/dags/flight_pipeline.py took 0.100 seconds
[2026-05-28T04:32:08.060+0000] {processor.py:161} INFO - Started process (PID=3983) to work on /opt/airflow/dags/flight_pipeline.py
[2026-05-28T04:32:08.061+0000] {processor.py:830} INFO - Processing file /opt/airflow/dags/flight_pipeline.py for tasks to queue
[2026-05-28T04:32:08.064+0000] {logging_mixin.py:188} INFO - [2026-05-28T04:32:08.063+0000] {dagbag.py:540} INFO - Filling up the DagBag from /opt/airflow/dags/flight_pipeline.py
[2026-05-28T04:32:08.086+0000] {processor.py:840} INFO - DAG(s) 'flight_pipeline' retrieved from /opt/airflow/dags/flight_pipeline.py
[2026-05-28T04:32:08.122+0000] {logging_mixin.py:188} INFO - [2026-05-28T04:32:08.122+0000] {dag.py:3096} INFO - Sync 1 DAGs
[2026-05-28T04:32:08.147+0000] {logging_mixin.py:188} INFO - [2026-05-28T04:32:08.147+0000] {dag.py:3954} INFO - Setting next_dagrun for flight_pipeline to 2026-05-28 04:00:00+00:00, run_after=2026-05-28 05:00:00+00:00
[2026-05-28T04:32:08.176+0000] {processor.py:183} INFO - Processing /opt/airflow/dags/flight_pipeline.py took 0.124 seconds
[2026-05-28T04:32:39.079+0000] {processor.py:161} INFO - Started process (PID=3988) to work on /opt/airflow/dags/flight_pipeline.py
[2026-05-28T04:32:39.080+0000] {processor.py:830} INFO - Processing file /opt/airflow/dags/flight_pipeline.py for tasks to queue
[2026-05-28T04:32:39.083+0000] {logging_mixin.py:188} INFO - [2026-05-28T04:32:39.082+0000] {dagbag.py:540} INFO - Filling up the DagBag from /opt/airflow/dags/flight_pipeline.py
[2026-05-28T04:32:39.100+0000] {processor.py:840} INFO - DAG(s) 'flight_pipeline' retrieved from /opt/airflow/dags/flight_pipeline.py
[2026-05-28T04:32:39.131+0000] {logging_mixin.py:188} INFO - [2026-05-28T04:32:39.131+0000] {dag.py:3096} INFO - Sync 1 DAGs
[2026-05-28T04:32:39.154+0000] {logging_mixin.py:188} INFO - [2026-05-28T04:32:39.153+0000] {dag.py:3954} INFO - Setting next_dagrun for flight_pipeline to 2026-05-28 04:00:00+00:00, run_after=2026-05-28 05:00:00+00:00
[2026-05-28T04:32:39.176+0000] {processor.py:183} INFO - Processing /opt/airflow/dags/flight_pipeline.py took 0.102 seconds
[2026-05-28T04:33:10.171+0000] {processor.py:161} INFO - Started process (PID=3993) to work on /opt/airflow/dags/flight_pipeline.py
[2026-05-28T04:33:10.173+0000] {processor.py:830} INFO - Processing file /opt/airflow/dags/flight_pipeline.py for tasks to queue
[2026-05-28T04:33:10.175+0000] {logging_mixin.py:188} INFO - [2026-05-28T04:33:10.174+0000] {dagbag.py:540} INFO - Filling up the DagBag from /opt/airflow/dags/flight_pipeline.py
[2026-05-28T04:33:10.194+0000] {processor.py:840} INFO - DAG(s) 'flight_pipeline' retrieved from /opt/airflow/dags/flight_pipeline.py
[2026-05-28T04:33:10.228+0000] {logging_mixin.py:188} INFO - [2026-05-28T04:33:10.227+0000] {dag.py:3096} INFO - Sync 1 DAGs
[2026-05-28T04:33:10.254+0000] {logging_mixin.py:188} INFO - [2026-05-28T04:33:10.254+0000] {dag.py:3954} INFO - Setting next_dagrun for flight_pipeline to 2026-05-28 04:00:00+00:00, run_after=2026-05-28 05:00:00+00:00
[2026-05-28T04:33:10.277+0000] {processor.py:183} INFO - Processing /opt/airflow/dags/flight_pipeline.py took 0.116 seconds
[2026-05-28T04:33:41.122+0000] {processor.py:161} INFO - Started process (PID=3998) to work on /opt/airflow/dags/flight_pipeline.py
[2026-05-28T04:33:41.124+0000] {processor.py:830} INFO - Processing file /opt/airflow/dags/flight_pipeline.py for tasks to queue
[2026-05-28T04:33:41.127+0000] {logging_mixin.py:188} INFO - [2026-05-28T04:33:41.127+0000] {dagbag.py:540} INFO - Filling up the DagBag from /opt/airflow/dags/flight_pipeline.py
[2026-05-28T04:33:41.155+0000] {processor.py:840} INFO - DAG(s) 'flight_pipeline' retrieved from /opt/airflow/dags/flight_pipeline.py
[2026-05-28T04:33:41.196+0000] {logging_mixin.py:188} INFO - [2026-05-28T04:33:41.196+0000] {dag.py:3096} INFO - Sync 1 DAGs
[2026-05-28T04:33:41.225+0000] {logging_mixin.py:188} INFO - [2026-05-28T04:33:41.225+0000] {dag.py:3954} INFO - Setting next_dagrun for flight_pipeline to 2026-05-28 04:00:00+00:00, run_after=2026-05-28 05:00:00+00:00
[2026-05-28T04:33:41.249+0000] {processor.py:183} INFO - Processing /opt/airflow/dags/flight_pipeline.py took 0.138 seconds
[2026-05-28T04:34:12.158+0000] {processor.py:161} INFO - Started process (PID=4003) to work on /opt/airflow/dags/flight_pipeline.py
[2026-05-28T04:34:12.159+0000] {processor.py:830} INFO - Processing file /opt/airflow/dags/flight_pipeline.py for tasks to queue
[2026-05-28T04:34:12.160+0000] {logging_mixin.py:188} INFO - [2026-05-28T04:34:12.160+0000] {dagbag.py:540} INFO - Filling up the DagBag from /opt/airflow/dags/flight_pipeline.py
[2026-05-28T04:34:12.178+0000] {processor.py:840} INFO - DAG(s) 'flight_pipeline' retrieved from /opt/airflow/dags/flight_pipeline.py
[2026-05-28T04:34:12.204+0000] {logging_mixin.py:188} INFO - [2026-05-28T04:34:12.204+0000] {dag.py:3096} INFO - Sync 1 DAGs
[2026-05-28T04:34:12.223+0000] {logging_mixin.py:188} INFO - [2026-05-28T04:34:12.222+0000] {dag.py:3954} INFO - Setting next_dagrun for flight_pipeline to 2026-05-28 04:00:00+00:00, run_after=2026-05-28 05:00:00+00:00
[2026-05-28T04:34:12.238+0000] {processor.py:183} INFO - Processing /opt/airflow/dags/flight_pipeline.py took 0.085 seconds
[2026-05-28T04:34:43.248+0000] {processor.py:161} INFO - Started process (PID=4008) to work on /opt/airflow/dags/flight_pipeline.py
[2026-05-28T04:34:43.249+0000] {processor.py:830} INFO - Processing file /opt/airflow/dags/flight_pipeline.py for tasks to queue
[2026-05-28T04:34:43.253+0000] {logging_mixin.py:188} INFO - [2026-05-28T04:34:43.253+0000] {dagbag.py:540} INFO - Filling up the DagBag from /opt/airflow/dags/flight_pipeline.py
[2026-05-28T04:34:43.280+0000] {processor.py:840} INFO - DAG(s) 'flight_pipeline' retrieved from /opt/airflow/dags/flight_pipeline.py
[2026-05-28T04:34:43.333+0000] {logging_mixin.py:188} INFO - [2026-05-28T04:34:43.333+0000] {dag.py:3096} INFO - Sync 1 DAGs
[2026-05-28T04:34:43.380+0000] {logging_mixin.py:188} INFO - [2026-05-28T04:34:43.380+0000] {dag.py:3954} INFO - Setting next_dagrun for flight_pipeline to 2026-05-28 04:00:00+00:00, run_after=2026-05-28 05:00:00+00:00
[2026-05-28T04:34:43.424+0000] {processor.py:183} INFO - Processing /opt/airflow/dags/flight_pipeline.py took 0.187 seconds
[2026-05-28T04:35:14.255+0000] {processor.py:161} INFO - Started process (PID=4013) to work on /opt/airflow/dags/flight_pipeline.py
[2026-05-28T04:35:14.257+0000] {processor.py:830} INFO - Processing file /opt/airflow/dags/flight_pipeline.py for tasks to queue
[2026-05-28T04:35:14.259+0000] {logging_mixin.py:188} INFO - [2026-05-28T04:35:14.258+0000] {dagbag.py:540} INFO - Filling up the DagBag from /opt/airflow/dags/flight_pipeline.py
[2026-05-28T04:35:14.280+0000] {processor.py:840} INFO - DAG(s) 'flight_pipeline' retrieved from /opt/airflow/dags/flight_pipeline.py
[2026-05-28T04:35:14.311+0000] {logging_mixin.py:188} INFO - [2026-05-28T04:35:14.311+0000] {dag.py:3096} INFO - Sync 1 DAGs
[2026-05-28T04:35:14.333+0000] {logging_mixin.py:188} INFO - [2026-05-28T04:35:14.333+0000] {dag.py:3954} INFO - Setting next_dagrun for flight_pipeline to 2026-05-28 04:00:00+00:00, run_after=2026-05-28 05:00:00+00:00
[2026-05-28T04:35:14.353+0000] {processor.py:183} INFO - Processing /opt/airflow/dags/flight_pipeline.py took 0.105 seconds
[2026-05-28T04:35:45.178+0000] {processor.py:161} INFO - Started process (PID=4018) to work on /opt/airflow/dags/flight_pipeline.py
[2026-05-28T04:35:45.179+0000] {processor.py:830} INFO - Processing file /opt/airflow/dags/flight_pipeline.py for tasks to queue
[2026-05-28T04:35:45.181+0000] {logging_mixin.py:188} INFO - [2026-05-28T04:35:45.180+0000] {dagbag.py:540} INFO - Filling up the DagBag from /opt/airflow/dags/flight_pipeline.py
[2026-05-28T04:35:45.200+0000] {processor.py:840} INFO - DAG(s) 'flight_pipeline' retrieved from /opt/airflow/dags/flight_pipeline.py
[2026-05-28T04:35:45.227+0000] {logging_mixin.py:188} INFO - [2026-05-28T04:35:45.227+0000] {dag.py:3096} INFO - Sync 1 DAGs
[2026-05-28T04:35:45.247+0000] {logging_mixin.py:188} INFO - [2026-05-28T04:35:45.247+0000] {dag.py:3954} INFO - Setting next_dagrun for flight_pipeline to 2026-05-28 04:00:00+00:00, run_after=2026-05-28 05:00:00+00:00
[2026-05-28T04:35:45.264+0000] {processor.py:183} INFO - Processing /opt/airflow/dags/flight_pipeline.py took 0.093 seconds
[2026-05-28T04:36:15.699+0000] {processor.py:161} INFO - Started process (PID=4023) to work on /opt/airflow/dags/flight_pipeline.py
[2026-05-28T04:36:15.700+0000] {processor.py:830} INFO - Processing file /opt/airflow/dags/flight_pipeline.py for tasks to queue
[2026-05-28T04:36:15.702+0000] {logging_mixin.py:188} INFO - [2026-05-28T04:36:15.702+0000] {dagbag.py:540} INFO - Filling up the DagBag from /opt/airflow/dags/flight_pipeline.py
[2026-05-28T04:36:15.720+0000] {processor.py:840} INFO - DAG(s) 'flight_pipeline' retrieved from /opt/airflow/dags/flight_pipeline.py
[2026-05-28T04:36:15.747+0000] {logging_mixin.py:188} INFO - [2026-05-28T04:36:15.746+0000] {dag.py:3096} INFO - Sync 1 DAGs
[2026-05-28T04:36:15.769+0000] {logging_mixin.py:188} INFO - [2026-05-28T04:36:15.769+0000] {dag.py:3954} INFO - Setting next_dagrun for flight_pipeline to 2026-05-28 04:00:00+00:00, run_after=2026-05-28 05:00:00+00:00
[2026-05-28T04:36:15.789+0000] {processor.py:183} INFO - Processing /opt/airflow/dags/flight_pipeline.py took 0.095 seconds
[2026-05-28T04:36:46.214+0000] {processor.py:161} INFO - Started process (PID=4028) to work on /opt/airflow/dags/flight_pipeline.py
[2026-05-28T04:36:46.215+0000] {processor.py:830} INFO - Processing file /opt/airflow/dags/flight_pipeline.py for tasks to queue
[2026-05-28T04:36:46.216+0000] {logging_mixin.py:188} INFO - [2026-05-28T04:36:46.216+0000] {dagbag.py:540} INFO - Filling up the DagBag from /opt/airflow/dags/flight_pipeline.py
[2026-05-28T04:36:46.234+0000] {processor.py:840} INFO - DAG(s) 'flight_pipeline' retrieved from /opt/airflow/dags/flight_pipeline.py
[2026-05-28T04:36:46.264+0000] {logging_mixin.py:188} INFO - [2026-05-28T04:36:46.263+0000] {dag.py:3096} INFO - Sync 1 DAGs
[2026-05-28T04:36:46.287+0000] {logging_mixin.py:188} INFO - [2026-05-28T04:36:46.287+0000] {dag.py:3954} INFO - Setting next_dagrun for flight_pipeline to 2026-05-28 04:00:00+00:00, run_after=2026-05-28 05:00:00+00:00
[2026-05-28T04:36:46.309+0000] {processor.py:183} INFO - Processing /opt/airflow/dags/flight_pipeline.py took 0.101 seconds
[2026-05-28T04:37:17.261+0000] {processor.py:161} INFO - Started process (PID=4033) to work on /opt/airflow/dags/flight_pipeline.py
[2026-05-28T04:37:17.263+0000] {processor.py:830} INFO - Processing file /opt/airflow/dags/flight_pipeline.py for tasks to queue
[2026-05-28T04:37:17.265+0000] {logging_mixin.py:188} INFO - [2026-05-28T04:37:17.265+0000] {dagbag.py:540} INFO - Filling up the DagBag from /opt/airflow/dags/flight_pipeline.py
[2026-05-28T04:37:17.285+0000] {processor.py:840} INFO - DAG(s) 'flight_pipeline' retrieved from /opt/airflow/dags/flight_pipeline.py
[2026-05-28T04:37:17.315+0000] {logging_mixin.py:188} INFO - [2026-05-28T04:37:17.314+0000] {dag.py:3096} INFO - Sync 1 DAGs
[2026-05-28T04:37:17.336+0000] {logging_mixin.py:188} INFO - [2026-05-28T04:37:17.335+0000] {dag.py:3954} INFO - Setting next_dagrun for flight_pipeline to 2026-05-28 04:00:00+00:00, run_after=2026-05-28 05:00:00+00:00
[2026-05-28T04:37:17.353+0000] {processor.py:183} INFO - Processing /opt/airflow/dags/flight_pipeline.py took 0.101 seconds
[2026-05-28T04:37:48.337+0000] {processor.py:161} INFO - Started process (PID=4038) to work on /opt/airflow/dags/flight_pipeline.py
[2026-05-28T04:37:48.338+0000] {processor.py:830} INFO - Processing file /opt/airflow/dags/flight_pipeline.py for tasks to queue
[2026-05-28T04:37:48.340+0000] {logging_mixin.py:188} INFO - [2026-05-28T04:37:48.340+0000] {dagbag.py:540} INFO - Filling up the DagBag from /opt/airflow/dags/flight_pipeline.py
[2026-05-28T04:37:48.364+0000] {processor.py:840} INFO - DAG(s) 'flight_pipeline' retrieved from /opt/airflow/dags/flight_pipeline.py
[2026-05-28T04:37:48.394+0000] {logging_mixin.py:188} INFO - [2026-05-28T04:37:48.394+0000] {dag.py:3096} INFO - Sync 1 DAGs
[2026-05-28T04:37:48.423+0000] {logging_mixin.py:188} INFO - [2026-05-28T04:37:48.423+0000] {dag.py:3954} INFO - Setting next_dagrun for flight_pipeline to 2026-05-28 04:00:00+00:00, run_after=2026-05-28 05:00:00+00:00
[2026-05-28T04:37:48.440+0000] {processor.py:183} INFO - Processing /opt/airflow/dags/flight_pipeline.py took 0.113 seconds
[2026-05-28T04:38:19.343+0000] {processor.py:161} INFO - Started process (PID=4043) to work on /opt/airflow/dags/flight_pipeline.py
[2026-05-28T04:38:19.344+0000] {processor.py:830} INFO - Processing file /opt/airflow/dags/flight_pipeline.py for tasks to queue
[2026-05-28T04:38:19.347+0000] {logging_mixin.py:188} INFO - [2026-05-28T04:38:19.346+0000] {dagbag.py:540} INFO - Filling up the DagBag from /opt/airflow/dags/flight_pipeline.py
[2026-05-28T04:38:19.372+0000] {processor.py:840} INFO - DAG(s) 'flight_pipeline' retrieved from /opt/airflow/dags/flight_pipeline.py
[2026-05-28T04:38:19.403+0000] {logging_mixin.py:188} INFO - [2026-05-28T04:38:19.403+0000] {dag.py:3096} INFO - Sync 1 DAGs
[2026-05-28T04:38:19.431+0000] {logging_mixin.py:188} INFO - [2026-05-28T04:38:19.430+0000] {dag.py:3954} INFO - Setting next_dagrun for flight_pipeline to 2026-05-28 04:00:00+00:00, run_after=2026-05-28 05:00:00+00:00
[2026-05-28T04:38:19.451+0000] {processor.py:183} INFO - Processing /opt/airflow/dags/flight_pipeline.py took 0.115 seconds
[2026-05-28T04:38:50.458+0000] {processor.py:161} INFO - Started process (PID=4048) to work on /opt/airflow/dags/flight_pipeline.py
[2026-05-28T04:38:50.459+0000] {processor.py:830} INFO - Processing file /opt/airflow/dags/flight_pipeline.py for tasks to queue
[2026-05-28T04:38:50.460+0000] {logging_mixin.py:188} INFO - [2026-05-28T04:38:50.460+0000] {dagbag.py:540} INFO - Filling up the DagBag from /opt/airflow/dags/flight_pipeline.py
[2026-05-28T04:38:50.481+0000] {processor.py:840} INFO - DAG(s) 'flight_pipeline' retrieved from /opt/airflow/dags/flight_pipeline.py
[2026-05-28T04:38:50.507+0000] {logging_mixin.py:188} INFO - [2026-05-28T04:38:50.507+0000] {dag.py:3096} INFO - Sync 1 DAGs
[2026-05-28T04:38:50.527+0000] {logging_mixin.py:188} INFO - [2026-05-28T04:38:50.527+0000] {dag.py:3954} INFO - Setting next_dagrun for flight_pipeline to 2026-05-28 04:00:00+00:00, run_after=2026-05-28 05:00:00+00:00
[2026-05-28T04:38:50.549+0000] {processor.py:183} INFO - Processing /opt/airflow/dags/flight_pipeline.py took 0.097 seconds
[2026-05-28T04:39:21.443+0000] {processor.py:161} INFO - Started process (PID=4053) to work on /opt/airflow/dags/flight_pipeline.py
[2026-05-28T04:39:21.444+0000] {processor.py:830} INFO - Processing file /opt/airflow/dags/flight_pipeline.py for tasks to queue
[2026-05-28T04:39:21.445+0000] {logging_mixin.py:188} INFO - [2026-05-28T04:39:21.445+0000] {dagbag.py:540} INFO - Filling up the DagBag from /opt/airflow/dags/flight_pipeline.py
[2026-05-28T04:39:21.464+0000] {processor.py:840} INFO - DAG(s) 'flight_pipeline' retrieved from /opt/airflow/dags/flight_pipeline.py
[2026-05-28T04:39:21.491+0000] {logging_mixin.py:188} INFO - [2026-05-28T04:39:21.491+0000] {dag.py:3096} INFO - Sync 1 DAGs
[2026-05-28T04:39:21.512+0000] {logging_mixin.py:188} INFO - [2026-05-28T04:39:21.512+0000] {dag.py:3954} INFO - Setting next_dagrun for flight_pipeline to 2026-05-28 04:00:00+00:00, run_after=2026-05-28 05:00:00+00:00
[2026-05-28T04:39:21.531+0000] {processor.py:183} INFO - Processing /opt/airflow/dags/flight_pipeline.py took 0.095 seconds
[2026-05-28T04:39:51.578+0000] {processor.py:161} INFO - Started process (PID=4058) to work on /opt/airflow/dags/flight_pipeline.py
[2026-05-28T04:39:51.579+0000] {processor.py:830} INFO - Processing file /opt/airflow/dags/flight_pipeline.py for tasks to queue
[2026-05-28T04:39:51.581+0000] {logging_mixin.py:188} INFO - [2026-05-28T04:39:51.581+0000] {dagbag.py:540} INFO - Filling up the DagBag from /opt/airflow/dags/flight_pipeline.py
[2026-05-28T04:39:51.600+0000] {processor.py:840} INFO - DAG(s) 'flight_pipeline' retrieved from /opt/airflow/dags/flight_pipeline.py
[2026-05-28T04:39:51.629+0000] {logging_mixin.py:188} INFO - [2026-05-28T04:39:51.628+0000] {dag.py:3096} INFO - Sync 1 DAGs
[2026-05-28T04:39:51.655+0000] {logging_mixin.py:188} INFO - [2026-05-28T04:39:51.654+0000] {dag.py:3954} INFO - Setting next_dagrun for flight_pipeline to 2026-05-28 04:00:00+00:00, run_after=2026-05-28 05:00:00+00:00
[2026-05-28T04:39:51.680+0000] {processor.py:183} INFO - Processing /opt/airflow/dags/flight_pipeline.py took 0.108 seconds
[2026-05-28T04:40:21.746+0000] {processor.py:161} INFO - Started process (PID=4063) to work on /opt/airflow/dags/flight_pipeline.py
[2026-05-28T04:40:21.748+0000] {processor.py:830} INFO - Processing file /opt/airflow/dags/flight_pipeline.py for tasks to queue
[2026-05-28T04:40:21.750+0000] {logging_mixin.py:188} INFO - [2026-05-28T04:40:21.750+0000] {dagbag.py:540} INFO - Filling up the DagBag from /opt/airflow/dags/flight_pipeline.py
[2026-05-28T04:40:21.787+0000] {processor.py:840} INFO - DAG(s) 'flight_pipeline' retrieved from /opt/airflow/dags/flight_pipeline.py
[2026-05-28T04:40:21.838+0000] {logging_mixin.py:188} INFO - [2026-05-28T04:40:21.837+0000] {dag.py:3096} INFO - Sync 1 DAGs
[2026-05-28T04:40:21.868+0000] {logging_mixin.py:188} INFO - [2026-05-28T04:40:21.868+0000] {dag.py:3954} INFO - Setting next_dagrun for flight_pipeline to 2026-05-28 04:00:00+00:00, run_after=2026-05-28 05:00:00+00:00
[2026-05-28T04:40:21.900+0000] {processor.py:183} INFO - Processing /opt/airflow/dags/flight_pipeline.py took 0.167 seconds
[2026-05-28T04:40:51.947+0000] {processor.py:161} INFO - Started process (PID=4068) to work on /opt/airflow/dags/flight_pipeline.py
[2026-05-28T04:40:51.948+0000] {processor.py:830} INFO - Processing file /opt/airflow/dags/flight_pipeline.py for tasks to queue
[2026-05-28T04:40:51.950+0000] {logging_mixin.py:188} INFO - [2026-05-28T04:40:51.950+0000] {dagbag.py:540} INFO - Filling up the DagBag from /opt/airflow/dags/flight_pipeline.py
[2026-05-28T04:40:51.969+0000] {processor.py:840} INFO - DAG(s) 'flight_pipeline' retrieved from /opt/airflow/dags/flight_pipeline.py
[2026-05-28T04:40:51.998+0000] {logging_mixin.py:188} INFO - [2026-05-28T04:40:51.997+0000] {dag.py:3096} INFO - Sync 1 DAGs
[2026-05-28T04:40:52.019+0000] {logging_mixin.py:188} INFO - [2026-05-28T04:40:52.019+0000] {dag.py:3954} INFO - Setting next_dagrun for flight_pipeline to 2026-05-28 04:00:00+00:00, run_after=2026-05-28 05:00:00+00:00
[2026-05-28T04:40:52.036+0000] {processor.py:183} INFO - Processing /opt/airflow/dags/flight_pipeline.py took 0.095 seconds
[2026-05-28T04:41:22.881+0000] {processor.py:161} INFO - Started process (PID=4073) to work on /opt/airflow/dags/flight_pipeline.py
[2026-05-28T04:41:22.882+0000] {processor.py:830} INFO - Processing file /opt/airflow/dags/flight_pipeline.py for tasks to queue
[2026-05-28T04:41:22.883+0000] {logging_mixin.py:188} INFO - [2026-05-28T04:41:22.883+0000] {dagbag.py:540} INFO - Filling up the DagBag from /opt/airflow/dags/flight_pipeline.py
[2026-05-28T04:41:22.899+0000] {processor.py:840} INFO - DAG(s) 'flight_pipeline' retrieved from /opt/airflow/dags/flight_pipeline.py
[2026-05-28T04:41:22.928+0000] {logging_mixin.py:188} INFO - [2026-05-28T04:41:22.927+0000] {dag.py:3096} INFO - Sync 1 DAGs
[2026-05-28T04:41:22.949+0000] {logging_mixin.py:188} INFO - [2026-05-28T04:41:22.949+0000] {dag.py:3954} INFO - Setting next_dagrun for flight_pipeline to 2026-05-28 04:00:00+00:00, run_after=2026-05-28 05:00:00+00:00
[2026-05-28T04:41:22.964+0000] {processor.py:183} INFO - Processing /opt/airflow/dags/flight_pipeline.py took 0.090 seconds
[2026-05-28T04:41:53.413+0000] {processor.py:161} INFO - Started process (PID=4078) to work on /opt/airflow/dags/flight_pipeline.py
[2026-05-28T04:41:53.414+0000] {processor.py:830} INFO - Processing file /opt/airflow/dags/flight_pipeline.py for tasks to queue
[2026-05-28T04:41:53.418+0000] {logging_mixin.py:188} INFO - [2026-05-28T04:41:53.418+0000] {dagbag.py:540} INFO - Filling up the DagBag from /opt/airflow/dags/flight_pipeline.py
[2026-05-28T04:41:53.434+0000] {processor.py:840} INFO - DAG(s) 'flight_pipeline' retrieved from /opt/airflow/dags/flight_pipeline.py
[2026-05-28T04:41:53.457+0000] {logging_mixin.py:188} INFO - [2026-05-28T04:41:53.457+0000] {dag.py:3096} INFO - Sync 1 DAGs
[2026-05-28T04:41:53.475+0000] {logging_mixin.py:188} INFO - [2026-05-28T04:41:53.475+0000] {dag.py:3954} INFO - Setting next_dagrun for flight_pipeline to 2026-05-28 04:00:00+00:00, run_after=2026-05-28 05:00:00+00:00
[2026-05-28T04:41:53.492+0000] {processor.py:183} INFO - Processing /opt/airflow/dags/flight_pipeline.py took 0.085 seconds
[2026-05-28T04:42:24.384+0000] {processor.py:161} INFO - Started process (PID=4083) to work on /opt/airflow/dags/flight_pipeline.py
[2026-05-28T04:42:24.385+0000] {processor.py:830} INFO - Processing file /opt/airflow/dags/flight_pipeline.py for tasks to queue
[2026-05-28T04:42:24.388+0000] {logging_mixin.py:188} INFO - [2026-05-28T04:42:24.387+0000] {dagbag.py:540} INFO - Filling up the DagBag from /opt/airflow/dags/flight_pipeline.py
[2026-05-28T04:42:24.407+0000] {processor.py:840} INFO - DAG(s) 'flight_pipeline' retrieved from /opt/airflow/dags/flight_pipeline.py
[2026-05-28T04:42:24.434+0000] {logging_mixin.py:188} INFO - [2026-05-28T04:42:24.434+0000] {dag.py:3096} INFO - Sync 1 DAGs
[2026-05-28T04:42:24.454+0000] {logging_mixin.py:188} INFO - [2026-05-28T04:42:24.454+0000] {dag.py:3954} INFO - Setting next_dagrun for flight_pipeline to 2026-05-28 04:00:00+00:00, run_after=2026-05-28 05:00:00+00:00
[2026-05-28T04:42:24.470+0000] {processor.py:183} INFO - Processing /opt/airflow/dags/flight_pipeline.py took 0.093 seconds
[2026-05-28T04:42:55.419+0000] {processor.py:161} INFO - Started process (PID=4088) to work on /opt/airflow/dags/flight_pipeline.py
[2026-05-28T04:42:55.420+0000] {processor.py:830} INFO - Processing file /opt/airflow/dags/flight_pipeline.py for tasks to queue
[2026-05-28T04:42:55.423+0000] {logging_mixin.py:188} INFO - [2026-05-28T04:42:55.423+0000] {dagbag.py:540} INFO - Filling up the DagBag from /opt/airflow/dags/flight_pipeline.py
[2026-05-28T04:42:55.441+0000] {processor.py:840} INFO - DAG(s) 'flight_pipeline' retrieved from /opt/airflow/dags/flight_pipeline.py
[2026-05-28T04:42:55.470+0000] {logging_mixin.py:188} INFO - [2026-05-28T04:42:55.469+0000] {dag.py:3096} INFO - Sync 1 DAGs
[2026-05-28T04:42:55.491+0000] {logging_mixin.py:188} INFO - [2026-05-28T04:42:55.490+0000] {dag.py:3954} INFO - Setting next_dagrun for flight_pipeline to 2026-05-28 04:00:00+00:00, run_after=2026-05-28 05:00:00+00:00
[2026-05-28T04:42:55.507+0000] {processor.py:183} INFO - Processing /opt/airflow/dags/flight_pipeline.py took 0.095 seconds
[2026-05-28T04:43:26.365+0000] {processor.py:161} INFO - Started process (PID=4093) to work on /opt/airflow/dags/flight_pipeline.py
[2026-05-28T04:43:26.366+0000] {processor.py:830} INFO - Processing file /opt/airflow/dags/flight_pipeline.py for tasks to queue
[2026-05-28T04:43:26.369+0000] {logging_mixin.py:188} INFO - [2026-05-28T04:43:26.368+0000] {dagbag.py:540} INFO - Filling up the DagBag from /opt/airflow/dags/flight_pipeline.py
[2026-05-28T04:43:26.385+0000] {processor.py:840} INFO - DAG(s) 'flight_pipeline' retrieved from /opt/airflow/dags/flight_pipeline.py
[2026-05-28T04:43:26.408+0000] {logging_mixin.py:188} INFO - [2026-05-28T04:43:26.408+0000] {dag.py:3096} INFO - Sync 1 DAGs
[2026-05-28T04:43:26.426+0000] {logging_mixin.py:188} INFO - [2026-05-28T04:43:26.426+0000] {dag.py:3954} INFO - Setting next_dagrun for flight_pipeline to 2026-05-28 04:00:00+00:00, run_after=2026-05-28 05:00:00+00:00
[2026-05-28T04:43:26.441+0000] {processor.py:183} INFO - Processing /opt/airflow/dags/flight_pipeline.py took 0.081 seconds
[2026-05-28T04:43:57.357+0000] {processor.py:161} INFO - Started process (PID=4098) to work on /opt/airflow/dags/flight_pipeline.py
[2026-05-28T04:43:57.359+0000] {processor.py:830} INFO - Processing file /opt/airflow/dags/flight_pipeline.py for tasks to queue
[2026-05-28T04:43:57.362+0000] {logging_mixin.py:188} INFO - [2026-05-28T04:43:57.361+0000] {dagbag.py:540} INFO - Filling up the DagBag from /opt/airflow/dags/flight_pipeline.py
[2026-05-28T04:43:57.381+0000] {processor.py:840} INFO - DAG(s) 'flight_pipeline' retrieved from /opt/airflow/dags/flight_pipeline.py
[2026-05-28T04:43:57.409+0000] {logging_mixin.py:188} INFO - [2026-05-28T04:43:57.409+0000] {dag.py:3096} INFO - Sync 1 DAGs
[2026-05-28T04:43:57.430+0000] {logging_mixin.py:188} INFO - [2026-05-28T04:43:57.429+0000] {dag.py:3954} INFO - Setting next_dagrun for flight_pipeline to 2026-05-28 04:00:00+00:00, run_after=2026-05-28 05:00:00+00:00
[2026-05-28T04:43:57.448+0000] {processor.py:183} INFO - Processing /opt/airflow/dags/flight_pipeline.py took 0.097 seconds
[2026-05-28T04:44:28.410+0000] {processor.py:161} INFO - Started process (PID=4103) to work on /opt/airflow/dags/flight_pipeline.py
[2026-05-28T04:44:28.412+0000] {processor.py:830} INFO - Processing file /opt/airflow/dags/flight_pipeline.py for tasks to queue
[2026-05-28T04:44:28.415+0000] {logging_mixin.py:188} INFO - [2026-05-28T04:44:28.414+0000] {dagbag.py:540} INFO - Filling up the DagBag from /opt/airflow/dags/flight_pipeline.py
[2026-05-28T04:44:28.434+0000] {processor.py:840} INFO - DAG(s) 'flight_pipeline' retrieved from /opt/airflow/dags/flight_pipeline.py
[2026-05-28T04:44:28.462+0000] {logging_mixin.py:188} INFO - [2026-05-28T04:44:28.462+0000] {dag.py:3096} INFO - Sync 1 DAGs
[2026-05-28T04:44:28.484+0000] {logging_mixin.py:188} INFO - [2026-05-28T04:44:28.483+0000] {dag.py:3954} INFO - Setting next_dagrun for flight_pipeline to 2026-05-28 04:00:00+00:00, run_after=2026-05-28 05:00:00+00:00
[2026-05-28T04:44:28.501+0000] {processor.py:183} INFO - Processing /opt/airflow/dags/flight_pipeline.py took 0.098 seconds
[2026-05-28T04:44:59.452+0000] {processor.py:161} INFO - Started process (PID=4108) to work on /opt/airflow/dags/flight_pipeline.py
[2026-05-28T04:44:59.453+0000] {processor.py:830} INFO - Processing file /opt/airflow/dags/flight_pipeline.py for tasks to queue
[2026-05-28T04:44:59.456+0000] {logging_mixin.py:188} INFO - [2026-05-28T04:44:59.455+0000] {dagbag.py:540} INFO - Filling up the DagBag from /opt/airflow/dags/flight_pipeline.py
[2026-05-28T04:44:59.475+0000] {processor.py:840} INFO - DAG(s) 'flight_pipeline' retrieved from /opt/airflow/dags/flight_pipeline.py
[2026-05-28T04:44:59.505+0000] {logging_mixin.py:188} INFO - [2026-05-28T04:44:59.504+0000] {dag.py:3096} INFO - Sync 1 DAGs
[2026-05-28T04:44:59.526+0000] {logging_mixin.py:188} INFO - [2026-05-28T04:44:59.526+0000] {dag.py:3954} INFO - Setting next_dagrun for flight_pipeline to 2026-05-28 04:00:00+00:00, run_after=2026-05-28 05:00:00+00:00
[2026-05-28T04:44:59.543+0000] {processor.py:183} INFO - Processing /opt/airflow/dags/flight_pipeline.py took 0.099 seconds
[2026-05-28T04:45:30.515+0000] {processor.py:161} INFO - Started process (PID=4113) to work on /opt/airflow/dags/flight_pipeline.py
[2026-05-28T04:45:30.516+0000] {processor.py:830} INFO - Processing file /opt/airflow/dags/flight_pipeline.py for tasks to queue
[2026-05-28T04:45:30.519+0000] {logging_mixin.py:188} INFO - [2026-05-28T04:45:30.518+0000] {dagbag.py:540} INFO - Filling up the DagBag from /opt/airflow/dags/flight_pipeline.py
[2026-05-28T04:45:30.536+0000] {processor.py:840} INFO - DAG(s) 'flight_pipeline' retrieved from /opt/airflow/dags/flight_pipeline.py
[2026-05-28T04:45:30.562+0000] {logging_mixin.py:188} INFO - [2026-05-28T04:45:30.561+0000] {dag.py:3096} INFO - Sync 1 DAGs
[2026-05-28T04:45:30.586+0000] {logging_mixin.py:188} INFO - [2026-05-28T04:45:30.586+0000] {dag.py:3954} INFO - Setting next_dagrun for flight_pipeline to 2026-05-28 04:00:00+00:00, run_after=2026-05-28 05:00:00+00:00
[2026-05-28T04:45:30.604+0000] {processor.py:183} INFO - Processing /opt/airflow/dags/flight_pipeline.py took 0.095 seconds
[2026-05-28T04:46:01.497+0000] {processor.py:161} INFO - Started process (PID=4118) to work on /opt/airflow/dags/flight_pipeline.py
[2026-05-28T04:46:01.498+0000] {processor.py:830} INFO - Processing file /opt/airflow/dags/flight_pipeline.py for tasks to queue
[2026-05-28T04:46:01.500+0000] {logging_mixin.py:188} INFO - [2026-05-28T04:46:01.500+0000] {dagbag.py:540} INFO - Filling up the DagBag from /opt/airflow/dags/flight_pipeline.py
[2026-05-28T04:46:01.518+0000] {processor.py:840} INFO - DAG(s) 'flight_pipeline' retrieved from /opt/airflow/dags/flight_pipeline.py
[2026-05-28T04:46:01.546+0000] {logging_mixin.py:188} INFO - [2026-05-28T04:46:01.545+0000] {dag.py:3096} INFO - Sync 1 DAGs
[2026-05-28T04:46:01.569+0000] {logging_mixin.py:188} INFO - [2026-05-28T04:46:01.569+0000] {dag.py:3954} INFO - Setting next_dagrun for flight_pipeline to 2026-05-28 04:00:00+00:00, run_after=2026-05-28 05:00:00+00:00
[2026-05-28T04:46:01.589+0000] {processor.py:183} INFO - Processing /opt/airflow/dags/flight_pipeline.py took 0.100 seconds
[2026-05-28T04:46:32.543+0000] {processor.py:161} INFO - Started process (PID=4123) to work on /opt/airflow/dags/flight_pipeline.py
[2026-05-28T04:46:32.544+0000] {processor.py:830} INFO - Processing file /opt/airflow/dags/flight_pipeline.py for tasks to queue
[2026-05-28T04:46:32.546+0000] {logging_mixin.py:188} INFO - [2026-05-28T04:46:32.545+0000] {dagbag.py:540} INFO - Filling up the DagBag from /opt/airflow/dags/flight_pipeline.py
[2026-05-28T04:46:32.564+0000] {processor.py:840} INFO - DAG(s) 'flight_pipeline' retrieved from /opt/airflow/dags/flight_pipeline.py
[2026-05-28T04:46:32.590+0000] {logging_mixin.py:188} INFO - [2026-05-28T04:46:32.590+0000] {dag.py:3096} INFO - Sync 1 DAGs
[2026-05-28T04:46:32.609+0000] {logging_mixin.py:188} INFO - [2026-05-28T04:46:32.609+0000] {dag.py:3954} INFO - Setting next_dagrun for flight_pipeline to 2026-05-28 04:00:00+00:00, run_after=2026-05-28 05:00:00+00:00
[2026-05-28T04:46:32.624+0000] {processor.py:183} INFO - Processing /opt/airflow/dags/flight_pipeline.py took 0.088 seconds
[2026-05-28T04:47:03.628+0000] {processor.py:161} INFO - Started process (PID=4128) to work on /opt/airflow/dags/flight_pipeline.py
[2026-05-28T04:47:03.629+0000] {processor.py:830} INFO - Processing file /opt/airflow/dags/flight_pipeline.py for tasks to queue
[2026-05-28T04:47:03.630+0000] {logging_mixin.py:188} INFO - [2026-05-28T04:47:03.630+0000] {dagbag.py:540} INFO - Filling up the DagBag from /opt/airflow/dags/flight_pipeline.py
[2026-05-28T04:47:03.647+0000] {processor.py:840} INFO - DAG(s) 'flight_pipeline' retrieved from /opt/airflow/dags/flight_pipeline.py
[2026-05-28T04:47:03.671+0000] {logging_mixin.py:188} INFO - [2026-05-28T04:47:03.670+0000] {dag.py:3096} INFO - Sync 1 DAGs
[2026-05-28T04:47:03.688+0000] {logging_mixin.py:188} INFO - [2026-05-28T04:47:03.688+0000] {dag.py:3954} INFO - Setting next_dagrun for flight_pipeline to 2026-05-28 04:00:00+00:00, run_after=2026-05-28 05:00:00+00:00
[2026-05-28T04:47:03.705+0000] {processor.py:183} INFO - Processing /opt/airflow/dags/flight_pipeline.py took 0.082 seconds
[2026-05-28T04:47:34.601+0000] {processor.py:161} INFO - Started process (PID=4133) to work on /opt/airflow/dags/flight_pipeline.py
[2026-05-28T04:47:34.602+0000] {processor.py:830} INFO - Processing file /opt/airflow/dags/flight_pipeline.py for tasks to queue
[2026-05-28T04:47:34.603+0000] {logging_mixin.py:188} INFO - [2026-05-28T04:47:34.603+0000] {dagbag.py:540} INFO - Filling up the DagBag from /opt/airflow/dags/flight_pipeline.py
[2026-05-28T04:47:34.619+0000] {processor.py:840} INFO - DAG(s) 'flight_pipeline' retrieved from /opt/airflow/dags/flight_pipeline.py
[2026-05-28T04:47:34.644+0000] {logging_mixin.py:188} INFO - [2026-05-28T04:47:34.643+0000] {dag.py:3096} INFO - Sync 1 DAGs
[2026-05-28T04:47:34.663+0000] {logging_mixin.py:188} INFO - [2026-05-28T04:47:34.663+0000] {dag.py:3954} INFO - Setting next_dagrun for flight_pipeline to 2026-05-28 04:00:00+00:00, run_after=2026-05-28 05:00:00+00:00
[2026-05-28T04:47:34.680+0000] {processor.py:183} INFO - Processing /opt/airflow/dags/flight_pipeline.py took 0.085 seconds
[2026-05-28T04:48:05.594+0000] {processor.py:161} INFO - Started process (PID=4138) to work on /opt/airflow/dags/flight_pipeline.py
[2026-05-28T04:48:05.595+0000] {processor.py:830} INFO - Processing file /opt/airflow/dags/flight_pipeline.py for tasks to queue
[2026-05-28T04:48:05.597+0000] {logging_mixin.py:188} INFO - [2026-05-28T04:48:05.597+0000] {dagbag.py:540} INFO - Filling up the DagBag from /opt/airflow/dags/flight_pipeline.py
[2026-05-28T04:48:05.614+0000] {processor.py:840} INFO - DAG(s) 'flight_pipeline' retrieved from /opt/airflow/dags/flight_pipeline.py
[2026-05-28T04:48:05.641+0000] {logging_mixin.py:188} INFO - [2026-05-28T04:48:05.641+0000] {dag.py:3096} INFO - Sync 1 DAGs
[2026-05-28T04:48:05.662+0000] {logging_mixin.py:188} INFO - [2026-05-28T04:48:05.662+0000] {dag.py:3954} INFO - Setting next_dagrun for flight_pipeline to 2026-05-28 04:00:00+00:00, run_after=2026-05-28 05:00:00+00:00
[2026-05-28T04:48:05.678+0000] {processor.py:183} INFO - Processing /opt/airflow/dags/flight_pipeline.py took 0.089 seconds
[2026-05-28T04:48:35.722+0000] {processor.py:161} INFO - Started process (PID=4143) to work on /opt/airflow/dags/flight_pipeline.py
[2026-05-28T04:48:35.723+0000] {processor.py:830} INFO - Processing file /opt/airflow/dags/flight_pipeline.py for tasks to queue
[2026-05-28T04:48:35.725+0000] {logging_mixin.py:188} INFO - [2026-05-28T04:48:35.724+0000] {dagbag.py:540} INFO - Filling up the DagBag from /opt/airflow/dags/flight_pipeline.py
[2026-05-28T04:48:35.741+0000] {processor.py:840} INFO - DAG(s) 'flight_pipeline' retrieved from /opt/airflow/dags/flight_pipeline.py
[2026-05-28T04:48:35.766+0000] {logging_mixin.py:188} INFO - [2026-05-28T04:48:35.766+0000] {dag.py:3096} INFO - Sync 1 DAGs
[2026-05-28T04:48:35.785+0000] {logging_mixin.py:188} INFO - [2026-05-28T04:48:35.785+0000] {dag.py:3954} INFO - Setting next_dagrun for flight_pipeline to 2026-05-28 04:00:00+00:00, run_after=2026-05-28 05:00:00+00:00
[2026-05-28T04:48:35.801+0000] {processor.py:183} INFO - Processing /opt/airflow/dags/flight_pipeline.py took 0.085 seconds
[2026-05-28T04:49:06.743+0000] {processor.py:161} INFO - Started process (PID=4148) to work on /opt/airflow/dags/flight_pipeline.py
[2026-05-28T04:49:06.744+0000] {processor.py:830} INFO - Processing file /opt/airflow/dags/flight_pipeline.py for tasks to queue
[2026-05-28T04:49:06.746+0000] {logging_mixin.py:188} INFO - [2026-05-28T04:49:06.746+0000] {dagbag.py:540} INFO - Filling up the DagBag from /opt/airflow/dags/flight_pipeline.py
[2026-05-28T04:49:06.763+0000] {processor.py:840} INFO - DAG(s) 'flight_pipeline' retrieved from /opt/airflow/dags/flight_pipeline.py
[2026-05-28T04:49:06.788+0000] {logging_mixin.py:188} INFO - [2026-05-28T04:49:06.788+0000] {dag.py:3096} INFO - Sync 1 DAGs
[2026-05-28T04:49:06.809+0000] {logging_mixin.py:188} INFO - [2026-05-28T04:49:06.809+0000] {dag.py:3954} INFO - Setting next_dagrun for flight_pipeline to 2026-05-28 04:00:00+00:00, run_after=2026-05-28 05:00:00+00:00
[2026-05-28T04:49:06.826+0000] {processor.py:183} INFO - Processing /opt/airflow/dags/flight_pipeline.py took 0.088 seconds
[2026-05-28T04:49:37.785+0000] {processor.py:161} INFO - Started process (PID=4153) to work on /opt/airflow/dags/flight_pipeline.py
[2026-05-28T04:49:37.786+0000] {processor.py:830} INFO - Processing file /opt/airflow/dags/flight_pipeline.py for tasks to queue
[2026-05-28T04:49:37.788+0000] {logging_mixin.py:188} INFO - [2026-05-28T04:49:37.787+0000] {dagbag.py:540} INFO - Filling up the DagBag from /opt/airflow/dags/flight_pipeline.py
[2026-05-28T04:49:37.805+0000] {processor.py:840} INFO - DAG(s) 'flight_pipeline' retrieved from /opt/airflow/dags/flight_pipeline.py
[2026-05-28T04:49:37.833+0000] {logging_mixin.py:188} INFO - [2026-05-28T04:49:37.832+0000] {dag.py:3096} INFO - Sync 1 DAGs
[2026-05-28T04:49:37.855+0000] {logging_mixin.py:188} INFO - [2026-05-28T04:49:37.855+0000] {dag.py:3954} INFO - Setting next_dagrun for flight_pipeline to 2026-05-28 04:00:00+00:00, run_after=2026-05-28 05:00:00+00:00
[2026-05-28T04:49:37.874+0000] {processor.py:183} INFO - Processing /opt/airflow/dags/flight_pipeline.py took 0.094 seconds
[2026-05-28T04:50:08.741+0000] {processor.py:161} INFO - Started process (PID=4158) to work on /opt/airflow/dags/flight_pipeline.py
[2026-05-28T04:50:08.742+0000] {processor.py:830} INFO - Processing file /opt/airflow/dags/flight_pipeline.py for tasks to queue
[2026-05-28T04:50:08.744+0000] {logging_mixin.py:188} INFO - [2026-05-28T04:50:08.744+0000] {dagbag.py:540} INFO - Filling up the DagBag from /opt/airflow/dags/flight_pipeline.py
[2026-05-28T04:50:08.761+0000] {processor.py:840} INFO - DAG(s) 'flight_pipeline' retrieved from /opt/airflow/dags/flight_pipeline.py
[2026-05-28T04:50:08.786+0000] {logging_mixin.py:188} INFO - [2026-05-28T04:50:08.785+0000] {dag.py:3096} INFO - Sync 1 DAGs
[2026-05-28T04:50:08.804+0000] {logging_mixin.py:188} INFO - [2026-05-28T04:50:08.804+0000] {dag.py:3954} INFO - Setting next_dagrun for flight_pipeline to 2026-05-28 04:00:00+00:00, run_after=2026-05-28 05:00:00+00:00
[2026-05-28T04:50:08.820+0000] {processor.py:183} INFO - Processing /opt/airflow/dags/flight_pipeline.py took 0.084 seconds
[2026-05-28T04:50:39.855+0000] {processor.py:161} INFO - Started process (PID=4163) to work on /opt/airflow/dags/flight_pipeline.py
[2026-05-28T04:50:39.856+0000] {processor.py:830} INFO - Processing file /opt/airflow/dags/flight_pipeline.py for tasks to queue
[2026-05-28T04:50:39.858+0000] {logging_mixin.py:188} INFO - [2026-05-28T04:50:39.857+0000] {dagbag.py:540} INFO - Filling up the DagBag from /opt/airflow/dags/flight_pipeline.py
[2026-05-28T04:50:39.875+0000] {processor.py:840} INFO - DAG(s) 'flight_pipeline' retrieved from /opt/airflow/dags/flight_pipeline.py
[2026-05-28T04:50:39.901+0000] {logging_mixin.py:188} INFO - [2026-05-28T04:50:39.901+0000] {dag.py:3096} INFO - Sync 1 DAGs
[2026-05-28T04:50:39.922+0000] {logging_mixin.py:188} INFO - [2026-05-28T04:50:39.922+0000] {dag.py:3954} INFO - Setting next_dagrun for flight_pipeline to 2026-05-28 04:00:00+00:00, run_after=2026-05-28 05:00:00+00:00
[2026-05-28T04:50:39.940+0000] {processor.py:183} INFO - Processing /opt/airflow/dags/flight_pipeline.py took 0.091 seconds
[2026-05-28T04:51:10.911+0000] {processor.py:161} INFO - Started process (PID=4168) to work on /opt/airflow/dags/flight_pipeline.py
[2026-05-28T04:51:10.912+0000] {processor.py:830} INFO - Processing file /opt/airflow/dags/flight_pipeline.py for tasks to queue
[2026-05-28T04:51:10.915+0000] {logging_mixin.py:188} INFO - [2026-05-28T04:51:10.915+0000] {dagbag.py:540} INFO - Filling up the DagBag from /opt/airflow/dags/flight_pipeline.py
[2026-05-28T04:51:10.934+0000] {processor.py:840} INFO - DAG(s) 'flight_pipeline' retrieved from /opt/airflow/dags/flight_pipeline.py
[2026-05-28T04:51:10.962+0000] {logging_mixin.py:188} INFO - [2026-05-28T04:51:10.962+0000] {dag.py:3096} INFO - Sync 1 DAGs
[2026-05-28T04:51:10.983+0000] {logging_mixin.py:188} INFO - [2026-05-28T04:51:10.983+0000] {dag.py:3954} INFO - Setting next_dagrun for flight_pipeline to 2026-05-28 04:00:00+00:00, run_after=2026-05-28 05:00:00+00:00
[2026-05-28T04:51:11.000+0000] {processor.py:183} INFO - Processing /opt/airflow/dags/flight_pipeline.py took 0.094 seconds
[2026-05-28T04:51:41.967+0000] {processor.py:161} INFO - Started process (PID=4173) to work on /opt/airflow/dags/flight_pipeline.py
[2026-05-28T04:51:41.968+0000] {processor.py:830} INFO - Processing file /opt/airflow/dags/flight_pipeline.py for tasks to queue
[2026-05-28T04:51:41.970+0000] {logging_mixin.py:188} INFO - [2026-05-28T04:51:41.970+0000] {dagbag.py:540} INFO - Filling up the DagBag from /opt/airflow/dags/flight_pipeline.py
[2026-05-28T04:51:41.988+0000] {processor.py:840} INFO - DAG(s) 'flight_pipeline' retrieved from /opt/airflow/dags/flight_pipeline.py
[2026-05-28T04:51:42.012+0000] {logging_mixin.py:188} INFO - [2026-05-28T04:51:42.012+0000] {dag.py:3096} INFO - Sync 1 DAGs
[2026-05-28T04:51:42.032+0000] {logging_mixin.py:188} INFO - [2026-05-28T04:51:42.032+0000] {dag.py:3954} INFO - Setting next_dagrun for flight_pipeline to 2026-05-28 04:00:00+00:00, run_after=2026-05-28 05:00:00+00:00
[2026-05-28T04:51:42.048+0000] {processor.py:183} INFO - Processing /opt/airflow/dags/flight_pipeline.py took 0.087 seconds
[2026-05-28T04:52:12.990+0000] {processor.py:161} INFO - Started process (PID=4178) to work on /opt/airflow/dags/flight_pipeline.py
[2026-05-28T04:52:12.991+0000] {processor.py:830} INFO - Processing file /opt/airflow/dags/flight_pipeline.py for tasks to queue
[2026-05-28T04:52:12.994+0000] {logging_mixin.py:188} INFO - [2026-05-28T04:52:12.994+0000] {dagbag.py:540} INFO - Filling up the DagBag from /opt/airflow/dags/flight_pipeline.py
[2026-05-28T04:52:13.014+0000] {processor.py:840} INFO - DAG(s) 'flight_pipeline' retrieved from /opt/airflow/dags/flight_pipeline.py
[2026-05-28T04:52:13.045+0000] {logging_mixin.py:188} INFO - [2026-05-28T04:52:13.044+0000] {dag.py:3096} INFO - Sync 1 DAGs
[2026-05-28T04:52:13.069+0000] {logging_mixin.py:188} INFO - [2026-05-28T04:52:13.069+0000] {dag.py:3954} INFO - Setting next_dagrun for flight_pipeline to 2026-05-28 04:00:00+00:00, run_after=2026-05-28 05:00:00+00:00
[2026-05-28T04:52:13.089+0000] {processor.py:183} INFO - Processing /opt/airflow/dags/flight_pipeline.py took 0.108 seconds
[2026-05-28T04:52:44.044+0000] {processor.py:161} INFO - Started process (PID=4183) to work on /opt/airflow/dags/flight_pipeline.py
[2026-05-28T04:52:44.045+0000] {processor.py:830} INFO - Processing file /opt/airflow/dags/flight_pipeline.py for tasks to queue
[2026-05-28T04:52:44.048+0000] {logging_mixin.py:188} INFO - [2026-05-28T04:52:44.047+0000] {dagbag.py:540} INFO - Filling up the DagBag from /opt/airflow/dags/flight_pipeline.py
[2026-05-28T04:52:44.066+0000] {processor.py:840} INFO - DAG(s) 'flight_pipeline' retrieved from /opt/airflow/dags/flight_pipeline.py
[2026-05-28T04:52:44.097+0000] {logging_mixin.py:188} INFO - [2026-05-28T04:52:44.097+0000] {dag.py:3096} INFO - Sync 1 DAGs
[2026-05-28T04:52:44.118+0000] {logging_mixin.py:188} INFO - [2026-05-28T04:52:44.118+0000] {dag.py:3954} INFO - Setting next_dagrun for flight_pipeline to 2026-05-28 04:00:00+00:00, run_after=2026-05-28 05:00:00+00:00
[2026-05-28T04:52:44.136+0000] {processor.py:183} INFO - Processing /opt/airflow/dags/flight_pipeline.py took 0.098 seconds
[2026-05-28T04:53:15.078+0000] {processor.py:161} INFO - Started process (PID=4188) to work on /opt/airflow/dags/flight_pipeline.py
[2026-05-28T04:53:15.079+0000] {processor.py:830} INFO - Processing file /opt/airflow/dags/flight_pipeline.py for tasks to queue
[2026-05-28T04:53:15.081+0000] {logging_mixin.py:188} INFO - [2026-05-28T04:53:15.081+0000] {dagbag.py:540} INFO - Filling up the DagBag from /opt/airflow/dags/flight_pipeline.py
[2026-05-28T04:53:15.100+0000] {processor.py:840} INFO - DAG(s) 'flight_pipeline' retrieved from /opt/airflow/dags/flight_pipeline.py
[2026-05-28T04:53:15.125+0000] {logging_mixin.py:188} INFO - [2026-05-28T04:53:15.125+0000] {dag.py:3096} INFO - Sync 1 DAGs
[2026-05-28T04:53:15.144+0000] {logging_mixin.py:188} INFO - [2026-05-28T04:53:15.144+0000] {dag.py:3954} INFO - Setting next_dagrun for flight_pipeline to 2026-05-28 04:00:00+00:00, run_after=2026-05-28 05:00:00+00:00
[2026-05-28T04:53:15.160+0000] {processor.py:183} INFO - Processing /opt/airflow/dags/flight_pipeline.py took 0.089 seconds
[2026-05-28T04:53:45.210+0000] {processor.py:161} INFO - Started process (PID=4193) to work on /opt/airflow/dags/flight_pipeline.py
[2026-05-28T04:53:45.211+0000] {processor.py:830} INFO - Processing file /opt/airflow/dags/flight_pipeline.py for tasks to queue
[2026-05-28T04:53:45.213+0000] {logging_mixin.py:188} INFO - [2026-05-28T04:53:45.213+0000] {dagbag.py:540} INFO - Filling up the DagBag from /opt/airflow/dags/flight_pipeline.py
[2026-05-28T04:53:45.230+0000] {processor.py:840} INFO - DAG(s) 'flight_pipeline' retrieved from /opt/airflow/dags/flight_pipeline.py
[2026-05-28T04:53:45.254+0000] {logging_mixin.py:188} INFO - [2026-05-28T04:53:45.253+0000] {dag.py:3096} INFO - Sync 1 DAGs
[2026-05-28T04:53:45.271+0000] {logging_mixin.py:188} INFO - [2026-05-28T04:53:45.271+0000] {dag.py:3954} INFO - Setting next_dagrun for flight_pipeline to 2026-05-28 04:00:00+00:00, run_after=2026-05-28 05:00:00+00:00
[2026-05-28T04:53:45.289+0000] {processor.py:183} INFO - Processing /opt/airflow/dags/flight_pipeline.py took 0.084 seconds
[2026-05-28T04:54:16.199+0000] {processor.py:161} INFO - Started process (PID=4198) to work on /opt/airflow/dags/flight_pipeline.py
[2026-05-28T04:54:16.200+0000] {processor.py:830} INFO - Processing file /opt/airflow/dags/flight_pipeline.py for tasks to queue
[2026-05-28T04:54:16.202+0000] {logging_mixin.py:188} INFO - [2026-05-28T04:54:16.202+0000] {dagbag.py:540} INFO - Filling up the DagBag from /opt/airflow/dags/flight_pipeline.py
[2026-05-28T04:54:16.222+0000] {processor.py:840} INFO - DAG(s) 'flight_pipeline' retrieved from /opt/airflow/dags/flight_pipeline.py
[2026-05-28T04:54:16.252+0000] {logging_mixin.py:188} INFO - [2026-05-28T04:54:16.251+0000] {dag.py:3096} INFO - Sync 1 DAGs
[2026-05-28T04:54:16.274+0000] {logging_mixin.py:188} INFO - [2026-05-28T04:54:16.273+0000] {dag.py:3954} INFO - Setting next_dagrun for flight_pipeline to 2026-05-28 04:00:00+00:00, run_after=2026-05-28 05:00:00+00:00
[2026-05-28T04:54:16.289+0000] {processor.py:183} INFO - Processing /opt/airflow/dags/flight_pipeline.py took 0.098 seconds
[2026-05-28T04:54:47.227+0000] {processor.py:161} INFO - Started process (PID=4203) to work on /opt/airflow/dags/flight_pipeline.py
[2026-05-28T04:54:47.228+0000] {processor.py:830} INFO - Processing file /opt/airflow/dags/flight_pipeline.py for tasks to queue
[2026-05-28T04:54:47.230+0000] {logging_mixin.py:188} INFO - [2026-05-28T04:54:47.229+0000] {dagbag.py:540} INFO - Filling up the DagBag from /opt/airflow/dags/flight_pipeline.py
[2026-05-28T04:54:47.246+0000] {processor.py:840} INFO - DAG(s) 'flight_pipeline' retrieved from /opt/airflow/dags/flight_pipeline.py
[2026-05-28T04:54:47.270+0000] {logging_mixin.py:188} INFO - [2026-05-28T04:54:47.270+0000] {dag.py:3096} INFO - Sync 1 DAGs
[2026-05-28T04:54:47.289+0000] {logging_mixin.py:188} INFO - [2026-05-28T04:54:47.289+0000] {dag.py:3954} INFO - Setting next_dagrun for flight_pipeline to 2026-05-28 04:00:00+00:00, run_after=2026-05-28 05:00:00+00:00
[2026-05-28T04:54:47.305+0000] {processor.py:183} INFO - Processing /opt/airflow/dags/flight_pipeline.py took 0.083 seconds
[2026-05-28T04:55:17.381+0000] {processor.py:161} INFO - Started process (PID=4208) to work on /opt/airflow/dags/flight_pipeline.py
[2026-05-28T04:55:17.382+0000] {processor.py:830} INFO - Processing file /opt/airflow/dags/flight_pipeline.py for tasks to queue
[2026-05-28T04:55:17.384+0000] {logging_mixin.py:188} INFO - [2026-05-28T04:55:17.384+0000] {dagbag.py:540} INFO - Filling up the DagBag from /opt/airflow/dags/flight_pipeline.py
[2026-05-28T04:55:17.401+0000] {processor.py:840} INFO - DAG(s) 'flight_pipeline' retrieved from /opt/airflow/dags/flight_pipeline.py
[2026-05-28T04:55:17.426+0000] {logging_mixin.py:188} INFO - [2026-05-28T04:55:17.426+0000] {dag.py:3096} INFO - Sync 1 DAGs
[2026-05-28T04:55:17.445+0000] {logging_mixin.py:188} INFO - [2026-05-28T04:55:17.445+0000] {dag.py:3954} INFO - Setting next_dagrun for flight_pipeline to 2026-05-28 04:00:00+00:00, run_after=2026-05-28 05:00:00+00:00
[2026-05-28T04:55:17.461+0000] {processor.py:183} INFO - Processing /opt/airflow/dags/flight_pipeline.py took 0.085 seconds
[2026-05-28T04:55:48.375+0000] {processor.py:161} INFO - Started process (PID=4213) to work on /opt/airflow/dags/flight_pipeline.py
[2026-05-28T04:55:48.376+0000] {processor.py:830} INFO - Processing file /opt/airflow/dags/flight_pipeline.py for tasks to queue
[2026-05-28T04:55:48.378+0000] {logging_mixin.py:188} INFO - [2026-05-28T04:55:48.377+0000] {dagbag.py:540} INFO - Filling up the DagBag from /opt/airflow/dags/flight_pipeline.py
[2026-05-28T04:55:48.396+0000] {processor.py:840} INFO - DAG(s) 'flight_pipeline' retrieved from /opt/airflow/dags/flight_pipeline.py
[2026-05-28T04:55:48.425+0000] {logging_mixin.py:188} INFO - [2026-05-28T04:55:48.425+0000] {dag.py:3096} INFO - Sync 1 DAGs
[2026-05-28T04:55:48.448+0000] {logging_mixin.py:188} INFO - [2026-05-28T04:55:48.447+0000] {dag.py:3954} INFO - Setting next_dagrun for flight_pipeline to 2026-05-28 04:00:00+00:00, run_after=2026-05-28 05:00:00+00:00
[2026-05-28T04:55:48.464+0000] {processor.py:183} INFO - Processing /opt/airflow/dags/flight_pipeline.py took 0.094 seconds
[2026-05-28T04:56:19.472+0000] {processor.py:161} INFO - Started process (PID=4218) to work on /opt/airflow/dags/flight_pipeline.py
[2026-05-28T04:56:19.474+0000] {processor.py:830} INFO - Processing file /opt/airflow/dags/flight_pipeline.py for tasks to queue
[2026-05-28T04:56:19.476+0000] {logging_mixin.py:188} INFO - [2026-05-28T04:56:19.475+0000] {dagbag.py:540} INFO - Filling up the DagBag from /opt/airflow/dags/flight_pipeline.py
[2026-05-28T04:56:19.496+0000] {processor.py:840} INFO - DAG(s) 'flight_pipeline' retrieved from /opt/airflow/dags/flight_pipeline.py
[2026-05-28T04:56:19.524+0000] {logging_mixin.py:188} INFO - [2026-05-28T04:56:19.523+0000] {dag.py:3096} INFO - Sync 1 DAGs
[2026-05-28T04:56:19.544+0000] {logging_mixin.py:188} INFO - [2026-05-28T04:56:19.544+0000] {dag.py:3954} INFO - Setting next_dagrun for flight_pipeline to 2026-05-28 04:00:00+00:00, run_after=2026-05-28 05:00:00+00:00
[2026-05-28T04:56:19.560+0000] {processor.py:183} INFO - Processing /opt/airflow/dags/flight_pipeline.py took 0.094 seconds
[2026-05-28T04:56:50.496+0000] {processor.py:161} INFO - Started process (PID=4223) to work on /opt/airflow/dags/flight_pipeline.py
[2026-05-28T04:56:50.497+0000] {processor.py:830} INFO - Processing file /opt/airflow/dags/flight_pipeline.py for tasks to queue
[2026-05-28T04:56:50.498+0000] {logging_mixin.py:188} INFO - [2026-05-28T04:56:50.498+0000] {dagbag.py:540} INFO - Filling up the DagBag from /opt/airflow/dags/flight_pipeline.py
[2026-05-28T04:56:50.515+0000] {processor.py:840} INFO - DAG(s) 'flight_pipeline' retrieved from /opt/airflow/dags/flight_pipeline.py
[2026-05-28T04:56:50.540+0000] {logging_mixin.py:188} INFO - [2026-05-28T04:56:50.540+0000] {dag.py:3096} INFO - Sync 1 DAGs
[2026-05-28T04:56:50.558+0000] {logging_mixin.py:188} INFO - [2026-05-28T04:56:50.558+0000] {dag.py:3954} INFO - Setting next_dagrun for flight_pipeline to 2026-05-28 04:00:00+00:00, run_after=2026-05-28 05:00:00+00:00
[2026-05-28T04:56:50.575+0000] {processor.py:183} INFO - Processing /opt/airflow/dags/flight_pipeline.py took 0.085 seconds
[2026-05-28T04:57:21.601+0000] {processor.py:161} INFO - Started process (PID=4228) to work on /opt/airflow/dags/flight_pipeline.py
[2026-05-28T04:57:21.602+0000] {processor.py:830} INFO - Processing file /opt/airflow/dags/flight_pipeline.py for tasks to queue
[2026-05-28T04:57:21.604+0000] {logging_mixin.py:188} INFO - [2026-05-28T04:57:21.604+0000] {dagbag.py:540} INFO - Filling up the DagBag from /opt/airflow/dags/flight_pipeline.py
[2026-05-28T04:57:21.622+0000] {processor.py:840} INFO - DAG(s) 'flight_pipeline' retrieved from /opt/airflow/dags/flight_pipeline.py
[2026-05-28T04:57:21.648+0000] {logging_mixin.py:188} INFO - [2026-05-28T04:57:21.648+0000] {dag.py:3096} INFO - Sync 1 DAGs
[2026-05-28T04:57:21.668+0000] {logging_mixin.py:188} INFO - [2026-05-28T04:57:21.668+0000] {dag.py:3954} INFO - Setting next_dagrun for flight_pipeline to 2026-05-28 04:00:00+00:00, run_after=2026-05-28 05:00:00+00:00
[2026-05-28T04:57:21.686+0000] {processor.py:183} INFO - Processing /opt/airflow/dags/flight_pipeline.py took 0.090 seconds
[2026-05-28T04:57:52.639+0000] {processor.py:161} INFO - Started process (PID=4233) to work on /opt/airflow/dags/flight_pipeline.py
[2026-05-28T04:57:52.640+0000] {processor.py:830} INFO - Processing file /opt/airflow/dags/flight_pipeline.py for tasks to queue
[2026-05-28T04:57:52.643+0000] {logging_mixin.py:188} INFO - [2026-05-28T04:57:52.642+0000] {dagbag.py:540} INFO - Filling up the DagBag from /opt/airflow/dags/flight_pipeline.py
[2026-05-28T04:57:52.665+0000] {processor.py:840} INFO - DAG(s) 'flight_pipeline' retrieved from /opt/airflow/dags/flight_pipeline.py
[2026-05-28T04:57:52.699+0000] {logging_mixin.py:188} INFO - [2026-05-28T04:57:52.698+0000] {dag.py:3096} INFO - Sync 1 DAGs
[2026-05-28T04:57:52.726+0000] {logging_mixin.py:188} INFO - [2026-05-28T04:57:52.726+0000] {dag.py:3954} INFO - Setting next_dagrun for flight_pipeline to 2026-05-28 04:00:00+00:00, run_after=2026-05-28 05:00:00+00:00
[2026-05-28T04:57:52.749+0000] {processor.py:183} INFO - Processing /opt/airflow/dags/flight_pipeline.py took 0.119 seconds
[2026-05-28T04:58:23.660+0000] {processor.py:161} INFO - Started process (PID=4238) to work on /opt/airflow/dags/flight_pipeline.py
[2026-05-28T04:58:23.661+0000] {processor.py:830} INFO - Processing file /opt/airflow/dags/flight_pipeline.py for tasks to queue
[2026-05-28T04:58:23.662+0000] {logging_mixin.py:188} INFO - [2026-05-28T04:58:23.662+0000] {dagbag.py:540} INFO - Filling up the DagBag from /opt/airflow/dags/flight_pipeline.py
[2026-05-28T04:58:23.679+0000] {processor.py:840} INFO - DAG(s) 'flight_pipeline' retrieved from /opt/airflow/dags/flight_pipeline.py
[2026-05-28T04:58:23.704+0000] {logging_mixin.py:188} INFO - [2026-05-28T04:58:23.704+0000] {dag.py:3096} INFO - Sync 1 DAGs
[2026-05-28T04:58:23.723+0000] {logging_mixin.py:188} INFO - [2026-05-28T04:58:23.723+0000] {dag.py:3954} INFO - Setting next_dagrun for flight_pipeline to 2026-05-28 04:00:00+00:00, run_after=2026-05-28 05:00:00+00:00
[2026-05-28T04:58:23.737+0000] {processor.py:183} INFO - Processing /opt/airflow/dags/flight_pipeline.py took 0.083 seconds
[2026-05-28T04:58:53.806+0000] {processor.py:161} INFO - Started process (PID=4243) to work on /opt/airflow/dags/flight_pipeline.py
[2026-05-28T04:58:53.807+0000] {processor.py:830} INFO - Processing file /opt/airflow/dags/flight_pipeline.py for tasks to queue
[2026-05-28T04:58:53.809+0000] {logging_mixin.py:188} INFO - [2026-05-28T04:58:53.809+0000] {dagbag.py:540} INFO - Filling up the DagBag from /opt/airflow/dags/flight_pipeline.py
[2026-05-28T04:58:53.827+0000] {processor.py:840} INFO - DAG(s) 'flight_pipeline' retrieved from /opt/airflow/dags/flight_pipeline.py
[2026-05-28T04:58:53.854+0000] {logging_mixin.py:188} INFO - [2026-05-28T04:58:53.854+0000] {dag.py:3096} INFO - Sync 1 DAGs
[2026-05-28T04:58:53.877+0000] {logging_mixin.py:188} INFO - [2026-05-28T04:58:53.877+0000] {dag.py:3954} INFO - Setting next_dagrun for flight_pipeline to 2026-05-28 04:00:00+00:00, run_after=2026-05-28 05:00:00+00:00
[2026-05-28T04:58:53.896+0000] {processor.py:183} INFO - Processing /opt/airflow/dags/flight_pipeline.py took 0.095 seconds
[2026-05-28T04:59:24.813+0000] {processor.py:161} INFO - Started process (PID=4248) to work on /opt/airflow/dags/flight_pipeline.py
[2026-05-28T04:59:24.815+0000] {processor.py:830} INFO - Processing file /opt/airflow/dags/flight_pipeline.py for tasks to queue
[2026-05-28T04:59:24.817+0000] {logging_mixin.py:188} INFO - [2026-05-28T04:59:24.817+0000] {dagbag.py:540} INFO - Filling up the DagBag from /opt/airflow/dags/flight_pipeline.py
[2026-05-28T04:59:24.837+0000] {processor.py:840} INFO - DAG(s) 'flight_pipeline' retrieved from /opt/airflow/dags/flight_pipeline.py
[2026-05-28T04:59:24.870+0000] {logging_mixin.py:188} INFO - [2026-05-28T04:59:24.869+0000] {dag.py:3096} INFO - Sync 1 DAGs
[2026-05-28T04:59:24.894+0000] {logging_mixin.py:188} INFO - [2026-05-28T04:59:24.894+0000] {dag.py:3954} INFO - Setting next_dagrun for flight_pipeline to 2026-05-28 04:00:00+00:00, run_after=2026-05-28 05:00:00+00:00
[2026-05-28T04:59:24.913+0000] {processor.py:183} INFO - Processing /opt/airflow/dags/flight_pipeline.py took 0.107 seconds
[2026-05-28T04:59:55.900+0000] {processor.py:161} INFO - Started process (PID=4253) to work on /opt/airflow/dags/flight_pipeline.py
[2026-05-28T04:59:55.902+0000] {processor.py:830} INFO - Processing file /opt/airflow/dags/flight_pipeline.py for tasks to queue
[2026-05-28T04:59:55.904+0000] {logging_mixin.py:188} INFO - [2026-05-28T04:59:55.904+0000] {dagbag.py:540} INFO - Filling up the DagBag from /opt/airflow/dags/flight_pipeline.py
[2026-05-28T04:59:55.926+0000] {processor.py:840} INFO - DAG(s) 'flight_pipeline' retrieved from /opt/airflow/dags/flight_pipeline.py
[2026-05-28T04:59:55.961+0000] {logging_mixin.py:188} INFO - [2026-05-28T04:59:55.961+0000] {dag.py:3096} INFO - Sync 1 DAGs
[2026-05-28T04:59:55.989+0000] {logging_mixin.py:188} INFO - [2026-05-28T04:59:55.988+0000] {dag.py:3954} INFO - Setting next_dagrun for flight_pipeline to 2026-05-28 04:00:00+00:00, run_after=2026-05-28 05:00:00+00:00
[2026-05-28T04:59:56.010+0000] {processor.py:183} INFO - Processing /opt/airflow/dags/flight_pipeline.py took 0.118 seconds
[2026-05-28T05:00:26.925+0000] {processor.py:161} INFO - Started process (PID=4290) to work on /opt/airflow/dags/flight_pipeline.py
[2026-05-28T05:00:26.926+0000] {processor.py:830} INFO - Processing file /opt/airflow/dags/flight_pipeline.py for tasks to queue
[2026-05-28T05:00:26.927+0000] {logging_mixin.py:188} INFO - [2026-05-28T05:00:26.927+0000] {dagbag.py:540} INFO - Filling up the DagBag from /opt/airflow/dags/flight_pipeline.py
[2026-05-28T05:00:26.944+0000] {processor.py:840} INFO - DAG(s) 'flight_pipeline' retrieved from /opt/airflow/dags/flight_pipeline.py
[2026-05-28T05:00:26.970+0000] {logging_mixin.py:188} INFO - [2026-05-28T05:00:26.970+0000] {dag.py:3096} INFO - Sync 1 DAGs
[2026-05-28T05:00:26.990+0000] {logging_mixin.py:188} INFO - [2026-05-28T05:00:26.990+0000] {dag.py:3954} INFO - Setting next_dagrun for flight_pipeline to 2026-05-28 05:00:00+00:00, run_after=2026-05-28 06:00:00+00:00
[2026-05-28T05:00:27.008+0000] {processor.py:183} INFO - Processing /opt/airflow/dags/flight_pipeline.py took 0.089 seconds
[2026-05-28T05:00:57.057+0000] {processor.py:161} INFO - Started process (PID=4295) to work on /opt/airflow/dags/flight_pipeline.py
[2026-05-28T05:00:57.058+0000] {processor.py:830} INFO - Processing file /opt/airflow/dags/flight_pipeline.py for tasks to queue
[2026-05-28T05:00:57.060+0000] {logging_mixin.py:188} INFO - [2026-05-28T05:00:57.059+0000] {dagbag.py:540} INFO - Filling up the DagBag from /opt/airflow/dags/flight_pipeline.py
[2026-05-28T05:00:57.076+0000] {processor.py:840} INFO - DAG(s) 'flight_pipeline' retrieved from /opt/airflow/dags/flight_pipeline.py
[2026-05-28T05:00:57.110+0000] {logging_mixin.py:188} INFO - [2026-05-28T05:00:57.110+0000] {dag.py:3096} INFO - Sync 1 DAGs
[2026-05-28T05:00:57.128+0000] {logging_mixin.py:188} INFO - [2026-05-28T05:00:57.128+0000] {dag.py:3954} INFO - Setting next_dagrun for flight_pipeline to 2026-05-28 05:00:00+00:00, run_after=2026-05-28 06:00:00+00:00
[2026-05-28T05:00:57.145+0000] {processor.py:183} INFO - Processing /opt/airflow/dags/flight_pipeline.py took 0.093 seconds
[2026-05-28T05:01:28.114+0000] {processor.py:161} INFO - Started process (PID=4300) to work on /opt/airflow/dags/flight_pipeline.py
[2026-05-28T05:01:28.115+0000] {processor.py:830} INFO - Processing file /opt/airflow/dags/flight_pipeline.py for tasks to queue
[2026-05-28T05:01:28.116+0000] {logging_mixin.py:188} INFO - [2026-05-28T05:01:28.116+0000] {dagbag.py:540} INFO - Filling up the DagBag from /opt/airflow/dags/flight_pipeline.py
[2026-05-28T05:01:28.133+0000] {processor.py:840} INFO - DAG(s) 'flight_pipeline' retrieved from /opt/airflow/dags/flight_pipeline.py
[2026-05-28T05:01:28.157+0000] {logging_mixin.py:188} INFO - [2026-05-28T05:01:28.156+0000] {dag.py:3096} INFO - Sync 1 DAGs
[2026-05-28T05:01:28.176+0000] {logging_mixin.py:188} INFO - [2026-05-28T05:01:28.176+0000] {dag.py:3954} INFO - Setting next_dagrun for flight_pipeline to 2026-05-28 05:00:00+00:00, run_after=2026-05-28 06:00:00+00:00
[2026-05-28T05:01:28.193+0000] {processor.py:183} INFO - Processing /opt/airflow/dags/flight_pipeline.py took 0.084 seconds
[2026-05-28T05:01:59.190+0000] {processor.py:161} INFO - Started process (PID=4305) to work on /opt/airflow/dags/flight_pipeline.py
[2026-05-28T05:01:59.191+0000] {processor.py:830} INFO - Processing file /opt/airflow/dags/flight_pipeline.py for tasks to queue
[2026-05-28T05:01:59.192+0000] {logging_mixin.py:188} INFO - [2026-05-28T05:01:59.192+0000] {dagbag.py:540} INFO - Filling up the DagBag from /opt/airflow/dags/flight_pipeline.py
[2026-05-28T05:01:59.211+0000] {processor.py:840} INFO - DAG(s) 'flight_pipeline' retrieved from /opt/airflow/dags/flight_pipeline.py
[2026-05-28T05:01:59.238+0000] {logging_mixin.py:188} INFO - [2026-05-28T05:01:59.238+0000] {dag.py:3096} INFO - Sync 1 DAGs
[2026-05-28T05:01:59.258+0000] {logging_mixin.py:188} INFO - [2026-05-28T05:01:59.258+0000] {dag.py:3954} INFO - Setting next_dagrun for flight_pipeline to 2026-05-28 05:00:00+00:00, run_after=2026-05-28 06:00:00+00:00
[2026-05-28T05:01:59.275+0000] {processor.py:183} INFO - Processing /opt/airflow/dags/flight_pipeline.py took 0.090 seconds
[2026-05-28T05:02:29.356+0000] {processor.py:161} INFO - Started process (PID=4310) to work on /opt/airflow/dags/flight_pipeline.py
[2026-05-28T05:02:29.357+0000] {processor.py:830} INFO - Processing file /opt/airflow/dags/flight_pipeline.py for tasks to queue
[2026-05-28T05:02:29.359+0000] {logging_mixin.py:188} INFO - [2026-05-28T05:02:29.358+0000] {dagbag.py:540} INFO - Filling up the DagBag from /opt/airflow/dags/flight_pipeline.py
[2026-05-28T05:02:29.376+0000] {processor.py:840} INFO - DAG(s) 'flight_pipeline' retrieved from /opt/airflow/dags/flight_pipeline.py
[2026-05-28T05:02:29.403+0000] {logging_mixin.py:188} INFO - [2026-05-28T05:02:29.403+0000] {dag.py:3096} INFO - Sync 1 DAGs
[2026-05-28T05:02:29.425+0000] {logging_mixin.py:188} INFO - [2026-05-28T05:02:29.425+0000] {dag.py:3954} INFO - Setting next_dagrun for flight_pipeline to 2026-05-28 05:00:00+00:00, run_after=2026-05-28 06:00:00+00:00
[2026-05-28T05:02:29.447+0000] {processor.py:183} INFO - Processing /opt/airflow/dags/flight_pipeline.py took 0.098 seconds
[2026-05-28T05:02:59.502+0000] {processor.py:161} INFO - Started process (PID=4315) to work on /opt/airflow/dags/flight_pipeline.py
[2026-05-28T05:02:59.503+0000] {processor.py:830} INFO - Processing file /opt/airflow/dags/flight_pipeline.py for tasks to queue
[2026-05-28T05:02:59.506+0000] {logging_mixin.py:188} INFO - [2026-05-28T05:02:59.506+0000] {dagbag.py:540} INFO - Filling up the DagBag from /opt/airflow/dags/flight_pipeline.py
[2026-05-28T05:02:59.529+0000] {processor.py:840} INFO - DAG(s) 'flight_pipeline' retrieved from /opt/airflow/dags/flight_pipeline.py
[2026-05-28T05:02:59.560+0000] {logging_mixin.py:188} INFO - [2026-05-28T05:02:59.560+0000] {dag.py:3096} INFO - Sync 1 DAGs
[2026-05-28T05:02:59.584+0000] {logging_mixin.py:188} INFO - [2026-05-28T05:02:59.584+0000] {dag.py:3954} INFO - Setting next_dagrun for flight_pipeline to 2026-05-28 05:00:00+00:00, run_after=2026-05-28 06:00:00+00:00
[2026-05-28T05:02:59.602+0000] {processor.py:183} INFO - Processing /opt/airflow/dags/flight_pipeline.py took 0.109 seconds
[2026-05-28T05:03:30.487+0000] {processor.py:161} INFO - Started process (PID=4320) to work on /opt/airflow/dags/flight_pipeline.py
[2026-05-28T05:03:30.488+0000] {processor.py:830} INFO - Processing file /opt/airflow/dags/flight_pipeline.py for tasks to queue
[2026-05-28T05:03:30.490+0000] {logging_mixin.py:188} INFO - [2026-05-28T05:03:30.489+0000] {dagbag.py:540} INFO - Filling up the DagBag from /opt/airflow/dags/flight_pipeline.py
[2026-05-28T05:03:30.509+0000] {processor.py:840} INFO - DAG(s) 'flight_pipeline' retrieved from /opt/airflow/dags/flight_pipeline.py
[2026-05-28T05:03:30.538+0000] {logging_mixin.py:188} INFO - [2026-05-28T05:03:30.538+0000] {dag.py:3096} INFO - Sync 1 DAGs
[2026-05-28T05:03:30.559+0000] {logging_mixin.py:188} INFO - [2026-05-28T05:03:30.558+0000] {dag.py:3954} INFO - Setting next_dagrun for flight_pipeline to 2026-05-28 05:00:00+00:00, run_after=2026-05-28 06:00:00+00:00
[2026-05-28T05:03:30.577+0000] {processor.py:183} INFO - Processing /opt/airflow/dags/flight_pipeline.py took 0.097 seconds
[2026-05-28T05:04:00.616+0000] {processor.py:161} INFO - Started process (PID=4325) to work on /opt/airflow/dags/flight_pipeline.py
[2026-05-28T05:04:00.616+0000] {processor.py:830} INFO - Processing file /opt/airflow/dags/flight_pipeline.py for tasks to queue
[2026-05-28T05:04:00.618+0000] {logging_mixin.py:188} INFO - [2026-05-28T05:04:00.618+0000] {dagbag.py:540} INFO - Filling up the DagBag from /opt/airflow/dags/flight_pipeline.py
[2026-05-28T05:04:00.635+0000] {processor.py:840} INFO - DAG(s) 'flight_pipeline' retrieved from /opt/airflow/dags/flight_pipeline.py
[2026-05-28T05:04:00.660+0000] {logging_mixin.py:188} INFO - [2026-05-28T05:04:00.659+0000] {dag.py:3096} INFO - Sync 1 DAGs
[2026-05-28T05:04:00.678+0000] {logging_mixin.py:188} INFO - [2026-05-28T05:04:00.678+0000] {dag.py:3954} INFO - Setting next_dagrun for flight_pipeline to 2026-05-28 05:00:00+00:00, run_after=2026-05-28 06:00:00+00:00
[2026-05-28T05:04:00.694+0000] {processor.py:183} INFO - Processing /opt/airflow/dags/flight_pipeline.py took 0.083 seconds
[2026-05-28T05:04:30.769+0000] {processor.py:161} INFO - Started process (PID=4330) to work on /opt/airflow/dags/flight_pipeline.py
[2026-05-28T05:04:30.770+0000] {processor.py:830} INFO - Processing file /opt/airflow/dags/flight_pipeline.py for tasks to queue
[2026-05-28T05:04:30.772+0000] {logging_mixin.py:188} INFO - [2026-05-28T05:04:30.771+0000] {dagbag.py:540} INFO - Filling up the DagBag from /opt/airflow/dags/flight_pipeline.py
[2026-05-28T05:04:30.791+0000] {processor.py:840} INFO - DAG(s) 'flight_pipeline' retrieved from /opt/airflow/dags/flight_pipeline.py
[2026-05-28T05:04:30.818+0000] {logging_mixin.py:188} INFO - [2026-05-28T05:04:30.818+0000] {dag.py:3096} INFO - Sync 1 DAGs
[2026-05-28T05:04:30.839+0000] {logging_mixin.py:188} INFO - [2026-05-28T05:04:30.839+0000] {dag.py:3954} INFO - Setting next_dagrun for flight_pipeline to 2026-05-28 05:00:00+00:00, run_after=2026-05-28 06:00:00+00:00
[2026-05-28T05:04:30.855+0000] {processor.py:183} INFO - Processing /opt/airflow/dags/flight_pipeline.py took 0.092 seconds
[2026-05-28T05:05:01.772+0000] {processor.py:161} INFO - Started process (PID=4335) to work on /opt/airflow/dags/flight_pipeline.py
[2026-05-28T05:05:01.774+0000] {processor.py:830} INFO - Processing file /opt/airflow/dags/flight_pipeline.py for tasks to queue
[2026-05-28T05:05:01.776+0000] {logging_mixin.py:188} INFO - [2026-05-28T05:05:01.775+0000] {dagbag.py:540} INFO - Filling up the DagBag from /opt/airflow/dags/flight_pipeline.py
[2026-05-28T05:05:01.794+0000] {processor.py:840} INFO - DAG(s) 'flight_pipeline' retrieved from /opt/airflow/dags/flight_pipeline.py
[2026-05-28T05:05:01.823+0000] {logging_mixin.py:188} INFO - [2026-05-28T05:05:01.822+0000] {dag.py:3096} INFO - Sync 1 DAGs
[2026-05-28T05:05:01.844+0000] {logging_mixin.py:188} INFO - [2026-05-28T05:05:01.844+0000] {dag.py:3954} INFO - Setting next_dagrun for flight_pipeline to 2026-05-28 05:00:00+00:00, run_after=2026-05-28 06:00:00+00:00
[2026-05-28T05:05:01.861+0000] {processor.py:183} INFO - Processing /opt/airflow/dags/flight_pipeline.py took 0.096 seconds
[2026-05-28T05:05:31.929+0000] {processor.py:161} INFO - Started process (PID=4340) to work on /opt/airflow/dags/flight_pipeline.py
[2026-05-28T05:05:31.930+0000] {processor.py:830} INFO - Processing file /opt/airflow/dags/flight_pipeline.py for tasks to queue
[2026-05-28T05:05:31.932+0000] {logging_mixin.py:188} INFO - [2026-05-28T05:05:31.932+0000] {dagbag.py:540} INFO - Filling up the DagBag from /opt/airflow/dags/flight_pipeline.py
[2026-05-28T05:05:31.951+0000] {processor.py:840} INFO - DAG(s) 'flight_pipeline' retrieved from /opt/airflow/dags/flight_pipeline.py
[2026-05-28T05:05:31.979+0000] {logging_mixin.py:188} INFO - [2026-05-28T05:05:31.979+0000] {dag.py:3096} INFO - Sync 1 DAGs
[2026-05-28T05:05:32.000+0000] {logging_mixin.py:188} INFO - [2026-05-28T05:05:31.999+0000] {dag.py:3954} INFO - Setting next_dagrun for flight_pipeline to 2026-05-28 05:00:00+00:00, run_after=2026-05-28 06:00:00+00:00
[2026-05-28T05:05:32.016+0000] {processor.py:183} INFO - Processing /opt/airflow/dags/flight_pipeline.py took 0.094 seconds
[2026-05-28T05:06:02.068+0000] {processor.py:161} INFO - Started process (PID=4345) to work on /opt/airflow/dags/flight_pipeline.py
[2026-05-28T05:06:02.069+0000] {processor.py:830} INFO - Processing file /opt/airflow/dags/flight_pipeline.py for tasks to queue
[2026-05-28T05:06:02.070+0000] {logging_mixin.py:188} INFO - [2026-05-28T05:06:02.070+0000] {dagbag.py:540} INFO - Filling up the DagBag from /opt/airflow/dags/flight_pipeline.py
[2026-05-28T05:06:02.086+0000] {processor.py:840} INFO - DAG(s) 'flight_pipeline' retrieved from /opt/airflow/dags/flight_pipeline.py
[2026-05-28T05:06:02.110+0000] {logging_mixin.py:188} INFO - [2026-05-28T05:06:02.110+0000] {dag.py:3096} INFO - Sync 1 DAGs
[2026-05-28T05:06:02.128+0000] {logging_mixin.py:188} INFO - [2026-05-28T05:06:02.128+0000] {dag.py:3954} INFO - Setting next_dagrun for flight_pipeline to 2026-05-28 05:00:00+00:00, run_after=2026-05-28 06:00:00+00:00
[2026-05-28T05:06:02.146+0000] {processor.py:183} INFO - Processing /opt/airflow/dags/flight_pipeline.py took 0.084 seconds
[2026-05-28T05:06:32.204+0000] {processor.py:161} INFO - Started process (PID=4350) to work on /opt/airflow/dags/flight_pipeline.py
[2026-05-28T05:06:32.205+0000] {processor.py:830} INFO - Processing file /opt/airflow/dags/flight_pipeline.py for tasks to queue
[2026-05-28T05:06:32.206+0000] {logging_mixin.py:188} INFO - [2026-05-28T05:06:32.206+0000] {dagbag.py:540} INFO - Filling up the DagBag from /opt/airflow/dags/flight_pipeline.py
[2026-05-28T05:06:32.224+0000] {processor.py:840} INFO - DAG(s) 'flight_pipeline' retrieved from /opt/airflow/dags/flight_pipeline.py
[2026-05-28T05:06:32.251+0000] {logging_mixin.py:188} INFO - [2026-05-28T05:06:32.251+0000] {dag.py:3096} INFO - Sync 1 DAGs
[2026-05-28T05:06:32.272+0000] {logging_mixin.py:188} INFO - [2026-05-28T05:06:32.272+0000] {dag.py:3954} INFO - Setting next_dagrun for flight_pipeline to 2026-05-28 05:00:00+00:00, run_after=2026-05-28 06:00:00+00:00
[2026-05-28T05:06:32.288+0000] {processor.py:183} INFO - Processing /opt/airflow/dags/flight_pipeline.py took 0.090 seconds
[2026-05-28T05:07:03.230+0000] {processor.py:161} INFO - Started process (PID=4355) to work on /opt/airflow/dags/flight_pipeline.py
[2026-05-28T05:07:03.232+0000] {processor.py:830} INFO - Processing file /opt/airflow/dags/flight_pipeline.py for tasks to queue
[2026-05-28T05:07:03.235+0000] {logging_mixin.py:188} INFO - [2026-05-28T05:07:03.234+0000] {dagbag.py:540} INFO - Filling up the DagBag from /opt/airflow/dags/flight_pipeline.py
[2026-05-28T05:07:03.256+0000] {processor.py:840} INFO - DAG(s) 'flight_pipeline' retrieved from /opt/airflow/dags/flight_pipeline.py
[2026-05-28T05:07:03.285+0000] {logging_mixin.py:188} INFO - [2026-05-28T05:07:03.285+0000] {dag.py:3096} INFO - Sync 1 DAGs
[2026-05-28T05:07:03.306+0000] {logging_mixin.py:188} INFO - [2026-05-28T05:07:03.305+0000] {dag.py:3954} INFO - Setting next_dagrun for flight_pipeline to 2026-05-28 05:00:00+00:00, run_after=2026-05-28 06:00:00+00:00
[2026-05-28T05:07:03.324+0000] {processor.py:183} INFO - Processing /opt/airflow/dags/flight_pipeline.py took 0.106 seconds
[2026-05-28T05:07:33.413+0000] {processor.py:161} INFO - Started process (PID=4360) to work on /opt/airflow/dags/flight_pipeline.py
[2026-05-28T05:07:33.414+0000] {processor.py:830} INFO - Processing file /opt/airflow/dags/flight_pipeline.py for tasks to queue
[2026-05-28T05:07:33.416+0000] {logging_mixin.py:188} INFO - [2026-05-28T05:07:33.416+0000] {dagbag.py:540} INFO - Filling up the DagBag from /opt/airflow/dags/flight_pipeline.py
[2026-05-28T05:07:33.435+0000] {processor.py:840} INFO - DAG(s) 'flight_pipeline' retrieved from /opt/airflow/dags/flight_pipeline.py
[2026-05-28T05:07:33.462+0000] {logging_mixin.py:188} INFO - [2026-05-28T05:07:33.462+0000] {dag.py:3096} INFO - Sync 1 DAGs
[2026-05-28T05:07:33.486+0000] {logging_mixin.py:188} INFO - [2026-05-28T05:07:33.486+0000] {dag.py:3954} INFO - Setting next_dagrun for flight_pipeline to 2026-05-28 05:00:00+00:00, run_after=2026-05-28 06:00:00+00:00
[2026-05-28T05:07:33.507+0000] {processor.py:183} INFO - Processing /opt/airflow/dags/flight_pipeline.py took 0.101 seconds
[2026-05-28T05:08:04.417+0000] {processor.py:161} INFO - Started process (PID=4365) to work on /opt/airflow/dags/flight_pipeline.py
[2026-05-28T05:08:04.418+0000] {processor.py:830} INFO - Processing file /opt/airflow/dags/flight_pipeline.py for tasks to queue
[2026-05-28T05:08:04.420+0000] {logging_mixin.py:188} INFO - [2026-05-28T05:08:04.420+0000] {dagbag.py:540} INFO - Filling up the DagBag from /opt/airflow/dags/flight_pipeline.py
[2026-05-28T05:08:04.437+0000] {processor.py:840} INFO - DAG(s) 'flight_pipeline' retrieved from /opt/airflow/dags/flight_pipeline.py
[2026-05-28T05:08:04.461+0000] {logging_mixin.py:188} INFO - [2026-05-28T05:08:04.460+0000] {dag.py:3096} INFO - Sync 1 DAGs
[2026-05-28T05:08:04.480+0000] {logging_mixin.py:188} INFO - [2026-05-28T05:08:04.480+0000] {dag.py:3954} INFO - Setting next_dagrun for flight_pipeline to 2026-05-28 05:00:00+00:00, run_after=2026-05-28 06:00:00+00:00
[2026-05-28T05:08:04.495+0000] {processor.py:183} INFO - Processing /opt/airflow/dags/flight_pipeline.py took 0.084 seconds
[2026-05-28T05:08:35.544+0000] {processor.py:161} INFO - Started process (PID=4370) to work on /opt/airflow/dags/flight_pipeline.py
[2026-05-28T05:08:35.545+0000] {processor.py:830} INFO - Processing file /opt/airflow/dags/flight_pipeline.py for tasks to queue
[2026-05-28T05:08:35.548+0000] {logging_mixin.py:188} INFO - [2026-05-28T05:08:35.547+0000] {dagbag.py:540} INFO - Filling up the DagBag from /opt/airflow/dags/flight_pipeline.py
[2026-05-28T05:08:35.568+0000] {processor.py:840} INFO - DAG(s) 'flight_pipeline' retrieved from /opt/airflow/dags/flight_pipeline.py
[2026-05-28T05:08:35.598+0000] {logging_mixin.py:188} INFO - [2026-05-28T05:08:35.598+0000] {dag.py:3096} INFO - Sync 1 DAGs
[2026-05-28T05:08:35.619+0000] {logging_mixin.py:188} INFO - [2026-05-28T05:08:35.619+0000] {dag.py:3954} INFO - Setting next_dagrun for flight_pipeline to 2026-05-28 05:00:00+00:00, run_after=2026-05-28 06:00:00+00:00
[2026-05-28T05:08:35.637+0000] {processor.py:183} INFO - Processing /opt/airflow/dags/flight_pipeline.py took 0.102 seconds
[2026-05-28T05:09:05.765+0000] {processor.py:161} INFO - Started process (PID=4375) to work on /opt/airflow/dags/flight_pipeline.py
[2026-05-28T05:09:05.766+0000] {processor.py:830} INFO - Processing file /opt/airflow/dags/flight_pipeline.py for tasks to queue
[2026-05-28T05:09:05.768+0000] {logging_mixin.py:188} INFO - [2026-05-28T05:09:05.768+0000] {dagbag.py:540} INFO - Filling up the DagBag from /opt/airflow/dags/flight_pipeline.py
[2026-05-28T05:09:05.788+0000] {processor.py:840} INFO - DAG(s) 'flight_pipeline' retrieved from /opt/airflow/dags/flight_pipeline.py
[2026-05-28T05:09:05.818+0000] {logging_mixin.py:188} INFO - [2026-05-28T05:09:05.818+0000] {dag.py:3096} INFO - Sync 1 DAGs
[2026-05-28T05:09:05.842+0000] {logging_mixin.py:188} INFO - [2026-05-28T05:09:05.842+0000] {dag.py:3954} INFO - Setting next_dagrun for flight_pipeline to 2026-05-28 05:00:00+00:00, run_after=2026-05-28 06:00:00+00:00
[2026-05-28T05:09:05.863+0000] {processor.py:183} INFO - Processing /opt/airflow/dags/flight_pipeline.py took 0.107 seconds
[2026-05-28T05:09:35.910+0000] {processor.py:161} INFO - Started process (PID=4380) to work on /opt/airflow/dags/flight_pipeline.py
[2026-05-28T05:09:35.911+0000] {processor.py:830} INFO - Processing file /opt/airflow/dags/flight_pipeline.py for tasks to queue
[2026-05-28T05:09:35.914+0000] {logging_mixin.py:188} INFO - [2026-05-28T05:09:35.914+0000] {dagbag.py:540} INFO - Filling up the DagBag from /opt/airflow/dags/flight_pipeline.py
[2026-05-28T05:09:35.933+0000] {processor.py:840} INFO - DAG(s) 'flight_pipeline' retrieved from /opt/airflow/dags/flight_pipeline.py
[2026-05-28T05:09:35.961+0000] {logging_mixin.py:188} INFO - [2026-05-28T05:09:35.961+0000] {dag.py:3096} INFO - Sync 1 DAGs
[2026-05-28T05:09:35.982+0000] {logging_mixin.py:188} INFO - [2026-05-28T05:09:35.982+0000] {dag.py:3954} INFO - Setting next_dagrun for flight_pipeline to 2026-05-28 05:00:00+00:00, run_after=2026-05-28 06:00:00+00:00
[2026-05-28T05:09:35.999+0000] {processor.py:183} INFO - Processing /opt/airflow/dags/flight_pipeline.py took 0.096 seconds
[2026-05-28T05:10:06.920+0000] {processor.py:161} INFO - Started process (PID=4385) to work on /opt/airflow/dags/flight_pipeline.py
[2026-05-28T05:10:06.921+0000] {processor.py:830} INFO - Processing file /opt/airflow/dags/flight_pipeline.py for tasks to queue
[2026-05-28T05:10:06.923+0000] {logging_mixin.py:188} INFO - [2026-05-28T05:10:06.923+0000] {dagbag.py:540} INFO - Filling up the DagBag from /opt/airflow/dags/flight_pipeline.py
[2026-05-28T05:10:06.941+0000] {processor.py:840} INFO - DAG(s) 'flight_pipeline' retrieved from /opt/airflow/dags/flight_pipeline.py
[2026-05-28T05:10:06.971+0000] {logging_mixin.py:188} INFO - [2026-05-28T05:10:06.971+0000] {dag.py:3096} INFO - Sync 1 DAGs
[2026-05-28T05:10:06.995+0000] {logging_mixin.py:188} INFO - [2026-05-28T05:10:06.995+0000] {dag.py:3954} INFO - Setting next_dagrun for flight_pipeline to 2026-05-28 05:00:00+00:00, run_after=2026-05-28 06:00:00+00:00
[2026-05-28T05:10:07.014+0000] {processor.py:183} INFO - Processing /opt/airflow/dags/flight_pipeline.py took 0.100 seconds
[2026-05-28T05:10:37.088+0000] {processor.py:161} INFO - Started process (PID=4390) to work on /opt/airflow/dags/flight_pipeline.py
[2026-05-28T05:10:37.089+0000] {processor.py:830} INFO - Processing file /opt/airflow/dags/flight_pipeline.py for tasks to queue
[2026-05-28T05:10:37.092+0000] {logging_mixin.py:188} INFO - [2026-05-28T05:10:37.091+0000] {dagbag.py:540} INFO - Filling up the DagBag from /opt/airflow/dags/flight_pipeline.py
[2026-05-28T05:10:37.111+0000] {processor.py:840} INFO - DAG(s) 'flight_pipeline' retrieved from /opt/airflow/dags/flight_pipeline.py
[2026-05-28T05:10:37.138+0000] {logging_mixin.py:188} INFO - [2026-05-28T05:10:37.138+0000] {dag.py:3096} INFO - Sync 1 DAGs
[2026-05-28T05:10:37.160+0000] {logging_mixin.py:188} INFO - [2026-05-28T05:10:37.160+0000] {dag.py:3954} INFO - Setting next_dagrun for flight_pipeline to 2026-05-28 05:00:00+00:00, run_after=2026-05-28 06:00:00+00:00
[2026-05-28T05:10:37.176+0000] {processor.py:183} INFO - Processing /opt/airflow/dags/flight_pipeline.py took 0.095 seconds
[2026-05-28T05:11:07.673+0000] {processor.py:161} INFO - Started process (PID=4395) to work on /opt/airflow/dags/flight_pipeline.py
[2026-05-28T05:11:07.674+0000] {processor.py:830} INFO - Processing file /opt/airflow/dags/flight_pipeline.py for tasks to queue
[2026-05-28T05:11:07.676+0000] {logging_mixin.py:188} INFO - [2026-05-28T05:11:07.676+0000] {dagbag.py:540} INFO - Filling up the DagBag from /opt/airflow/dags/flight_pipeline.py
[2026-05-28T05:11:07.695+0000] {processor.py:840} INFO - DAG(s) 'flight_pipeline' retrieved from /opt/airflow/dags/flight_pipeline.py
[2026-05-28T05:11:07.723+0000] {logging_mixin.py:188} INFO - [2026-05-28T05:11:07.722+0000] {dag.py:3096} INFO - Sync 1 DAGs
[2026-05-28T05:11:07.744+0000] {logging_mixin.py:188} INFO - [2026-05-28T05:11:07.744+0000] {dag.py:3954} INFO - Setting next_dagrun for flight_pipeline to 2026-05-28 05:00:00+00:00, run_after=2026-05-28 06:00:00+00:00
[2026-05-28T05:11:07.761+0000] {processor.py:183} INFO - Processing /opt/airflow/dags/flight_pipeline.py took 0.095 seconds
[2026-05-28T05:11:38.291+0000] {processor.py:161} INFO - Started process (PID=4400) to work on /opt/airflow/dags/flight_pipeline.py
[2026-05-28T05:11:38.292+0000] {processor.py:830} INFO - Processing file /opt/airflow/dags/flight_pipeline.py for tasks to queue
[2026-05-28T05:11:38.295+0000] {logging_mixin.py:188} INFO - [2026-05-28T05:11:38.295+0000] {dagbag.py:540} INFO - Filling up the DagBag from /opt/airflow/dags/flight_pipeline.py
[2026-05-28T05:11:38.314+0000] {processor.py:840} INFO - DAG(s) 'flight_pipeline' retrieved from /opt/airflow/dags/flight_pipeline.py
[2026-05-28T05:11:38.341+0000] {logging_mixin.py:188} INFO - [2026-05-28T05:11:38.341+0000] {dag.py:3096} INFO - Sync 1 DAGs
[2026-05-28T05:11:38.364+0000] {logging_mixin.py:188} INFO - [2026-05-28T05:11:38.364+0000] {dag.py:3954} INFO - Setting next_dagrun for flight_pipeline to 2026-05-28 05:00:00+00:00, run_after=2026-05-28 06:00:00+00:00
[2026-05-28T05:11:38.386+0000] {processor.py:183} INFO - Processing /opt/airflow/dags/flight_pipeline.py took 0.101 seconds
[2026-05-28T05:12:09.373+0000] {processor.py:161} INFO - Started process (PID=4405) to work on /opt/airflow/dags/flight_pipeline.py
[2026-05-28T05:12:09.374+0000] {processor.py:830} INFO - Processing file /opt/airflow/dags/flight_pipeline.py for tasks to queue
[2026-05-28T05:12:09.375+0000] {logging_mixin.py:188} INFO - [2026-05-28T05:12:09.375+0000] {dagbag.py:540} INFO - Filling up the DagBag from /opt/airflow/dags/flight_pipeline.py
[2026-05-28T05:12:09.392+0000] {processor.py:840} INFO - DAG(s) 'flight_pipeline' retrieved from /opt/airflow/dags/flight_pipeline.py
[2026-05-28T05:12:09.416+0000] {logging_mixin.py:188} INFO - [2026-05-28T05:12:09.416+0000] {dag.py:3096} INFO - Sync 1 DAGs
[2026-05-28T05:12:09.435+0000] {logging_mixin.py:188} INFO - [2026-05-28T05:12:09.434+0000] {dag.py:3954} INFO - Setting next_dagrun for flight_pipeline to 2026-05-28 05:00:00+00:00, run_after=2026-05-28 06:00:00+00:00
[2026-05-28T05:12:09.449+0000] {processor.py:183} INFO - Processing /opt/airflow/dags/flight_pipeline.py took 0.082 seconds
[2026-05-28T05:12:39.496+0000] {processor.py:161} INFO - Started process (PID=4410) to work on /opt/airflow/dags/flight_pipeline.py
[2026-05-28T05:12:39.497+0000] {processor.py:830} INFO - Processing file /opt/airflow/dags/flight_pipeline.py for tasks to queue
[2026-05-28T05:12:39.499+0000] {logging_mixin.py:188} INFO - [2026-05-28T05:12:39.499+0000] {dagbag.py:540} INFO - Filling up the DagBag from /opt/airflow/dags/flight_pipeline.py
[2026-05-28T05:12:39.516+0000] {processor.py:840} INFO - DAG(s) 'flight_pipeline' retrieved from /opt/airflow/dags/flight_pipeline.py
[2026-05-28T05:12:39.539+0000] {logging_mixin.py:188} INFO - [2026-05-28T05:12:39.539+0000] {dag.py:3096} INFO - Sync 1 DAGs
[2026-05-28T05:12:39.557+0000] {logging_mixin.py:188} INFO - [2026-05-28T05:12:39.557+0000] {dag.py:3954} INFO - Setting next_dagrun for flight_pipeline to 2026-05-28 05:00:00+00:00, run_after=2026-05-28 06:00:00+00:00
[2026-05-28T05:12:39.572+0000] {processor.py:183} INFO - Processing /opt/airflow/dags/flight_pipeline.py took 0.081 seconds
[2026-05-28T05:13:09.638+0000] {processor.py:161} INFO - Started process (PID=4415) to work on /opt/airflow/dags/flight_pipeline.py
[2026-05-28T05:13:09.639+0000] {processor.py:830} INFO - Processing file /opt/airflow/dags/flight_pipeline.py for tasks to queue
[2026-05-28T05:13:09.641+0000] {logging_mixin.py:188} INFO - [2026-05-28T05:13:09.641+0000] {dagbag.py:540} INFO - Filling up the DagBag from /opt/airflow/dags/flight_pipeline.py
[2026-05-28T05:13:09.659+0000] {processor.py:840} INFO - DAG(s) 'flight_pipeline' retrieved from /opt/airflow/dags/flight_pipeline.py
[2026-05-28T05:13:09.688+0000] {logging_mixin.py:188} INFO - [2026-05-28T05:13:09.688+0000] {dag.py:3096} INFO - Sync 1 DAGs
[2026-05-28T05:13:09.710+0000] {logging_mixin.py:188} INFO - [2026-05-28T05:13:09.710+0000] {dag.py:3954} INFO - Setting next_dagrun for flight_pipeline to 2026-05-28 05:00:00+00:00, run_after=2026-05-28 06:00:00+00:00
[2026-05-28T05:13:09.731+0000] {processor.py:183} INFO - Processing /opt/airflow/dags/flight_pipeline.py took 0.099 seconds
[2026-05-28T05:13:39.785+0000] {processor.py:161} INFO - Started process (PID=4420) to work on /opt/airflow/dags/flight_pipeline.py
[2026-05-28T05:13:39.787+0000] {processor.py:830} INFO - Processing file /opt/airflow/dags/flight_pipeline.py for tasks to queue
[2026-05-28T05:13:39.789+0000] {logging_mixin.py:188} INFO - [2026-05-28T05:13:39.788+0000] {dagbag.py:540} INFO - Filling up the DagBag from /opt/airflow/dags/flight_pipeline.py
[2026-05-28T05:13:39.807+0000] {processor.py:840} INFO - DAG(s) 'flight_pipeline' retrieved from /opt/airflow/dags/flight_pipeline.py
[2026-05-28T05:13:39.836+0000] {logging_mixin.py:188} INFO - [2026-05-28T05:13:39.836+0000] {dag.py:3096} INFO - Sync 1 DAGs
[2026-05-28T05:13:39.857+0000] {logging_mixin.py:188} INFO - [2026-05-28T05:13:39.857+0000] {dag.py:3954} INFO - Setting next_dagrun for flight_pipeline to 2026-05-28 05:00:00+00:00, run_after=2026-05-28 06:00:00+00:00
[2026-05-28T05:13:39.873+0000] {processor.py:183} INFO - Processing /opt/airflow/dags/flight_pipeline.py took 0.095 seconds
[2026-05-28T05:14:10.777+0000] {processor.py:161} INFO - Started process (PID=4425) to work on /opt/airflow/dags/flight_pipeline.py
[2026-05-28T05:14:10.778+0000] {processor.py:830} INFO - Processing file /opt/airflow/dags/flight_pipeline.py for tasks to queue
[2026-05-28T05:14:10.779+0000] {logging_mixin.py:188} INFO - [2026-05-28T05:14:10.779+0000] {dagbag.py:540} INFO - Filling up the DagBag from /opt/airflow/dags/flight_pipeline.py
[2026-05-28T05:14:10.797+0000] {processor.py:840} INFO - DAG(s) 'flight_pipeline' retrieved from /opt/airflow/dags/flight_pipeline.py
[2026-05-28T05:14:10.820+0000] {logging_mixin.py:188} INFO - [2026-05-28T05:14:10.820+0000] {dag.py:3096} INFO - Sync 1 DAGs
[2026-05-28T05:14:10.839+0000] {logging_mixin.py:188} INFO - [2026-05-28T05:14:10.839+0000] {dag.py:3954} INFO - Setting next_dagrun for flight_pipeline to 2026-05-28 05:00:00+00:00, run_after=2026-05-28 06:00:00+00:00
[2026-05-28T05:14:10.855+0000] {processor.py:183} INFO - Processing /opt/airflow/dags/flight_pipeline.py took 0.083 seconds
[2026-05-28T05:14:40.991+0000] {processor.py:161} INFO - Started process (PID=4430) to work on /opt/airflow/dags/flight_pipeline.py
[2026-05-28T05:14:40.992+0000] {processor.py:830} INFO - Processing file /opt/airflow/dags/flight_pipeline.py for tasks to queue
[2026-05-28T05:14:40.994+0000] {logging_mixin.py:188} INFO - [2026-05-28T05:14:40.993+0000] {dagbag.py:540} INFO - Filling up the DagBag from /opt/airflow/dags/flight_pipeline.py
[2026-05-28T05:14:41.011+0000] {processor.py:840} INFO - DAG(s) 'flight_pipeline' retrieved from /opt/airflow/dags/flight_pipeline.py
[2026-05-28T05:14:41.036+0000] {logging_mixin.py:188} INFO - [2026-05-28T05:14:41.036+0000] {dag.py:3096} INFO - Sync 1 DAGs
[2026-05-28T05:14:41.055+0000] {logging_mixin.py:188} INFO - [2026-05-28T05:14:41.054+0000] {dag.py:3954} INFO - Setting next_dagrun for flight_pipeline to 2026-05-28 05:00:00+00:00, run_after=2026-05-28 06:00:00+00:00
[2026-05-28T05:14:41.072+0000] {processor.py:183} INFO - Processing /opt/airflow/dags/flight_pipeline.py took 0.086 seconds
[2026-05-28T05:15:12.146+0000] {processor.py:161} INFO - Started process (PID=4435) to work on /opt/airflow/dags/flight_pipeline.py
[2026-05-28T05:15:12.147+0000] {processor.py:830} INFO - Processing file /opt/airflow/dags/flight_pipeline.py for tasks to queue
[2026-05-28T05:15:12.149+0000] {logging_mixin.py:188} INFO - [2026-05-28T05:15:12.148+0000] {dagbag.py:540} INFO - Filling up the DagBag from /opt/airflow/dags/flight_pipeline.py
[2026-05-28T05:15:12.169+0000] {processor.py:840} INFO - DAG(s) 'flight_pipeline' retrieved from /opt/airflow/dags/flight_pipeline.py
[2026-05-28T05:15:12.195+0000] {logging_mixin.py:188} INFO - [2026-05-28T05:15:12.195+0000] {dag.py:3096} INFO - Sync 1 DAGs
[2026-05-28T05:15:12.219+0000] {logging_mixin.py:188} INFO - [2026-05-28T05:15:12.219+0000] {dag.py:3954} INFO - Setting next_dagrun for flight_pipeline to 2026-05-28 05:00:00+00:00, run_after=2026-05-28 06:00:00+00:00
[2026-05-28T05:15:12.237+0000] {processor.py:183} INFO - Processing /opt/airflow/dags/flight_pipeline.py took 0.097 seconds
[2026-05-28T05:15:43.242+0000] {processor.py:161} INFO - Started process (PID=4440) to work on /opt/airflow/dags/flight_pipeline.py
[2026-05-28T05:15:43.243+0000] {processor.py:830} INFO - Processing file /opt/airflow/dags/flight_pipeline.py for tasks to queue
[2026-05-28T05:15:43.246+0000] {logging_mixin.py:188} INFO - [2026-05-28T05:15:43.245+0000] {dagbag.py:540} INFO - Filling up the DagBag from /opt/airflow/dags/flight_pipeline.py
[2026-05-28T05:15:43.266+0000] {processor.py:840} INFO - DAG(s) 'flight_pipeline' retrieved from /opt/airflow/dags/flight_pipeline.py
[2026-05-28T05:15:43.295+0000] {logging_mixin.py:188} INFO - [2026-05-28T05:15:43.294+0000] {dag.py:3096} INFO - Sync 1 DAGs
[2026-05-28T05:15:43.315+0000] {logging_mixin.py:188} INFO - [2026-05-28T05:15:43.315+0000] {dag.py:3954} INFO - Setting next_dagrun for flight_pipeline to 2026-05-28 05:00:00+00:00, run_after=2026-05-28 06:00:00+00:00
[2026-05-28T05:15:43.331+0000] {processor.py:183} INFO - Processing /opt/airflow/dags/flight_pipeline.py took 0.097 seconds
[2026-05-28T05:16:13.787+0000] {processor.py:161} INFO - Started process (PID=4445) to work on /opt/airflow/dags/flight_pipeline.py
[2026-05-28T05:16:13.788+0000] {processor.py:830} INFO - Processing file /opt/airflow/dags/flight_pipeline.py for tasks to queue
[2026-05-28T05:16:13.790+0000] {logging_mixin.py:188} INFO - [2026-05-28T05:16:13.790+0000] {dagbag.py:540} INFO - Filling up the DagBag from /opt/airflow/dags/flight_pipeline.py
[2026-05-28T05:16:13.808+0000] {processor.py:840} INFO - DAG(s) 'flight_pipeline' retrieved from /opt/airflow/dags/flight_pipeline.py
[2026-05-28T05:16:13.838+0000] {logging_mixin.py:188} INFO - [2026-05-28T05:16:13.838+0000] {dag.py:3096} INFO - Sync 1 DAGs
[2026-05-28T05:16:13.860+0000] {logging_mixin.py:188} INFO - [2026-05-28T05:16:13.859+0000] {dag.py:3954} INFO - Setting next_dagrun for flight_pipeline to 2026-05-28 05:00:00+00:00, run_after=2026-05-28 06:00:00+00:00
[2026-05-28T05:16:13.878+0000] {processor.py:183} INFO - Processing /opt/airflow/dags/flight_pipeline.py took 0.097 seconds
[2026-05-28T05:16:43.945+0000] {processor.py:161} INFO - Started process (PID=4450) to work on /opt/airflow/dags/flight_pipeline.py
[2026-05-28T05:16:43.947+0000] {processor.py:830} INFO - Processing file /opt/airflow/dags/flight_pipeline.py for tasks to queue
[2026-05-28T05:16:43.949+0000] {logging_mixin.py:188} INFO - [2026-05-28T05:16:43.948+0000] {dagbag.py:540} INFO - Filling up the DagBag from /opt/airflow/dags/flight_pipeline.py
[2026-05-28T05:16:44.493+0000] {processor.py:840} INFO - DAG(s) 'flight_pipeline' retrieved from /opt/airflow/dags/flight_pipeline.py
[2026-05-28T05:16:44.522+0000] {logging_mixin.py:188} INFO - [2026-05-28T05:16:44.522+0000] {dag.py:3096} INFO - Sync 1 DAGs
[2026-05-28T05:16:44.552+0000] {logging_mixin.py:188} INFO - [2026-05-28T05:16:44.552+0000] {dag.py:3954} INFO - Setting next_dagrun for flight_pipeline to 2026-05-28 05:00:00+00:00, run_after=2026-05-28 06:00:00+00:00
[2026-05-28T05:16:44.584+0000] {processor.py:183} INFO - Processing /opt/airflow/dags/flight_pipeline.py took 0.127 seconds
[2026-05-28T05:17:15.605+0000] {processor.py:161} INFO - Started process (PID=4455) to work on /opt/airflow/dags/flight_pipeline.py
[2026-05-28T05:17:15.606+0000] {processor.py:830} INFO - Processing file /opt/airflow/dags/flight_pipeline.py for tasks to queue
[2026-05-28T05:17:15.608+0000] {logging_mixin.py:188} INFO - [2026-05-28T05:17:15.608+0000] {dagbag.py:540} INFO - Filling up the DagBag from /opt/airflow/dags/flight_pipeline.py
[2026-05-28T05:17:15.628+0000] {processor.py:840} INFO - DAG(s) 'flight_pipeline' retrieved from /opt/airflow/dags/flight_pipeline.py
[2026-05-28T05:17:15.657+0000] {logging_mixin.py:188} INFO - [2026-05-28T05:17:15.657+0000] {dag.py:3096} INFO - Sync 1 DAGs
[2026-05-28T05:17:15.679+0000] {logging_mixin.py:188} INFO - [2026-05-28T05:17:15.678+0000] {dag.py:3954} INFO - Setting next_dagrun for flight_pipeline to 2026-05-28 05:00:00+00:00, run_after=2026-05-28 06:00:00+00:00
[2026-05-28T05:17:15.696+0000] {processor.py:183} INFO - Processing /opt/airflow/dags/flight_pipeline.py took 0.098 seconds
[2026-05-28T05:17:46.689+0000] {processor.py:161} INFO - Started process (PID=4460) to work on /opt/airflow/dags/flight_pipeline.py
[2026-05-28T05:17:46.690+0000] {processor.py:830} INFO - Processing file /opt/airflow/dags/flight_pipeline.py for tasks to queue
[2026-05-28T05:17:46.692+0000] {logging_mixin.py:188} INFO - [2026-05-28T05:17:46.692+0000] {dagbag.py:540} INFO - Filling up the DagBag from /opt/airflow/dags/flight_pipeline.py
[2026-05-28T05:17:46.713+0000] {processor.py:840} INFO - DAG(s) 'flight_pipeline' retrieved from /opt/airflow/dags/flight_pipeline.py
[2026-05-28T05:17:46.745+0000] {logging_mixin.py:188} INFO - [2026-05-28T05:17:46.745+0000] {dag.py:3096} INFO - Sync 1 DAGs
[2026-05-28T05:17:46.767+0000] {logging_mixin.py:188} INFO - [2026-05-28T05:17:46.767+0000] {dag.py:3954} INFO - Setting next_dagrun for flight_pipeline to 2026-05-28 05:00:00+00:00, run_after=2026-05-28 06:00:00+00:00
[2026-05-28T05:17:46.784+0000] {processor.py:183} INFO - Processing /opt/airflow/dags/flight_pipeline.py took 0.102 seconds
[2026-05-28T05:18:17.851+0000] {processor.py:161} INFO - Started process (PID=4465) to work on /opt/airflow/dags/flight_pipeline.py
[2026-05-28T05:18:17.851+0000] {processor.py:830} INFO - Processing file /opt/airflow/dags/flight_pipeline.py for tasks to queue
[2026-05-28T05:18:17.853+0000] {logging_mixin.py:188} INFO - [2026-05-28T05:18:17.853+0000] {dagbag.py:540} INFO - Filling up the DagBag from /opt/airflow/dags/flight_pipeline.py
[2026-05-28T05:18:17.870+0000] {processor.py:840} INFO - DAG(s) 'flight_pipeline' retrieved from /opt/airflow/dags/flight_pipeline.py
[2026-05-28T05:18:17.894+0000] {logging_mixin.py:188} INFO - [2026-05-28T05:18:17.893+0000] {dag.py:3096} INFO - Sync 1 DAGs
[2026-05-28T05:18:17.911+0000] {logging_mixin.py:188} INFO - [2026-05-28T05:18:17.911+0000] {dag.py:3954} INFO - Setting next_dagrun for flight_pipeline to 2026-05-28 05:00:00+00:00, run_after=2026-05-28 06:00:00+00:00
[2026-05-28T05:18:17.927+0000] {processor.py:183} INFO - Processing /opt/airflow/dags/flight_pipeline.py took 0.082 seconds
[2026-05-28T05:18:48.889+0000] {processor.py:161} INFO - Started process (PID=4470) to work on /opt/airflow/dags/flight_pipeline.py
[2026-05-28T05:18:48.890+0000] {processor.py:830} INFO - Processing file /opt/airflow/dags/flight_pipeline.py for tasks to queue
[2026-05-28T05:18:48.892+0000] {logging_mixin.py:188} INFO - [2026-05-28T05:18:48.892+0000] {dagbag.py:540} INFO - Filling up the DagBag from /opt/airflow/dags/flight_pipeline.py
[2026-05-28T05:18:48.911+0000] {processor.py:840} INFO - DAG(s) 'flight_pipeline' retrieved from /opt/airflow/dags/flight_pipeline.py
[2026-05-28T05:18:48.937+0000] {logging_mixin.py:188} INFO - [2026-05-28T05:18:48.937+0000] {dag.py:3096} INFO - Sync 1 DAGs
[2026-05-28T05:18:48.957+0000] {logging_mixin.py:188} INFO - [2026-05-28T05:18:48.957+0000] {dag.py:3954} INFO - Setting next_dagrun for flight_pipeline to 2026-05-28 05:00:00+00:00, run_after=2026-05-28 06:00:00+00:00
[2026-05-28T05:18:48.977+0000] {processor.py:183} INFO - Processing /opt/airflow/dags/flight_pipeline.py took 0.094 seconds
[2026-05-28T05:19:20.043+0000] {processor.py:161} INFO - Started process (PID=4475) to work on /opt/airflow/dags/flight_pipeline.py
[2026-05-28T05:19:20.044+0000] {processor.py:830} INFO - Processing file /opt/airflow/dags/flight_pipeline.py for tasks to queue
[2026-05-28T05:19:20.046+0000] {logging_mixin.py:188} INFO - [2026-05-28T05:19:20.046+0000] {dagbag.py:540} INFO - Filling up the DagBag from /opt/airflow/dags/flight_pipeline.py
[2026-05-28T05:19:20.065+0000] {processor.py:840} INFO - DAG(s) 'flight_pipeline' retrieved from /opt/airflow/dags/flight_pipeline.py
[2026-05-28T05:19:20.092+0000] {logging_mixin.py:188} INFO - [2026-05-28T05:19:20.091+0000] {dag.py:3096} INFO - Sync 1 DAGs
[2026-05-28T05:19:20.113+0000] {logging_mixin.py:188} INFO - [2026-05-28T05:19:20.113+0000] {dag.py:3954} INFO - Setting next_dagrun for flight_pipeline to 2026-05-28 05:00:00+00:00, run_after=2026-05-28 06:00:00+00:00
[2026-05-28T05:19:20.131+0000] {processor.py:183} INFO - Processing /opt/airflow/dags/flight_pipeline.py took 0.095 seconds
[2026-05-28T05:19:50.186+0000] {processor.py:161} INFO - Started process (PID=4480) to work on /opt/airflow/dags/flight_pipeline.py
[2026-05-28T05:19:50.187+0000] {processor.py:830} INFO - Processing file /opt/airflow/dags/flight_pipeline.py for tasks to queue
[2026-05-28T05:19:50.190+0000] {logging_mixin.py:188} INFO - [2026-05-28T05:19:50.189+0000] {dagbag.py:540} INFO - Filling up the DagBag from /opt/airflow/dags/flight_pipeline.py
[2026-05-28T05:19:50.209+0000] {processor.py:840} INFO - DAG(s) 'flight_pipeline' retrieved from /opt/airflow/dags/flight_pipeline.py
[2026-05-28T05:19:50.240+0000] {logging_mixin.py:188} INFO - [2026-05-28T05:19:50.240+0000] {dag.py:3096} INFO - Sync 1 DAGs
[2026-05-28T05:19:50.262+0000] {logging_mixin.py:188} INFO - [2026-05-28T05:19:50.261+0000] {dag.py:3954} INFO - Setting next_dagrun for flight_pipeline to 2026-05-28 05:00:00+00:00, run_after=2026-05-28 06:00:00+00:00
[2026-05-28T05:19:50.278+0000] {processor.py:183} INFO - Processing /opt/airflow/dags/flight_pipeline.py took 0.100 seconds
[2026-05-28T05:20:21.329+0000] {processor.py:161} INFO - Started process (PID=4485) to work on /opt/airflow/dags/flight_pipeline.py
[2026-05-28T05:20:21.330+0000] {processor.py:830} INFO - Processing file /opt/airflow/dags/flight_pipeline.py for tasks to queue
[2026-05-28T05:20:21.332+0000] {logging_mixin.py:188} INFO - [2026-05-28T05:20:21.332+0000] {dagbag.py:540} INFO - Filling up the DagBag from /opt/airflow/dags/flight_pipeline.py
[2026-05-28T05:20:21.350+0000] {processor.py:840} INFO - DAG(s) 'flight_pipeline' retrieved from /opt/airflow/dags/flight_pipeline.py
[2026-05-28T05:20:21.385+0000] {logging_mixin.py:188} INFO - [2026-05-28T05:20:21.385+0000] {dag.py:3096} INFO - Sync 1 DAGs
[2026-05-28T05:20:21.412+0000] {logging_mixin.py:188} INFO - [2026-05-28T05:20:21.412+0000] {dag.py:3954} INFO - Setting next_dagrun for flight_pipeline to 2026-05-28 05:00:00+00:00, run_after=2026-05-28 06:00:00+00:00
[2026-05-28T05:20:21.432+0000] {processor.py:183} INFO - Processing /opt/airflow/dags/flight_pipeline.py took 0.109 seconds
[2026-05-28T05:20:52.396+0000] {processor.py:161} INFO - Started process (PID=4490) to work on /opt/airflow/dags/flight_pipeline.py
[2026-05-28T05:20:52.397+0000] {processor.py:830} INFO - Processing file /opt/airflow/dags/flight_pipeline.py for tasks to queue
[2026-05-28T05:20:52.399+0000] {logging_mixin.py:188} INFO - [2026-05-28T05:20:52.399+0000] {dagbag.py:540} INFO - Filling up the DagBag from /opt/airflow/dags/flight_pipeline.py
[2026-05-28T05:20:52.418+0000] {processor.py:840} INFO - DAG(s) 'flight_pipeline' retrieved from /opt/airflow/dags/flight_pipeline.py
[2026-05-28T05:20:52.447+0000] {logging_mixin.py:188} INFO - [2026-05-28T05:20:52.447+0000] {dag.py:3096} INFO - Sync 1 DAGs
[2026-05-28T05:20:52.469+0000] {logging_mixin.py:188} INFO - [2026-05-28T05:20:52.469+0000] {dag.py:3954} INFO - Setting next_dagrun for flight_pipeline to 2026-05-28 05:00:00+00:00, run_after=2026-05-28 06:00:00+00:00
[2026-05-28T05:20:52.488+0000] {processor.py:183} INFO - Processing /opt/airflow/dags/flight_pipeline.py took 0.099 seconds
[2026-05-28T05:21:23.602+0000] {processor.py:161} INFO - Started process (PID=4495) to work on /opt/airflow/dags/flight_pipeline.py
[2026-05-28T05:21:23.604+0000] {processor.py:830} INFO - Processing file /opt/airflow/dags/flight_pipeline.py for tasks to queue
[2026-05-28T05:21:23.607+0000] {logging_mixin.py:188} INFO - [2026-05-28T05:21:23.607+0000] {dagbag.py:540} INFO - Filling up the DagBag from /opt/airflow/dags/flight_pipeline.py
[2026-05-28T05:21:23.634+0000] {processor.py:840} INFO - DAG(s) 'flight_pipeline' retrieved from /opt/airflow/dags/flight_pipeline.py
[2026-05-28T05:21:23.676+0000] {logging_mixin.py:188} INFO - [2026-05-28T05:21:23.676+0000] {dag.py:3096} INFO - Sync 1 DAGs
[2026-05-28T05:21:23.718+0000] {logging_mixin.py:188} INFO - [2026-05-28T05:21:23.718+0000] {dag.py:3954} INFO - Setting next_dagrun for flight_pipeline to 2026-05-28 05:00:00+00:00, run_after=2026-05-28 06:00:00+00:00
[2026-05-28T05:21:23.743+0000] {processor.py:183} INFO - Processing /opt/airflow/dags/flight_pipeline.py took 0.149 seconds
[2026-05-28T05:21:54.757+0000] {processor.py:161} INFO - Started process (PID=4500) to work on /opt/airflow/dags/flight_pipeline.py
[2026-05-28T05:21:54.758+0000] {processor.py:830} INFO - Processing file /opt/airflow/dags/flight_pipeline.py for tasks to queue
[2026-05-28T05:21:54.760+0000] {logging_mixin.py:188} INFO - [2026-05-28T05:21:54.760+0000] {dagbag.py:540} INFO - Filling up the DagBag from /opt/airflow/dags/flight_pipeline.py
[2026-05-28T05:21:54.777+0000] {processor.py:840} INFO - DAG(s) 'flight_pipeline' retrieved from /opt/airflow/dags/flight_pipeline.py
[2026-05-28T05:21:54.802+0000] {logging_mixin.py:188} INFO - [2026-05-28T05:21:54.802+0000] {dag.py:3096} INFO - Sync 1 DAGs
[2026-05-28T05:21:54.822+0000] {logging_mixin.py:188} INFO - [2026-05-28T05:21:54.821+0000] {dag.py:3954} INFO - Setting next_dagrun for flight_pipeline to 2026-05-28 05:00:00+00:00, run_after=2026-05-28 06:00:00+00:00
[2026-05-28T05:21:54.839+0000] {processor.py:183} INFO - Processing /opt/airflow/dags/flight_pipeline.py took 0.087 seconds
[2026-05-28T05:22:24.921+0000] {processor.py:161} INFO - Started process (PID=4505) to work on /opt/airflow/dags/flight_pipeline.py
[2026-05-28T05:22:24.922+0000] {processor.py:830} INFO - Processing file /opt/airflow/dags/flight_pipeline.py for tasks to queue
[2026-05-28T05:22:24.925+0000] {logging_mixin.py:188} INFO - [2026-05-28T05:22:24.925+0000] {dagbag.py:540} INFO - Filling up the DagBag from /opt/airflow/dags/flight_pipeline.py
[2026-05-28T05:22:24.946+0000] {processor.py:840} INFO - DAG(s) 'flight_pipeline' retrieved from /opt/airflow/dags/flight_pipeline.py
[2026-05-28T05:22:24.977+0000] {logging_mixin.py:188} INFO - [2026-05-28T05:22:24.977+0000] {dag.py:3096} INFO - Sync 1 DAGs
[2026-05-28T05:22:25.001+0000] {logging_mixin.py:188} INFO - [2026-05-28T05:22:25.001+0000] {dag.py:3954} INFO - Setting next_dagrun for flight_pipeline to 2026-05-28 05:00:00+00:00, run_after=2026-05-28 06:00:00+00:00
[2026-05-28T05:22:25.022+0000] {processor.py:183} INFO - Processing /opt/airflow/dags/flight_pipeline.py took 0.112 seconds
[2026-05-28T05:22:56.011+0000] {processor.py:161} INFO - Started process (PID=4510) to work on /opt/airflow/dags/flight_pipeline.py
[2026-05-28T05:22:56.012+0000] {processor.py:830} INFO - Processing file /opt/airflow/dags/flight_pipeline.py for tasks to queue
[2026-05-28T05:22:56.014+0000] {logging_mixin.py:188} INFO - [2026-05-28T05:22:56.014+0000] {dagbag.py:540} INFO - Filling up the DagBag from /opt/airflow/dags/flight_pipeline.py
[2026-05-28T05:22:56.032+0000] {processor.py:840} INFO - DAG(s) 'flight_pipeline' retrieved from /opt/airflow/dags/flight_pipeline.py
[2026-05-28T05:22:56.060+0000] {logging_mixin.py:188} INFO - [2026-05-28T05:22:56.059+0000] {dag.py:3096} INFO - Sync 1 DAGs
[2026-05-28T05:22:56.082+0000] {logging_mixin.py:188} INFO - [2026-05-28T05:22:56.082+0000] {dag.py:3954} INFO - Setting next_dagrun for flight_pipeline to 2026-05-28 05:00:00+00:00, run_after=2026-05-28 06:00:00+00:00
[2026-05-28T05:22:56.098+0000] {processor.py:183} INFO - Processing /opt/airflow/dags/flight_pipeline.py took 0.095 seconds
[2026-05-28T05:23:27.210+0000] {processor.py:161} INFO - Started process (PID=4515) to work on /opt/airflow/dags/flight_pipeline.py
[2026-05-28T05:23:27.211+0000] {processor.py:830} INFO - Processing file /opt/airflow/dags/flight_pipeline.py for tasks to queue
[2026-05-28T05:23:27.212+0000] {logging_mixin.py:188} INFO - [2026-05-28T05:23:27.212+0000] {dagbag.py:540} INFO - Filling up the DagBag from /opt/airflow/dags/flight_pipeline.py
[2026-05-28T05:23:27.228+0000] {processor.py:840} INFO - DAG(s) 'flight_pipeline' retrieved from /opt/airflow/dags/flight_pipeline.py
[2026-05-28T05:23:27.252+0000] {logging_mixin.py:188} INFO - [2026-05-28T05:23:27.252+0000] {dag.py:3096} INFO - Sync 1 DAGs
[2026-05-28T05:23:27.271+0000] {logging_mixin.py:188} INFO - [2026-05-28T05:23:27.271+0000] {dag.py:3954} INFO - Setting next_dagrun for flight_pipeline to 2026-05-28 05:00:00+00:00, run_after=2026-05-28 06:00:00+00:00
[2026-05-28T05:23:27.287+0000] {processor.py:183} INFO - Processing /opt/airflow/dags/flight_pipeline.py took 0.082 seconds
[2026-05-28T05:23:58.331+0000] {processor.py:161} INFO - Started process (PID=4520) to work on /opt/airflow/dags/flight_pipeline.py
[2026-05-28T05:23:58.333+0000] {processor.py:830} INFO - Processing file /opt/airflow/dags/flight_pipeline.py for tasks to queue
[2026-05-28T05:23:58.335+0000] {logging_mixin.py:188} INFO - [2026-05-28T05:23:58.335+0000] {dagbag.py:540} INFO - Filling up the DagBag from /opt/airflow/dags/flight_pipeline.py
[2026-05-28T05:23:58.356+0000] {processor.py:840} INFO - DAG(s) 'flight_pipeline' retrieved from /opt/airflow/dags/flight_pipeline.py
[2026-05-28T05:23:58.391+0000] {logging_mixin.py:188} INFO - [2026-05-28T05:23:58.391+0000] {dag.py:3096} INFO - Sync 1 DAGs
[2026-05-28T05:23:58.417+0000] {logging_mixin.py:188} INFO - [2026-05-28T05:23:58.417+0000] {dag.py:3954} INFO - Setting next_dagrun for flight_pipeline to 2026-05-28 05:00:00+00:00, run_after=2026-05-28 06:00:00+00:00
[2026-05-28T05:23:58.439+0000] {processor.py:183} INFO - Processing /opt/airflow/dags/flight_pipeline.py took 0.114 seconds
[2026-05-28T05:24:29.473+0000] {processor.py:161} INFO - Started process (PID=4525) to work on /opt/airflow/dags/flight_pipeline.py
[2026-05-28T05:24:29.474+0000] {processor.py:830} INFO - Processing file /opt/airflow/dags/flight_pipeline.py for tasks to queue
[2026-05-28T05:24:29.476+0000] {logging_mixin.py:188} INFO - [2026-05-28T05:24:29.476+0000] {dagbag.py:540} INFO - Filling up the DagBag from /opt/airflow/dags/flight_pipeline.py
[2026-05-28T05:24:29.495+0000] {processor.py:840} INFO - DAG(s) 'flight_pipeline' retrieved from /opt/airflow/dags/flight_pipeline.py
[2026-05-28T05:24:29.522+0000] {logging_mixin.py:188} INFO - [2026-05-28T05:24:29.522+0000] {dag.py:3096} INFO - Sync 1 DAGs
[2026-05-28T05:24:29.543+0000] {logging_mixin.py:188} INFO - [2026-05-28T05:24:29.543+0000] {dag.py:3954} INFO - Setting next_dagrun for flight_pipeline to 2026-05-28 05:00:00+00:00, run_after=2026-05-28 06:00:00+00:00
[2026-05-28T05:24:29.560+0000] {processor.py:183} INFO - Processing /opt/airflow/dags/flight_pipeline.py took 0.094 seconds
[2026-05-28T05:25:00.566+0000] {processor.py:161} INFO - Started process (PID=4530) to work on /opt/airflow/dags/flight_pipeline.py
[2026-05-28T05:25:00.567+0000] {processor.py:830} INFO - Processing file /opt/airflow/dags/flight_pipeline.py for tasks to queue
[2026-05-28T05:25:00.569+0000] {logging_mixin.py:188} INFO - [2026-05-28T05:25:00.569+0000] {dagbag.py:540} INFO - Filling up the DagBag from /opt/airflow/dags/flight_pipeline.py
[2026-05-28T05:25:00.585+0000] {processor.py:840} INFO - DAG(s) 'flight_pipeline' retrieved from /opt/airflow/dags/flight_pipeline.py
[2026-05-28T05:25:00.610+0000] {logging_mixin.py:188} INFO - [2026-05-28T05:25:00.610+0000] {dag.py:3096} INFO - Sync 1 DAGs
[2026-05-28T05:25:00.632+0000] {logging_mixin.py:188} INFO - [2026-05-28T05:25:00.631+0000] {dag.py:3954} INFO - Setting next_dagrun for flight_pipeline to 2026-05-28 05:00:00+00:00, run_after=2026-05-28 06:00:00+00:00
[2026-05-28T05:25:00.657+0000] {processor.py:183} INFO - Processing /opt/airflow/dags/flight_pipeline.py took 0.097 seconds
[2026-05-28T05:25:30.737+0000] {processor.py:161} INFO - Started process (PID=4535) to work on /opt/airflow/dags/flight_pipeline.py
[2026-05-28T05:25:30.738+0000] {processor.py:830} INFO - Processing file /opt/airflow/dags/flight_pipeline.py for tasks to queue
[2026-05-28T05:25:30.740+0000] {logging_mixin.py:188} INFO - [2026-05-28T05:25:30.739+0000] {dagbag.py:540} INFO - Filling up the DagBag from /opt/airflow/dags/flight_pipeline.py
[2026-05-28T05:25:30.757+0000] {processor.py:840} INFO - DAG(s) 'flight_pipeline' retrieved from /opt/airflow/dags/flight_pipeline.py
[2026-05-28T05:25:30.781+0000] {logging_mixin.py:188} INFO - [2026-05-28T05:25:30.780+0000] {dag.py:3096} INFO - Sync 1 DAGs
[2026-05-28T05:25:30.799+0000] {logging_mixin.py:188} INFO - [2026-05-28T05:25:30.798+0000] {dag.py:3954} INFO - Setting next_dagrun for flight_pipeline to 2026-05-28 05:00:00+00:00, run_after=2026-05-28 06:00:00+00:00
[2026-05-28T05:25:30.814+0000] {processor.py:183} INFO - Processing /opt/airflow/dags/flight_pipeline.py took 0.083 seconds
[2026-05-28T05:26:01.918+0000] {processor.py:161} INFO - Started process (PID=4540) to work on /opt/airflow/dags/flight_pipeline.py
[2026-05-28T05:26:01.919+0000] {processor.py:830} INFO - Processing file /opt/airflow/dags/flight_pipeline.py for tasks to queue
[2026-05-28T05:26:01.922+0000] {logging_mixin.py:188} INFO - [2026-05-28T05:26:01.921+0000] {dagbag.py:540} INFO - Filling up the DagBag from /opt/airflow/dags/flight_pipeline.py
[2026-05-28T05:26:01.942+0000] {processor.py:840} INFO - DAG(s) 'flight_pipeline' retrieved from /opt/airflow/dags/flight_pipeline.py
[2026-05-28T05:26:01.970+0000] {logging_mixin.py:188} INFO - [2026-05-28T05:26:01.970+0000] {dag.py:3096} INFO - Sync 1 DAGs
[2026-05-28T05:26:01.992+0000] {logging_mixin.py:188} INFO - [2026-05-28T05:26:01.991+0000] {dag.py:3954} INFO - Setting next_dagrun for flight_pipeline to 2026-05-28 05:00:00+00:00, run_after=2026-05-28 06:00:00+00:00
[2026-05-28T05:26:02.008+0000] {processor.py:183} INFO - Processing /opt/airflow/dags/flight_pipeline.py took 0.096 seconds
[2026-05-28T05:26:33.049+0000] {processor.py:161} INFO - Started process (PID=4545) to work on /opt/airflow/dags/flight_pipeline.py
[2026-05-28T05:26:33.050+0000] {processor.py:830} INFO - Processing file /opt/airflow/dags/flight_pipeline.py for tasks to queue
[2026-05-28T05:26:33.052+0000] {logging_mixin.py:188} INFO - [2026-05-28T05:26:33.052+0000] {dagbag.py:540} INFO - Filling up the DagBag from /opt/airflow/dags/flight_pipeline.py
[2026-05-28T05:26:33.069+0000] {processor.py:840} INFO - DAG(s) 'flight_pipeline' retrieved from /opt/airflow/dags/flight_pipeline.py
[2026-05-28T05:26:33.092+0000] {logging_mixin.py:188} INFO - [2026-05-28T05:26:33.092+0000] {dag.py:3096} INFO - Sync 1 DAGs
[2026-05-28T05:26:33.111+0000] {logging_mixin.py:188} INFO - [2026-05-28T05:26:33.111+0000] {dag.py:3954} INFO - Setting next_dagrun for flight_pipeline to 2026-05-28 05:00:00+00:00, run_after=2026-05-28 06:00:00+00:00
[2026-05-28T05:26:33.127+0000] {processor.py:183} INFO - Processing /opt/airflow/dags/flight_pipeline.py took 0.083 seconds
[2026-05-28T05:27:04.212+0000] {processor.py:161} INFO - Started process (PID=4550) to work on /opt/airflow/dags/flight_pipeline.py
[2026-05-28T05:27:04.213+0000] {processor.py:830} INFO - Processing file /opt/airflow/dags/flight_pipeline.py for tasks to queue
[2026-05-28T05:27:04.214+0000] {logging_mixin.py:188} INFO - [2026-05-28T05:27:04.214+0000] {dagbag.py:540} INFO - Filling up the DagBag from /opt/airflow/dags/flight_pipeline.py
[2026-05-28T05:27:04.231+0000] {processor.py:840} INFO - DAG(s) 'flight_pipeline' retrieved from /opt/airflow/dags/flight_pipeline.py
[2026-05-28T05:27:04.257+0000] {logging_mixin.py:188} INFO - [2026-05-28T05:27:04.257+0000] {dag.py:3096} INFO - Sync 1 DAGs
[2026-05-28T05:27:04.278+0000] {logging_mixin.py:188} INFO - [2026-05-28T05:27:04.278+0000] {dag.py:3954} INFO - Setting next_dagrun for flight_pipeline to 2026-05-28 05:00:00+00:00, run_after=2026-05-28 06:00:00+00:00
[2026-05-28T05:27:04.304+0000] {processor.py:183} INFO - Processing /opt/airflow/dags/flight_pipeline.py took 0.098 seconds
[2026-05-28T05:27:35.351+0000] {processor.py:161} INFO - Started process (PID=4555) to work on /opt/airflow/dags/flight_pipeline.py
[2026-05-28T05:27:35.352+0000] {processor.py:830} INFO - Processing file /opt/airflow/dags/flight_pipeline.py for tasks to queue
[2026-05-28T05:27:35.354+0000] {logging_mixin.py:188} INFO - [2026-05-28T05:27:35.353+0000] {dagbag.py:540} INFO - Filling up the DagBag from /opt/airflow/dags/flight_pipeline.py
[2026-05-28T05:27:35.374+0000] {processor.py:840} INFO - DAG(s) 'flight_pipeline' retrieved from /opt/airflow/dags/flight_pipeline.py
[2026-05-28T05:27:35.402+0000] {logging_mixin.py:188} INFO - [2026-05-28T05:27:35.402+0000] {dag.py:3096} INFO - Sync 1 DAGs
[2026-05-28T05:27:35.424+0000] {logging_mixin.py:188} INFO - [2026-05-28T05:27:35.423+0000] {dag.py:3954} INFO - Setting next_dagrun for flight_pipeline to 2026-05-28 05:00:00+00:00, run_after=2026-05-28 06:00:00+00:00
[2026-05-28T05:27:35.447+0000] {processor.py:183} INFO - Processing /opt/airflow/dags/flight_pipeline.py took 0.104 seconds
[2026-05-28T05:28:05.536+0000] {processor.py:161} INFO - Started process (PID=4560) to work on /opt/airflow/dags/flight_pipeline.py
[2026-05-28T05:28:05.537+0000] {processor.py:830} INFO - Processing file /opt/airflow/dags/flight_pipeline.py for tasks to queue
[2026-05-28T05:28:05.539+0000] {logging_mixin.py:188} INFO - [2026-05-28T05:28:05.539+0000] {dagbag.py:540} INFO - Filling up the DagBag from /opt/airflow/dags/flight_pipeline.py
[2026-05-28T05:28:05.558+0000] {processor.py:840} INFO - DAG(s) 'flight_pipeline' retrieved from /opt/airflow/dags/flight_pipeline.py
[2026-05-28T05:28:05.586+0000] {logging_mixin.py:188} INFO - [2026-05-28T05:28:05.586+0000] {dag.py:3096} INFO - Sync 1 DAGs
[2026-05-28T05:28:05.607+0000] {logging_mixin.py:188} INFO - [2026-05-28T05:28:05.607+0000] {dag.py:3954} INFO - Setting next_dagrun for flight_pipeline to 2026-05-28 05:00:00+00:00, run_after=2026-05-28 06:00:00+00:00
[2026-05-28T05:28:05.623+0000] {processor.py:183} INFO - Processing /opt/airflow/dags/flight_pipeline.py took 0.094 seconds
[2026-05-28T05:28:36.658+0000] {processor.py:161} INFO - Started process (PID=4565) to work on /opt/airflow/dags/flight_pipeline.py
[2026-05-28T05:28:36.659+0000] {processor.py:830} INFO - Processing file /opt/airflow/dags/flight_pipeline.py for tasks to queue
[2026-05-28T05:28:36.661+0000] {logging_mixin.py:188} INFO - [2026-05-28T05:28:36.660+0000] {dagbag.py:540} INFO - Filling up the DagBag from /opt/airflow/dags/flight_pipeline.py
[2026-05-28T05:28:36.677+0000] {processor.py:840} INFO - DAG(s) 'flight_pipeline' retrieved from /opt/airflow/dags/flight_pipeline.py
[2026-05-28T05:28:36.701+0000] {logging_mixin.py:188} INFO - [2026-05-28T05:28:36.701+0000] {dag.py:3096} INFO - Sync 1 DAGs
[2026-05-28T05:28:36.719+0000] {logging_mixin.py:188} INFO - [2026-05-28T05:28:36.719+0000] {dag.py:3954} INFO - Setting next_dagrun for flight_pipeline to 2026-05-28 05:00:00+00:00, run_after=2026-05-28 06:00:00+00:00
[2026-05-28T05:28:36.736+0000] {processor.py:183} INFO - Processing /opt/airflow/dags/flight_pipeline.py took 0.084 seconds
[2026-05-28T05:29:07.860+0000] {processor.py:161} INFO - Started process (PID=4570) to work on /opt/airflow/dags/flight_pipeline.py
[2026-05-28T05:29:07.861+0000] {processor.py:830} INFO - Processing file /opt/airflow/dags/flight_pipeline.py for tasks to queue
[2026-05-28T05:29:07.863+0000] {logging_mixin.py:188} INFO - [2026-05-28T05:29:07.862+0000] {dagbag.py:540} INFO - Filling up the DagBag from /opt/airflow/dags/flight_pipeline.py
[2026-05-28T05:29:07.881+0000] {processor.py:840} INFO - DAG(s) 'flight_pipeline' retrieved from /opt/airflow/dags/flight_pipeline.py
[2026-05-28T05:29:07.909+0000] {logging_mixin.py:188} INFO - [2026-05-28T05:29:07.908+0000] {dag.py:3096} INFO - Sync 1 DAGs
[2026-05-28T05:29:07.931+0000] {logging_mixin.py:188} INFO - [2026-05-28T05:29:07.930+0000] {dag.py:3954} INFO - Setting next_dagrun for flight_pipeline to 2026-05-28 05:00:00+00:00, run_after=2026-05-28 06:00:00+00:00
[2026-05-28T05:29:07.954+0000] {processor.py:183} INFO - Processing /opt/airflow/dags/flight_pipeline.py took 0.100 seconds
[2026-05-28T05:29:38.940+0000] {processor.py:161} INFO - Started process (PID=4575) to work on /opt/airflow/dags/flight_pipeline.py
[2026-05-28T05:29:38.941+0000] {processor.py:830} INFO - Processing file /opt/airflow/dags/flight_pipeline.py for tasks to queue
[2026-05-28T05:29:38.943+0000] {logging_mixin.py:188} INFO - [2026-05-28T05:29:38.942+0000] {dagbag.py:540} INFO - Filling up the DagBag from /opt/airflow/dags/flight_pipeline.py
[2026-05-28T05:29:38.961+0000] {processor.py:840} INFO - DAG(s) 'flight_pipeline' retrieved from /opt/airflow/dags/flight_pipeline.py
[2026-05-28T05:29:38.990+0000] {logging_mixin.py:188} INFO - [2026-05-28T05:29:38.990+0000] {dag.py:3096} INFO - Sync 1 DAGs
[2026-05-28T05:29:39.012+0000] {logging_mixin.py:188} INFO - [2026-05-28T05:29:39.012+0000] {dag.py:3954} INFO - Setting next_dagrun for flight_pipeline to 2026-05-28 05:00:00+00:00, run_after=2026-05-28 06:00:00+00:00
[2026-05-28T05:29:39.028+0000] {processor.py:183} INFO - Processing /opt/airflow/dags/flight_pipeline.py took 0.097 seconds
[2026-05-28T05:30:10.194+0000] {processor.py:161} INFO - Started process (PID=4580) to work on /opt/airflow/dags/flight_pipeline.py
[2026-05-28T05:30:10.195+0000] {processor.py:830} INFO - Processing file /opt/airflow/dags/flight_pipeline.py for tasks to queue
[2026-05-28T05:30:10.196+0000] {logging_mixin.py:188} INFO - [2026-05-28T05:30:10.196+0000] {dagbag.py:540} INFO - Filling up the DagBag from /opt/airflow/dags/flight_pipeline.py
[2026-05-28T05:30:10.212+0000] {processor.py:840} INFO - DAG(s) 'flight_pipeline' retrieved from /opt/airflow/dags/flight_pipeline.py
[2026-05-28T05:30:10.236+0000] {logging_mixin.py:188} INFO - [2026-05-28T05:30:10.236+0000] {dag.py:3096} INFO - Sync 1 DAGs
[2026-05-28T05:30:10.254+0000] {logging_mixin.py:188} INFO - [2026-05-28T05:30:10.254+0000] {dag.py:3954} INFO - Setting next_dagrun for flight_pipeline to 2026-05-28 05:00:00+00:00, run_after=2026-05-28 06:00:00+00:00
[2026-05-28T05:30:10.268+0000] {processor.py:183} INFO - Processing /opt/airflow/dags/flight_pipeline.py took 0.080 seconds
[2026-05-28T05:30:41.310+0000] {processor.py:161} INFO - Started process (PID=4585) to work on /opt/airflow/dags/flight_pipeline.py
[2026-05-28T05:30:41.311+0000] {processor.py:830} INFO - Processing file /opt/airflow/dags/flight_pipeline.py for tasks to queue
[2026-05-28T05:30:41.314+0000] {logging_mixin.py:188} INFO - [2026-05-28T05:30:41.313+0000] {dagbag.py:540} INFO - Filling up the DagBag from /opt/airflow/dags/flight_pipeline.py
[2026-05-28T05:30:41.334+0000] {processor.py:840} INFO - DAG(s) 'flight_pipeline' retrieved from /opt/airflow/dags/flight_pipeline.py
[2026-05-28T05:30:41.376+0000] {logging_mixin.py:188} INFO - [2026-05-28T05:30:41.376+0000] {dag.py:3096} INFO - Sync 1 DAGs
[2026-05-28T05:30:41.401+0000] {logging_mixin.py:188} INFO - [2026-05-28T05:30:41.401+0000] {dag.py:3954} INFO - Setting next_dagrun for flight_pipeline to 2026-05-28 05:00:00+00:00, run_after=2026-05-28 06:00:00+00:00
[2026-05-28T05:30:41.444+0000] {processor.py:183} INFO - Processing /opt/airflow/dags/flight_pipeline.py took 0.143 seconds
[2026-05-28T05:31:11.530+0000] {processor.py:161} INFO - Started process (PID=4590) to work on /opt/airflow/dags/flight_pipeline.py
[2026-05-28T05:31:11.532+0000] {processor.py:830} INFO - Processing file /opt/airflow/dags/flight_pipeline.py for tasks to queue
[2026-05-28T05:31:11.534+0000] {logging_mixin.py:188} INFO - [2026-05-28T05:31:11.533+0000] {dagbag.py:540} INFO - Filling up the DagBag from /opt/airflow/dags/flight_pipeline.py
[2026-05-28T05:31:11.552+0000] {processor.py:840} INFO - DAG(s) 'flight_pipeline' retrieved from /opt/airflow/dags/flight_pipeline.py
[2026-05-28T05:31:11.582+0000] {logging_mixin.py:188} INFO - [2026-05-28T05:31:11.582+0000] {dag.py:3096} INFO - Sync 1 DAGs
[2026-05-28T05:31:11.603+0000] {logging_mixin.py:188} INFO - [2026-05-28T05:31:11.602+0000] {dag.py:3954} INFO - Setting next_dagrun for flight_pipeline to 2026-05-28 05:00:00+00:00, run_after=2026-05-28 06:00:00+00:00
[2026-05-28T05:31:11.619+0000] {processor.py:183} INFO - Processing /opt/airflow/dags/flight_pipeline.py took 0.098 seconds
[2026-05-28T05:31:42.663+0000] {processor.py:161} INFO - Started process (PID=4595) to work on /opt/airflow/dags/flight_pipeline.py
[2026-05-28T05:31:42.664+0000] {processor.py:830} INFO - Processing file /opt/airflow/dags/flight_pipeline.py for tasks to queue
[2026-05-28T05:31:42.666+0000] {logging_mixin.py:188} INFO - [2026-05-28T05:31:42.666+0000] {dagbag.py:540} INFO - Filling up the DagBag from /opt/airflow/dags/flight_pipeline.py
[2026-05-28T05:31:42.685+0000] {processor.py:840} INFO - DAG(s) 'flight_pipeline' retrieved from /opt/airflow/dags/flight_pipeline.py
[2026-05-28T05:31:42.714+0000] {logging_mixin.py:188} INFO - [2026-05-28T05:31:42.714+0000] {dag.py:3096} INFO - Sync 1 DAGs
[2026-05-28T05:31:42.735+0000] {logging_mixin.py:188} INFO - [2026-05-28T05:31:42.735+0000] {dag.py:3954} INFO - Setting next_dagrun for flight_pipeline to 2026-05-28 05:00:00+00:00, run_after=2026-05-28 06:00:00+00:00
[2026-05-28T05:31:42.752+0000] {processor.py:183} INFO - Processing /opt/airflow/dags/flight_pipeline.py took 0.096 seconds
[2026-05-28T05:32:13.924+0000] {processor.py:161} INFO - Started process (PID=4600) to work on /opt/airflow/dags/flight_pipeline.py
[2026-05-28T05:32:13.926+0000] {processor.py:830} INFO - Processing file /opt/airflow/dags/flight_pipeline.py for tasks to queue
[2026-05-28T05:32:13.927+0000] {logging_mixin.py:188} INFO - [2026-05-28T05:32:13.927+0000] {dagbag.py:540} INFO - Filling up the DagBag from /opt/airflow/dags/flight_pipeline.py
[2026-05-28T05:32:13.947+0000] {processor.py:840} INFO - DAG(s) 'flight_pipeline' retrieved from /opt/airflow/dags/flight_pipeline.py
[2026-05-28T05:32:13.972+0000] {logging_mixin.py:188} INFO - [2026-05-28T05:32:13.972+0000] {dag.py:3096} INFO - Sync 1 DAGs
[2026-05-28T05:32:13.994+0000] {logging_mixin.py:188} INFO - [2026-05-28T05:32:13.994+0000] {dag.py:3954} INFO - Setting next_dagrun for flight_pipeline to 2026-05-28 05:00:00+00:00, run_after=2026-05-28 06:00:00+00:00
[2026-05-28T05:32:14.011+0000] {processor.py:183} INFO - Processing /opt/airflow/dags/flight_pipeline.py took 0.094 seconds
[2026-05-28T05:32:44.984+0000] {processor.py:161} INFO - Started process (PID=4605) to work on /opt/airflow/dags/flight_pipeline.py
[2026-05-28T05:32:44.985+0000] {processor.py:830} INFO - Processing file /opt/airflow/dags/flight_pipeline.py for tasks to queue
[2026-05-28T05:32:44.987+0000] {logging_mixin.py:188} INFO - [2026-05-28T05:32:44.987+0000] {dagbag.py:540} INFO - Filling up the DagBag from /opt/airflow/dags/flight_pipeline.py
[2026-05-28T05:32:45.006+0000] {processor.py:840} INFO - DAG(s) 'flight_pipeline' retrieved from /opt/airflow/dags/flight_pipeline.py
[2026-05-28T05:32:45.036+0000] {logging_mixin.py:188} INFO - [2026-05-28T05:32:45.035+0000] {dag.py:3096} INFO - Sync 1 DAGs
[2026-05-28T05:32:45.058+0000] {logging_mixin.py:188} INFO - [2026-05-28T05:32:45.057+0000] {dag.py:3954} INFO - Setting next_dagrun for flight_pipeline to 2026-05-28 05:00:00+00:00, run_after=2026-05-28 06:00:00+00:00
[2026-05-28T05:32:45.074+0000] {processor.py:183} INFO - Processing /opt/airflow/dags/flight_pipeline.py took 0.097 seconds
[2026-05-28T05:33:16.233+0000] {processor.py:161} INFO - Started process (PID=4610) to work on /opt/airflow/dags/flight_pipeline.py
[2026-05-28T05:33:16.234+0000] {processor.py:830} INFO - Processing file /opt/airflow/dags/flight_pipeline.py for tasks to queue
[2026-05-28T05:33:16.236+0000] {logging_mixin.py:188} INFO - [2026-05-28T05:33:16.235+0000] {dagbag.py:540} INFO - Filling up the DagBag from /opt/airflow/dags/flight_pipeline.py
[2026-05-28T05:33:16.252+0000] {processor.py:840} INFO - DAG(s) 'flight_pipeline' retrieved from /opt/airflow/dags/flight_pipeline.py
[2026-05-28T05:33:16.276+0000] {logging_mixin.py:188} INFO - [2026-05-28T05:33:16.276+0000] {dag.py:3096} INFO - Sync 1 DAGs
[2026-05-28T05:33:16.295+0000] {logging_mixin.py:188} INFO - [2026-05-28T05:33:16.295+0000] {dag.py:3954} INFO - Setting next_dagrun for flight_pipeline to 2026-05-28 05:00:00+00:00, run_after=2026-05-28 06:00:00+00:00
[2026-05-28T05:33:16.313+0000] {processor.py:183} INFO - Processing /opt/airflow/dags/flight_pipeline.py took 0.085 seconds
[2026-05-28T05:33:46.357+0000] {processor.py:161} INFO - Started process (PID=4615) to work on /opt/airflow/dags/flight_pipeline.py
[2026-05-28T05:33:46.358+0000] {processor.py:830} INFO - Processing file /opt/airflow/dags/flight_pipeline.py for tasks to queue
[2026-05-28T05:33:46.360+0000] {logging_mixin.py:188} INFO - [2026-05-28T05:33:46.360+0000] {dagbag.py:540} INFO - Filling up the DagBag from /opt/airflow/dags/flight_pipeline.py
[2026-05-28T05:33:46.378+0000] {processor.py:840} INFO - DAG(s) 'flight_pipeline' retrieved from /opt/airflow/dags/flight_pipeline.py
[2026-05-28T05:33:46.405+0000] {logging_mixin.py:188} INFO - [2026-05-28T05:33:46.405+0000] {dag.py:3096} INFO - Sync 1 DAGs
[2026-05-28T05:33:46.425+0000] {logging_mixin.py:188} INFO - [2026-05-28T05:33:46.424+0000] {dag.py:3954} INFO - Setting next_dagrun for flight_pipeline to 2026-05-28 05:00:00+00:00, run_after=2026-05-28 06:00:00+00:00
[2026-05-28T05:33:46.443+0000] {processor.py:183} INFO - Processing /opt/airflow/dags/flight_pipeline.py took 0.093 seconds
[2026-05-28T05:34:17.509+0000] {processor.py:161} INFO - Started process (PID=4620) to work on /opt/airflow/dags/flight_pipeline.py
[2026-05-28T05:34:17.510+0000] {processor.py:830} INFO - Processing file /opt/airflow/dags/flight_pipeline.py for tasks to queue
[2026-05-28T05:34:17.513+0000] {logging_mixin.py:188} INFO - [2026-05-28T05:34:17.512+0000] {dagbag.py:540} INFO - Filling up the DagBag from /opt/airflow/dags/flight_pipeline.py
[2026-05-28T05:34:17.534+0000] {processor.py:840} INFO - DAG(s) 'flight_pipeline' retrieved from /opt/airflow/dags/flight_pipeline.py
[2026-05-28T05:34:17.565+0000] {logging_mixin.py:188} INFO - [2026-05-28T05:34:17.565+0000] {dag.py:3096} INFO - Sync 1 DAGs
[2026-05-28T05:34:17.590+0000] {logging_mixin.py:188} INFO - [2026-05-28T05:34:17.589+0000] {dag.py:3954} INFO - Setting next_dagrun for flight_pipeline to 2026-05-28 05:00:00+00:00, run_after=2026-05-28 06:00:00+00:00
[2026-05-28T05:34:17.609+0000] {processor.py:183} INFO - Processing /opt/airflow/dags/flight_pipeline.py took 0.107 seconds
[2026-05-28T05:34:48.688+0000] {processor.py:161} INFO - Started process (PID=4625) to work on /opt/airflow/dags/flight_pipeline.py
[2026-05-28T05:34:48.689+0000] {processor.py:830} INFO - Processing file /opt/airflow/dags/flight_pipeline.py for tasks to queue
[2026-05-28T05:34:48.691+0000] {logging_mixin.py:188} INFO - [2026-05-28T05:34:48.691+0000] {dagbag.py:540} INFO - Filling up the DagBag from /opt/airflow/dags/flight_pipeline.py
[2026-05-28T05:34:48.709+0000] {processor.py:840} INFO - DAG(s) 'flight_pipeline' retrieved from /opt/airflow/dags/flight_pipeline.py
[2026-05-28T05:34:48.736+0000] {logging_mixin.py:188} INFO - [2026-05-28T05:34:48.735+0000] {dag.py:3096} INFO - Sync 1 DAGs
[2026-05-28T05:34:48.757+0000] {logging_mixin.py:188} INFO - [2026-05-28T05:34:48.757+0000] {dag.py:3954} INFO - Setting next_dagrun for flight_pipeline to 2026-05-28 05:00:00+00:00, run_after=2026-05-28 06:00:00+00:00
[2026-05-28T05:34:48.776+0000] {processor.py:183} INFO - Processing /opt/airflow/dags/flight_pipeline.py took 0.094 seconds
[2026-05-28T05:35:19.945+0000] {processor.py:161} INFO - Started process (PID=4630) to work on /opt/airflow/dags/flight_pipeline.py
[2026-05-28T05:35:19.946+0000] {processor.py:830} INFO - Processing file /opt/airflow/dags/flight_pipeline.py for tasks to queue
[2026-05-28T05:35:19.949+0000] {logging_mixin.py:188} INFO - [2026-05-28T05:35:19.948+0000] {dagbag.py:540} INFO - Filling up the DagBag from /opt/airflow/dags/flight_pipeline.py
[2026-05-28T05:35:19.967+0000] {processor.py:840} INFO - DAG(s) 'flight_pipeline' retrieved from /opt/airflow/dags/flight_pipeline.py
[2026-05-28T05:35:19.992+0000] {logging_mixin.py:188} INFO - [2026-05-28T05:35:19.992+0000] {dag.py:3096} INFO - Sync 1 DAGs
[2026-05-28T05:35:20.014+0000] {logging_mixin.py:188} INFO - [2026-05-28T05:35:20.014+0000] {dag.py:3954} INFO - Setting next_dagrun for flight_pipeline to 2026-05-28 05:00:00+00:00, run_after=2026-05-28 06:00:00+00:00
[2026-05-28T05:35:21.386+0000] {processor.py:183} INFO - Processing /opt/airflow/dags/flight_pipeline.py took 1.446 seconds
[2026-05-28T05:35:51.470+0000] {processor.py:161} INFO - Started process (PID=4635) to work on /opt/airflow/dags/flight_pipeline.py
[2026-05-28T05:35:51.471+0000] {processor.py:830} INFO - Processing file /opt/airflow/dags/flight_pipeline.py for tasks to queue
[2026-05-28T05:35:51.473+0000] {logging_mixin.py:188} INFO - [2026-05-28T05:35:51.473+0000] {dagbag.py:540} INFO - Filling up the DagBag from /opt/airflow/dags/flight_pipeline.py
[2026-05-28T05:35:51.489+0000] {processor.py:840} INFO - DAG(s) 'flight_pipeline' retrieved from /opt/airflow/dags/flight_pipeline.py
[2026-05-28T05:35:51.513+0000] {logging_mixin.py:188} INFO - [2026-05-28T05:35:51.513+0000] {dag.py:3096} INFO - Sync 1 DAGs
[2026-05-28T05:35:51.532+0000] {logging_mixin.py:188} INFO - [2026-05-28T05:35:51.532+0000] {dag.py:3954} INFO - Setting next_dagrun for flight_pipeline to 2026-05-28 05:00:00+00:00, run_after=2026-05-28 06:00:00+00:00
[2026-05-28T05:35:51.547+0000] {processor.py:183} INFO - Processing /opt/airflow/dags/flight_pipeline.py took 0.082 seconds
[2026-05-28T05:36:21.667+0000] {processor.py:161} INFO - Started process (PID=4640) to work on /opt/airflow/dags/flight_pipeline.py
[2026-05-28T05:36:21.668+0000] {processor.py:830} INFO - Processing file /opt/airflow/dags/flight_pipeline.py for tasks to queue
[2026-05-28T05:36:21.670+0000] {logging_mixin.py:188} INFO - [2026-05-28T05:36:21.670+0000] {dagbag.py:540} INFO - Filling up the DagBag from /opt/airflow/dags/flight_pipeline.py
[2026-05-28T05:36:21.687+0000] {processor.py:840} INFO - DAG(s) 'flight_pipeline' retrieved from /opt/airflow/dags/flight_pipeline.py
[2026-05-28T05:36:21.714+0000] {logging_mixin.py:188} INFO - [2026-05-28T05:36:21.713+0000] {dag.py:3096} INFO - Sync 1 DAGs
[2026-05-28T05:36:21.734+0000] {logging_mixin.py:188} INFO - [2026-05-28T05:36:21.733+0000] {dag.py:3954} INFO - Setting next_dagrun for flight_pipeline to 2026-05-28 05:00:00+00:00, run_after=2026-05-28 06:00:00+00:00
[2026-05-28T05:36:21.750+0000] {processor.py:183} INFO - Processing /opt/airflow/dags/flight_pipeline.py took 0.089 seconds
[2026-05-28T05:36:52.893+0000] {processor.py:161} INFO - Started process (PID=4645) to work on /opt/airflow/dags/flight_pipeline.py
[2026-05-28T05:36:52.895+0000] {processor.py:830} INFO - Processing file /opt/airflow/dags/flight_pipeline.py for tasks to queue
[2026-05-28T05:36:52.897+0000] {logging_mixin.py:188} INFO - [2026-05-28T05:36:52.896+0000] {dagbag.py:540} INFO - Filling up the DagBag from /opt/airflow/dags/flight_pipeline.py
[2026-05-28T05:36:52.916+0000] {processor.py:840} INFO - DAG(s) 'flight_pipeline' retrieved from /opt/airflow/dags/flight_pipeline.py
[2026-05-28T05:36:52.944+0000] {logging_mixin.py:188} INFO - [2026-05-28T05:36:52.943+0000] {dag.py:3096} INFO - Sync 1 DAGs
[2026-05-28T05:36:52.966+0000] {logging_mixin.py:188} INFO - [2026-05-28T05:36:52.966+0000] {dag.py:3954} INFO - Setting next_dagrun for flight_pipeline to 2026-05-28 05:00:00+00:00, run_after=2026-05-28 06:00:00+00:00
[2026-05-28T05:36:52.984+0000] {processor.py:183} INFO - Processing /opt/airflow/dags/flight_pipeline.py took 0.097 seconds
[2026-05-28T05:37:24.055+0000] {processor.py:161} INFO - Started process (PID=4650) to work on /opt/airflow/dags/flight_pipeline.py
[2026-05-28T05:37:24.057+0000] {processor.py:830} INFO - Processing file /opt/airflow/dags/flight_pipeline.py for tasks to queue
[2026-05-28T05:37:24.061+0000] {logging_mixin.py:188} INFO - [2026-05-28T05:37:24.060+0000] {dagbag.py:540} INFO - Filling up the DagBag from /opt/airflow/dags/flight_pipeline.py
[2026-05-28T05:37:24.083+0000] {processor.py:840} INFO - DAG(s) 'flight_pipeline' retrieved from /opt/airflow/dags/flight_pipeline.py
[2026-05-28T05:37:24.113+0000] {logging_mixin.py:188} INFO - [2026-05-28T05:37:24.113+0000] {dag.py:3096} INFO - Sync 1 DAGs
[2026-05-28T05:37:24.135+0000] {logging_mixin.py:188} INFO - [2026-05-28T05:37:24.135+0000] {dag.py:3954} INFO - Setting next_dagrun for flight_pipeline to 2026-05-28 05:00:00+00:00, run_after=2026-05-28 06:00:00+00:00
[2026-05-28T05:37:24.154+0000] {processor.py:183} INFO - Processing /opt/airflow/dags/flight_pipeline.py took 0.106 seconds
[2026-05-28T05:37:55.303+0000] {processor.py:161} INFO - Started process (PID=4655) to work on /opt/airflow/dags/flight_pipeline.py
[2026-05-28T05:37:55.304+0000] {processor.py:830} INFO - Processing file /opt/airflow/dags/flight_pipeline.py for tasks to queue
[2026-05-28T05:37:55.306+0000] {logging_mixin.py:188} INFO - [2026-05-28T05:37:55.306+0000] {dagbag.py:540} INFO - Filling up the DagBag from /opt/airflow/dags/flight_pipeline.py
[2026-05-28T05:37:55.326+0000] {processor.py:840} INFO - DAG(s) 'flight_pipeline' retrieved from /opt/airflow/dags/flight_pipeline.py
[2026-05-28T05:37:55.348+0000] {logging_mixin.py:188} INFO - [2026-05-28T05:37:55.348+0000] {dag.py:3096} INFO - Sync 1 DAGs
[2026-05-28T05:37:55.367+0000] {logging_mixin.py:188} INFO - [2026-05-28T05:37:55.367+0000] {dag.py:3954} INFO - Setting next_dagrun for flight_pipeline to 2026-05-28 05:00:00+00:00, run_after=2026-05-28 06:00:00+00:00
[2026-05-28T05:37:55.383+0000] {processor.py:183} INFO - Processing /opt/airflow/dags/flight_pipeline.py took 0.086 seconds
[2026-05-28T05:38:25.452+0000] {processor.py:161} INFO - Started process (PID=4660) to work on /opt/airflow/dags/flight_pipeline.py
[2026-05-28T05:38:25.453+0000] {processor.py:830} INFO - Processing file /opt/airflow/dags/flight_pipeline.py for tasks to queue
[2026-05-28T05:38:25.455+0000] {logging_mixin.py:188} INFO - [2026-05-28T05:38:25.455+0000] {dagbag.py:540} INFO - Filling up the DagBag from /opt/airflow/dags/flight_pipeline.py
[2026-05-28T05:38:25.473+0000] {processor.py:840} INFO - DAG(s) 'flight_pipeline' retrieved from /opt/airflow/dags/flight_pipeline.py
[2026-05-28T05:38:25.499+0000] {logging_mixin.py:188} INFO - [2026-05-28T05:38:25.499+0000] {dag.py:3096} INFO - Sync 1 DAGs
[2026-05-28T05:38:25.521+0000] {logging_mixin.py:188} INFO - [2026-05-28T05:38:25.521+0000] {dag.py:3954} INFO - Setting next_dagrun for flight_pipeline to 2026-05-28 05:00:00+00:00, run_after=2026-05-28 06:00:00+00:00
[2026-05-28T05:38:25.700+0000] {processor.py:183} INFO - Processing /opt/airflow/dags/flight_pipeline.py took 0.254 seconds
[2026-05-28T05:38:56.658+0000] {processor.py:161} INFO - Started process (PID=4665) to work on /opt/airflow/dags/flight_pipeline.py
[2026-05-28T05:38:56.659+0000] {processor.py:830} INFO - Processing file /opt/airflow/dags/flight_pipeline.py for tasks to queue
[2026-05-28T05:38:56.660+0000] {logging_mixin.py:188} INFO - [2026-05-28T05:38:56.660+0000] {dagbag.py:540} INFO - Filling up the DagBag from /opt/airflow/dags/flight_pipeline.py
[2026-05-28T05:38:56.677+0000] {processor.py:840} INFO - DAG(s) 'flight_pipeline' retrieved from /opt/airflow/dags/flight_pipeline.py
[2026-05-28T05:38:56.701+0000] {logging_mixin.py:188} INFO - [2026-05-28T05:38:56.701+0000] {dag.py:3096} INFO - Sync 1 DAGs
[2026-05-28T05:38:56.720+0000] {logging_mixin.py:188} INFO - [2026-05-28T05:38:56.719+0000] {dag.py:3954} INFO - Setting next_dagrun for flight_pipeline to 2026-05-28 05:00:00+00:00, run_after=2026-05-28 06:00:00+00:00
[2026-05-28T05:38:56.737+0000] {processor.py:183} INFO - Processing /opt/airflow/dags/flight_pipeline.py took 0.084 seconds
[2026-05-28T05:39:27.911+0000] {processor.py:161} INFO - Started process (PID=4670) to work on /opt/airflow/dags/flight_pipeline.py
[2026-05-28T05:39:27.912+0000] {processor.py:830} INFO - Processing file /opt/airflow/dags/flight_pipeline.py for tasks to queue
[2026-05-28T05:39:27.915+0000] {logging_mixin.py:188} INFO - [2026-05-28T05:39:27.915+0000] {dagbag.py:540} INFO - Filling up the DagBag from /opt/airflow/dags/flight_pipeline.py
[2026-05-28T05:39:27.938+0000] {processor.py:840} INFO - DAG(s) 'flight_pipeline' retrieved from /opt/airflow/dags/flight_pipeline.py
[2026-05-28T05:39:27.974+0000] {logging_mixin.py:188} INFO - [2026-05-28T05:39:27.973+0000] {dag.py:3096} INFO - Sync 1 DAGs
[2026-05-28T05:39:27.997+0000] {logging_mixin.py:188} INFO - [2026-05-28T05:39:27.997+0000] {dag.py:3954} INFO - Setting next_dagrun for flight_pipeline to 2026-05-28 05:00:00+00:00, run_after=2026-05-28 06:00:00+00:00
[2026-05-28T05:39:28.017+0000] {processor.py:183} INFO - Processing /opt/airflow/dags/flight_pipeline.py took 0.118 seconds
[2026-05-28T05:39:59.065+0000] {processor.py:161} INFO - Started process (PID=4675) to work on /opt/airflow/dags/flight_pipeline.py
[2026-05-28T05:39:59.066+0000] {processor.py:830} INFO - Processing file /opt/airflow/dags/flight_pipeline.py for tasks to queue
[2026-05-28T05:39:59.068+0000] {logging_mixin.py:188} INFO - [2026-05-28T05:39:59.068+0000] {dagbag.py:540} INFO - Filling up the DagBag from /opt/airflow/dags/flight_pipeline.py
[2026-05-28T05:39:59.087+0000] {processor.py:840} INFO - DAG(s) 'flight_pipeline' retrieved from /opt/airflow/dags/flight_pipeline.py
[2026-05-28T05:39:59.114+0000] {logging_mixin.py:188} INFO - [2026-05-28T05:39:59.114+0000] {dag.py:3096} INFO - Sync 1 DAGs
[2026-05-28T05:39:59.135+0000] {logging_mixin.py:188} INFO - [2026-05-28T05:39:59.135+0000] {dag.py:3954} INFO - Setting next_dagrun for flight_pipeline to 2026-05-28 05:00:00+00:00, run_after=2026-05-28 06:00:00+00:00
[2026-05-28T05:39:59.151+0000] {processor.py:183} INFO - Processing /opt/airflow/dags/flight_pipeline.py took 0.094 seconds
[2026-05-28T05:40:30.237+0000] {processor.py:161} INFO - Started process (PID=4680) to work on /opt/airflow/dags/flight_pipeline.py
[2026-05-28T05:40:30.238+0000] {processor.py:830} INFO - Processing file /opt/airflow/dags/flight_pipeline.py for tasks to queue
[2026-05-28T05:40:30.239+0000] {logging_mixin.py:188} INFO - [2026-05-28T05:40:30.239+0000] {dagbag.py:540} INFO - Filling up the DagBag from /opt/airflow/dags/flight_pipeline.py
[2026-05-28T05:40:30.256+0000] {processor.py:840} INFO - DAG(s) 'flight_pipeline' retrieved from /opt/airflow/dags/flight_pipeline.py
[2026-05-28T05:40:30.280+0000] {logging_mixin.py:188} INFO - [2026-05-28T05:40:30.280+0000] {dag.py:3096} INFO - Sync 1 DAGs
[2026-05-28T05:40:30.298+0000] {logging_mixin.py:188} INFO - [2026-05-28T05:40:30.298+0000] {dag.py:3954} INFO - Setting next_dagrun for flight_pipeline to 2026-05-28 05:00:00+00:00, run_after=2026-05-28 06:00:00+00:00
[2026-05-28T05:40:30.314+0000] {processor.py:183} INFO - Processing /opt/airflow/dags/flight_pipeline.py took 0.083 seconds
[2026-05-28T05:41:00.514+0000] {processor.py:161} INFO - Started process (PID=4685) to work on /opt/airflow/dags/flight_pipeline.py
[2026-05-28T05:41:00.514+0000] {processor.py:830} INFO - Processing file /opt/airflow/dags/flight_pipeline.py for tasks to queue
[2026-05-28T05:41:00.519+0000] {logging_mixin.py:188} INFO - [2026-05-28T05:41:00.519+0000] {dagbag.py:540} INFO - Filling up the DagBag from /opt/airflow/dags/flight_pipeline.py
[2026-05-28T05:41:00.537+0000] {processor.py:840} INFO - DAG(s) 'flight_pipeline' retrieved from /opt/airflow/dags/flight_pipeline.py
[2026-05-28T05:41:00.562+0000] {logging_mixin.py:188} INFO - [2026-05-28T05:41:00.562+0000] {dag.py:3096} INFO - Sync 1 DAGs
[2026-05-28T05:41:00.582+0000] {logging_mixin.py:188} INFO - [2026-05-28T05:41:00.582+0000] {dag.py:3954} INFO - Setting next_dagrun for flight_pipeline to 2026-05-28 05:00:00+00:00, run_after=2026-05-28 06:00:00+00:00
[2026-05-28T05:41:00.599+0000] {processor.py:183} INFO - Processing /opt/airflow/dags/flight_pipeline.py took 0.092 seconds
[2026-05-28T05:41:31.764+0000] {processor.py:161} INFO - Started process (PID=4690) to work on /opt/airflow/dags/flight_pipeline.py
[2026-05-28T05:41:31.765+0000] {processor.py:830} INFO - Processing file /opt/airflow/dags/flight_pipeline.py for tasks to queue
[2026-05-28T05:41:31.767+0000] {logging_mixin.py:188} INFO - [2026-05-28T05:41:31.767+0000] {dagbag.py:540} INFO - Filling up the DagBag from /opt/airflow/dags/flight_pipeline.py
[2026-05-28T05:41:31.788+0000] {processor.py:840} INFO - DAG(s) 'flight_pipeline' retrieved from /opt/airflow/dags/flight_pipeline.py
[2026-05-28T05:41:31.815+0000] {logging_mixin.py:188} INFO - [2026-05-28T05:41:31.815+0000] {dag.py:3096} INFO - Sync 1 DAGs
[2026-05-28T05:41:31.836+0000] {logging_mixin.py:188} INFO - [2026-05-28T05:41:31.835+0000] {dag.py:3954} INFO - Setting next_dagrun for flight_pipeline to 2026-05-28 05:00:00+00:00, run_after=2026-05-28 06:00:00+00:00
[2026-05-28T05:41:32.008+0000] {processor.py:183} INFO - Processing /opt/airflow/dags/flight_pipeline.py took 0.252 seconds
[2026-05-28T05:42:02.940+0000] {processor.py:161} INFO - Started process (PID=4695) to work on /opt/airflow/dags/flight_pipeline.py
[2026-05-28T05:42:02.941+0000] {processor.py:830} INFO - Processing file /opt/airflow/dags/flight_pipeline.py for tasks to queue
[2026-05-28T05:42:02.943+0000] {logging_mixin.py:188} INFO - [2026-05-28T05:42:02.943+0000] {dagbag.py:540} INFO - Filling up the DagBag from /opt/airflow/dags/flight_pipeline.py
[2026-05-28T05:42:02.961+0000] {processor.py:840} INFO - DAG(s) 'flight_pipeline' retrieved from /opt/airflow/dags/flight_pipeline.py
[2026-05-28T05:42:02.986+0000] {logging_mixin.py:188} INFO - [2026-05-28T05:42:02.985+0000] {dag.py:3096} INFO - Sync 1 DAGs
[2026-05-28T05:42:03.005+0000] {logging_mixin.py:188} INFO - [2026-05-28T05:42:03.004+0000] {dag.py:3954} INFO - Setting next_dagrun for flight_pipeline to 2026-05-28 05:00:00+00:00, run_after=2026-05-28 06:00:00+00:00
[2026-05-28T05:42:03.020+0000] {processor.py:183} INFO - Processing /opt/airflow/dags/flight_pipeline.py took 0.086 seconds
[2026-05-28T05:42:34.060+0000] {processor.py:161} INFO - Started process (PID=4700) to work on /opt/airflow/dags/flight_pipeline.py
[2026-05-28T05:42:34.061+0000] {processor.py:830} INFO - Processing file /opt/airflow/dags/flight_pipeline.py for tasks to queue
[2026-05-28T05:42:34.063+0000] {logging_mixin.py:188} INFO - [2026-05-28T05:42:34.063+0000] {dagbag.py:540} INFO - Filling up the DagBag from /opt/airflow/dags/flight_pipeline.py
[2026-05-28T05:42:34.083+0000] {processor.py:840} INFO - DAG(s) 'flight_pipeline' retrieved from /opt/airflow/dags/flight_pipeline.py
[2026-05-28T05:42:34.111+0000] {logging_mixin.py:188} INFO - [2026-05-28T05:42:34.111+0000] {dag.py:3096} INFO - Sync 1 DAGs
[2026-05-28T05:42:34.133+0000] {logging_mixin.py:188} INFO - [2026-05-28T05:42:34.132+0000] {dag.py:3954} INFO - Setting next_dagrun for flight_pipeline to 2026-05-28 05:00:00+00:00, run_after=2026-05-28 06:00:00+00:00
[2026-05-28T05:42:34.152+0000] {processor.py:183} INFO - Processing /opt/airflow/dags/flight_pipeline.py took 0.098 seconds
[2026-05-28T05:43:05.306+0000] {processor.py:161} INFO - Started process (PID=4705) to work on /opt/airflow/dags/flight_pipeline.py
[2026-05-28T05:43:05.307+0000] {processor.py:830} INFO - Processing file /opt/airflow/dags/flight_pipeline.py for tasks to queue
[2026-05-28T05:43:05.309+0000] {logging_mixin.py:188} INFO - [2026-05-28T05:43:05.309+0000] {dagbag.py:540} INFO - Filling up the DagBag from /opt/airflow/dags/flight_pipeline.py
[2026-05-28T05:43:05.327+0000] {processor.py:840} INFO - DAG(s) 'flight_pipeline' retrieved from /opt/airflow/dags/flight_pipeline.py
[2026-05-28T05:43:05.352+0000] {logging_mixin.py:188} INFO - [2026-05-28T05:43:05.352+0000] {dag.py:3096} INFO - Sync 1 DAGs
[2026-05-28T05:43:05.373+0000] {logging_mixin.py:188} INFO - [2026-05-28T05:43:05.373+0000] {dag.py:3954} INFO - Setting next_dagrun for flight_pipeline to 2026-05-28 05:00:00+00:00, run_after=2026-05-28 06:00:00+00:00
[2026-05-28T05:43:05.392+0000] {processor.py:183} INFO - Processing /opt/airflow/dags/flight_pipeline.py took 0.091 seconds
[2026-05-28T05:43:36.549+0000] {processor.py:161} INFO - Started process (PID=4710) to work on /opt/airflow/dags/flight_pipeline.py
[2026-05-28T05:43:36.550+0000] {processor.py:830} INFO - Processing file /opt/airflow/dags/flight_pipeline.py for tasks to queue
[2026-05-28T05:43:36.552+0000] {logging_mixin.py:188} INFO - [2026-05-28T05:43:36.551+0000] {dagbag.py:540} INFO - Filling up the DagBag from /opt/airflow/dags/flight_pipeline.py
[2026-05-28T05:43:36.570+0000] {processor.py:840} INFO - DAG(s) 'flight_pipeline' retrieved from /opt/airflow/dags/flight_pipeline.py
[2026-05-28T05:43:36.597+0000] {logging_mixin.py:188} INFO - [2026-05-28T05:43:36.596+0000] {dag.py:3096} INFO - Sync 1 DAGs
[2026-05-28T05:43:36.618+0000] {logging_mixin.py:188} INFO - [2026-05-28T05:43:36.617+0000] {dag.py:3954} INFO - Setting next_dagrun for flight_pipeline to 2026-05-28 05:00:00+00:00, run_after=2026-05-28 06:00:00+00:00
[2026-05-28T05:43:36.639+0000] {processor.py:183} INFO - Processing /opt/airflow/dags/flight_pipeline.py took 0.096 seconds
[2026-05-28T05:44:07.720+0000] {processor.py:161} INFO - Started process (PID=4715) to work on /opt/airflow/dags/flight_pipeline.py
[2026-05-28T05:44:07.721+0000] {processor.py:830} INFO - Processing file /opt/airflow/dags/flight_pipeline.py for tasks to queue
[2026-05-28T05:44:07.723+0000] {logging_mixin.py:188} INFO - [2026-05-28T05:44:07.723+0000] {dagbag.py:540} INFO - Filling up the DagBag from /opt/airflow/dags/flight_pipeline.py
[2026-05-28T05:44:07.742+0000] {processor.py:840} INFO - DAG(s) 'flight_pipeline' retrieved from /opt/airflow/dags/flight_pipeline.py
[2026-05-28T05:44:07.769+0000] {logging_mixin.py:188} INFO - [2026-05-28T05:44:07.769+0000] {dag.py:3096} INFO - Sync 1 DAGs
[2026-05-28T05:44:07.791+0000] {logging_mixin.py:188} INFO - [2026-05-28T05:44:07.791+0000] {dag.py:3954} INFO - Setting next_dagrun for flight_pipeline to 2026-05-28 05:00:00+00:00, run_after=2026-05-28 06:00:00+00:00
[2026-05-28T05:44:07.808+0000] {processor.py:183} INFO - Processing /opt/airflow/dags/flight_pipeline.py took 0.094 seconds
[2026-05-28T05:44:37.914+0000] {processor.py:161} INFO - Started process (PID=4720) to work on /opt/airflow/dags/flight_pipeline.py
[2026-05-28T05:44:37.915+0000] {processor.py:830} INFO - Processing file /opt/airflow/dags/flight_pipeline.py for tasks to queue
[2026-05-28T05:44:37.917+0000] {logging_mixin.py:188} INFO - [2026-05-28T05:44:37.917+0000] {dagbag.py:540} INFO - Filling up the DagBag from /opt/airflow/dags/flight_pipeline.py
[2026-05-28T05:44:37.936+0000] {processor.py:840} INFO - DAG(s) 'flight_pipeline' retrieved from /opt/airflow/dags/flight_pipeline.py
[2026-05-28T05:44:37.966+0000] {logging_mixin.py:188} INFO - [2026-05-28T05:44:37.966+0000] {dag.py:3096} INFO - Sync 1 DAGs
[2026-05-28T05:44:37.987+0000] {logging_mixin.py:188} INFO - [2026-05-28T05:44:37.986+0000] {dag.py:3954} INFO - Setting next_dagrun for flight_pipeline to 2026-05-28 05:00:00+00:00, run_after=2026-05-28 06:00:00+00:00
[2026-05-28T05:44:38.152+0000] {processor.py:183} INFO - Processing /opt/airflow/dags/flight_pipeline.py took 0.245 seconds
[2026-05-28T05:45:09.184+0000] {processor.py:161} INFO - Started process (PID=4725) to work on /opt/airflow/dags/flight_pipeline.py
[2026-05-28T05:45:09.185+0000] {processor.py:830} INFO - Processing file /opt/airflow/dags/flight_pipeline.py for tasks to queue
[2026-05-28T05:45:09.187+0000] {logging_mixin.py:188} INFO - [2026-05-28T05:45:09.187+0000] {dagbag.py:540} INFO - Filling up the DagBag from /opt/airflow/dags/flight_pipeline.py
[2026-05-28T05:45:09.206+0000] {processor.py:840} INFO - DAG(s) 'flight_pipeline' retrieved from /opt/airflow/dags/flight_pipeline.py
[2026-05-28T05:45:09.235+0000] {logging_mixin.py:188} INFO - [2026-05-28T05:45:09.235+0000] {dag.py:3096} INFO - Sync 1 DAGs
[2026-05-28T05:45:09.259+0000] {logging_mixin.py:188} INFO - [2026-05-28T05:45:09.258+0000] {dag.py:3954} INFO - Setting next_dagrun for flight_pipeline to 2026-05-28 05:00:00+00:00, run_after=2026-05-28 06:00:00+00:00
[2026-05-28T05:45:09.277+0000] {processor.py:183} INFO - Processing /opt/airflow/dags/flight_pipeline.py took 0.099 seconds
[2026-05-28T05:45:40.368+0000] {processor.py:161} INFO - Started process (PID=4730) to work on /opt/airflow/dags/flight_pipeline.py
[2026-05-28T05:45:40.369+0000] {processor.py:830} INFO - Processing file /opt/airflow/dags/flight_pipeline.py for tasks to queue
[2026-05-28T05:45:40.370+0000] {logging_mixin.py:188} INFO - [2026-05-28T05:45:40.370+0000] {dagbag.py:540} INFO - Filling up the DagBag from /opt/airflow/dags/flight_pipeline.py
[2026-05-28T05:45:40.389+0000] {processor.py:840} INFO - DAG(s) 'flight_pipeline' retrieved from /opt/airflow/dags/flight_pipeline.py
[2026-05-28T05:45:40.417+0000] {logging_mixin.py:188} INFO - [2026-05-28T05:45:40.417+0000] {dag.py:3096} INFO - Sync 1 DAGs
[2026-05-28T05:45:40.438+0000] {logging_mixin.py:188} INFO - [2026-05-28T05:45:40.438+0000] {dag.py:3954} INFO - Setting next_dagrun for flight_pipeline to 2026-05-28 05:00:00+00:00, run_after=2026-05-28 06:00:00+00:00
[2026-05-28T05:45:40.456+0000] {processor.py:183} INFO - Processing /opt/airflow/dags/flight_pipeline.py took 0.093 seconds
[2026-05-28T05:46:11.668+0000] {processor.py:161} INFO - Started process (PID=4735) to work on /opt/airflow/dags/flight_pipeline.py
[2026-05-28T05:46:11.669+0000] {processor.py:830} INFO - Processing file /opt/airflow/dags/flight_pipeline.py for tasks to queue
[2026-05-28T05:46:11.670+0000] {logging_mixin.py:188} INFO - [2026-05-28T05:46:11.670+0000] {dagbag.py:540} INFO - Filling up the DagBag from /opt/airflow/dags/flight_pipeline.py
[2026-05-28T05:46:11.686+0000] {processor.py:840} INFO - DAG(s) 'flight_pipeline' retrieved from /opt/airflow/dags/flight_pipeline.py
[2026-05-28T05:46:11.710+0000] {logging_mixin.py:188} INFO - [2026-05-28T05:46:11.710+0000] {dag.py:3096} INFO - Sync 1 DAGs
[2026-05-28T05:46:11.728+0000] {logging_mixin.py:188} INFO - [2026-05-28T05:46:11.727+0000] {dag.py:3954} INFO - Setting next_dagrun for flight_pipeline to 2026-05-28 05:00:00+00:00, run_after=2026-05-28 06:00:00+00:00
[2026-05-28T05:46:11.742+0000] {processor.py:183} INFO - Processing /opt/airflow/dags/flight_pipeline.py took 0.079 seconds
[2026-05-28T05:46:41.907+0000] {processor.py:161} INFO - Started process (PID=4740) to work on /opt/airflow/dags/flight_pipeline.py
[2026-05-28T05:46:41.908+0000] {processor.py:830} INFO - Processing file /opt/airflow/dags/flight_pipeline.py for tasks to queue
[2026-05-28T05:46:41.910+0000] {logging_mixin.py:188} INFO - [2026-05-28T05:46:41.909+0000] {dagbag.py:540} INFO - Filling up the DagBag from /opt/airflow/dags/flight_pipeline.py
[2026-05-28T05:46:41.927+0000] {processor.py:840} INFO - DAG(s) 'flight_pipeline' retrieved from /opt/airflow/dags/flight_pipeline.py
[2026-05-28T05:46:41.952+0000] {logging_mixin.py:188} INFO - [2026-05-28T05:46:41.952+0000] {dag.py:3096} INFO - Sync 1 DAGs
[2026-05-28T05:46:41.971+0000] {logging_mixin.py:188} INFO - [2026-05-28T05:46:41.971+0000] {dag.py:3954} INFO - Setting next_dagrun for flight_pipeline to 2026-05-28 05:00:00+00:00, run_after=2026-05-28 06:00:00+00:00
[2026-05-28T05:46:41.990+0000] {processor.py:183} INFO - Processing /opt/airflow/dags/flight_pipeline.py took 0.088 seconds
[2026-05-28T05:47:13.088+0000] {processor.py:161} INFO - Started process (PID=4745) to work on /opt/airflow/dags/flight_pipeline.py
[2026-05-28T05:47:13.089+0000] {processor.py:830} INFO - Processing file /opt/airflow/dags/flight_pipeline.py for tasks to queue
[2026-05-28T05:47:13.091+0000] {logging_mixin.py:188} INFO - [2026-05-28T05:47:13.091+0000] {dagbag.py:540} INFO - Filling up the DagBag from /opt/airflow/dags/flight_pipeline.py
[2026-05-28T05:47:13.110+0000] {processor.py:840} INFO - DAG(s) 'flight_pipeline' retrieved from /opt/airflow/dags/flight_pipeline.py
[2026-05-28T05:47:13.139+0000] {logging_mixin.py:188} INFO - [2026-05-28T05:47:13.138+0000] {dag.py:3096} INFO - Sync 1 DAGs
[2026-05-28T05:47:13.160+0000] {logging_mixin.py:188} INFO - [2026-05-28T05:47:13.160+0000] {dag.py:3954} INFO - Setting next_dagrun for flight_pipeline to 2026-05-28 05:00:00+00:00, run_after=2026-05-28 06:00:00+00:00
[2026-05-28T05:47:13.177+0000] {processor.py:183} INFO - Processing /opt/airflow/dags/flight_pipeline.py took 0.096 seconds
[2026-05-28T05:47:44.331+0000] {processor.py:161} INFO - Started process (PID=4750) to work on /opt/airflow/dags/flight_pipeline.py
[2026-05-28T05:47:44.332+0000] {processor.py:830} INFO - Processing file /opt/airflow/dags/flight_pipeline.py for tasks to queue
[2026-05-28T05:47:44.334+0000] {logging_mixin.py:188} INFO - [2026-05-28T05:47:44.333+0000] {dagbag.py:540} INFO - Filling up the DagBag from /opt/airflow/dags/flight_pipeline.py
[2026-05-28T05:47:44.354+0000] {processor.py:840} INFO - DAG(s) 'flight_pipeline' retrieved from /opt/airflow/dags/flight_pipeline.py
[2026-05-28T05:47:44.382+0000] {logging_mixin.py:188} INFO - [2026-05-28T05:47:44.382+0000] {dag.py:3096} INFO - Sync 1 DAGs
[2026-05-28T05:47:44.408+0000] {logging_mixin.py:188} INFO - [2026-05-28T05:47:44.408+0000] {dag.py:3954} INFO - Setting next_dagrun for flight_pipeline to 2026-05-28 05:00:00+00:00, run_after=2026-05-28 06:00:00+00:00
[2026-05-28T05:47:44.622+0000] {processor.py:183} INFO - Processing /opt/airflow/dags/flight_pipeline.py took 0.297 seconds
[2026-05-28T05:48:15.525+0000] {processor.py:161} INFO - Started process (PID=4755) to work on /opt/airflow/dags/flight_pipeline.py
[2026-05-28T05:48:15.526+0000] {processor.py:830} INFO - Processing file /opt/airflow/dags/flight_pipeline.py for tasks to queue
[2026-05-28T05:48:15.528+0000] {logging_mixin.py:188} INFO - [2026-05-28T05:48:15.527+0000] {dagbag.py:540} INFO - Filling up the DagBag from /opt/airflow/dags/flight_pipeline.py
[2026-05-28T05:48:15.546+0000] {processor.py:840} INFO - DAG(s) 'flight_pipeline' retrieved from /opt/airflow/dags/flight_pipeline.py
[2026-05-28T05:48:15.575+0000] {logging_mixin.py:188} INFO - [2026-05-28T05:48:15.575+0000] {dag.py:3096} INFO - Sync 1 DAGs
[2026-05-28T05:48:15.596+0000] {logging_mixin.py:188} INFO - [2026-05-28T05:48:15.596+0000] {dag.py:3954} INFO - Setting next_dagrun for flight_pipeline to 2026-05-28 05:00:00+00:00, run_after=2026-05-28 06:00:00+00:00
[2026-05-28T05:48:15.613+0000] {processor.py:183} INFO - Processing /opt/airflow/dags/flight_pipeline.py took 0.095 seconds
[2026-05-28T05:48:46.712+0000] {processor.py:161} INFO - Started process (PID=4760) to work on /opt/airflow/dags/flight_pipeline.py
[2026-05-28T05:48:46.714+0000] {processor.py:830} INFO - Processing file /opt/airflow/dags/flight_pipeline.py for tasks to queue
[2026-05-28T05:48:46.717+0000] {logging_mixin.py:188} INFO - [2026-05-28T05:48:46.716+0000] {dagbag.py:540} INFO - Filling up the DagBag from /opt/airflow/dags/flight_pipeline.py
[2026-05-28T05:48:46.737+0000] {processor.py:840} INFO - DAG(s) 'flight_pipeline' retrieved from /opt/airflow/dags/flight_pipeline.py
[2026-05-28T05:48:46.767+0000] {logging_mixin.py:188} INFO - [2026-05-28T05:48:46.767+0000] {dag.py:3096} INFO - Sync 1 DAGs
[2026-05-28T05:48:46.790+0000] {logging_mixin.py:188} INFO - [2026-05-28T05:48:46.790+0000] {dag.py:3954} INFO - Setting next_dagrun for flight_pipeline to 2026-05-28 05:00:00+00:00, run_after=2026-05-28 06:00:00+00:00
[2026-05-28T05:48:46.812+0000] {processor.py:183} INFO - Processing /opt/airflow/dags/flight_pipeline.py took 0.111 seconds
[2026-05-28T05:49:18.006+0000] {processor.py:161} INFO - Started process (PID=4765) to work on /opt/airflow/dags/flight_pipeline.py
[2026-05-28T05:49:18.007+0000] {processor.py:830} INFO - Processing file /opt/airflow/dags/flight_pipeline.py for tasks to queue
[2026-05-28T05:49:18.009+0000] {logging_mixin.py:188} INFO - [2026-05-28T05:49:18.009+0000] {dagbag.py:540} INFO - Filling up the DagBag from /opt/airflow/dags/flight_pipeline.py
[2026-05-28T05:49:18.026+0000] {processor.py:840} INFO - DAG(s) 'flight_pipeline' retrieved from /opt/airflow/dags/flight_pipeline.py
[2026-05-28T05:49:18.051+0000] {logging_mixin.py:188} INFO - [2026-05-28T05:49:18.051+0000] {dag.py:3096} INFO - Sync 1 DAGs
[2026-05-28T05:49:18.070+0000] {logging_mixin.py:188} INFO - [2026-05-28T05:49:18.070+0000] {dag.py:3954} INFO - Setting next_dagrun for flight_pipeline to 2026-05-28 05:00:00+00:00, run_after=2026-05-28 06:00:00+00:00
[2026-05-28T05:49:18.085+0000] {processor.py:183} INFO - Processing /opt/airflow/dags/flight_pipeline.py took 0.084 seconds
[2026-05-28T05:49:48.254+0000] {processor.py:161} INFO - Started process (PID=4770) to work on /opt/airflow/dags/flight_pipeline.py
[2026-05-28T05:49:48.255+0000] {processor.py:830} INFO - Processing file /opt/airflow/dags/flight_pipeline.py for tasks to queue
[2026-05-28T05:49:48.257+0000] {logging_mixin.py:188} INFO - [2026-05-28T05:49:48.257+0000] {dagbag.py:540} INFO - Filling up the DagBag from /opt/airflow/dags/flight_pipeline.py
[2026-05-28T05:49:48.277+0000] {processor.py:840} INFO - DAG(s) 'flight_pipeline' retrieved from /opt/airflow/dags/flight_pipeline.py
[2026-05-28T05:49:48.307+0000] {logging_mixin.py:188} INFO - [2026-05-28T05:49:48.307+0000] {dag.py:3096} INFO - Sync 1 DAGs
[2026-05-28T05:49:48.328+0000] {logging_mixin.py:188} INFO - [2026-05-28T05:49:48.328+0000] {dag.py:3954} INFO - Setting next_dagrun for flight_pipeline to 2026-05-28 05:00:00+00:00, run_after=2026-05-28 06:00:00+00:00
[2026-05-28T05:49:48.347+0000] {processor.py:183} INFO - Processing /opt/airflow/dags/flight_pipeline.py took 0.100 seconds
[2026-05-28T05:50:19.436+0000] {processor.py:161} INFO - Started process (PID=4775) to work on /opt/airflow/dags/flight_pipeline.py
[2026-05-28T05:50:19.438+0000] {processor.py:830} INFO - Processing file /opt/airflow/dags/flight_pipeline.py for tasks to queue
[2026-05-28T05:50:19.441+0000] {logging_mixin.py:188} INFO - [2026-05-28T05:50:19.440+0000] {dagbag.py:540} INFO - Filling up the DagBag from /opt/airflow/dags/flight_pipeline.py
[2026-05-28T05:50:19.467+0000] {processor.py:840} INFO - DAG(s) 'flight_pipeline' retrieved from /opt/airflow/dags/flight_pipeline.py
[2026-05-28T05:50:19.505+0000] {logging_mixin.py:188} INFO - [2026-05-28T05:50:19.505+0000] {dag.py:3096} INFO - Sync 1 DAGs
[2026-05-28T05:50:19.534+0000] {logging_mixin.py:188} INFO - [2026-05-28T05:50:19.534+0000] {dag.py:3954} INFO - Setting next_dagrun for flight_pipeline to 2026-05-28 05:00:00+00:00, run_after=2026-05-28 06:00:00+00:00
[2026-05-28T05:50:19.561+0000] {processor.py:183} INFO - Processing /opt/airflow/dags/flight_pipeline.py took 0.133 seconds
[2026-05-28T05:50:50.663+0000] {processor.py:161} INFO - Started process (PID=4780) to work on /opt/airflow/dags/flight_pipeline.py
[2026-05-28T05:50:50.664+0000] {processor.py:830} INFO - Processing file /opt/airflow/dags/flight_pipeline.py for tasks to queue
[2026-05-28T05:50:50.666+0000] {logging_mixin.py:188} INFO - [2026-05-28T05:50:50.665+0000] {dagbag.py:540} INFO - Filling up the DagBag from /opt/airflow/dags/flight_pipeline.py
[2026-05-28T05:50:50.694+0000] {processor.py:840} INFO - DAG(s) 'flight_pipeline' retrieved from /opt/airflow/dags/flight_pipeline.py
[2026-05-28T05:50:50.733+0000] {logging_mixin.py:188} INFO - [2026-05-28T05:50:50.733+0000] {dag.py:3096} INFO - Sync 1 DAGs
[2026-05-28T05:50:50.763+0000] {logging_mixin.py:188} INFO - [2026-05-28T05:50:50.763+0000] {dag.py:3954} INFO - Setting next_dagrun for flight_pipeline to 2026-05-28 05:00:00+00:00, run_after=2026-05-28 06:00:00+00:00
[2026-05-28T05:50:50.788+0000] {processor.py:183} INFO - Processing /opt/airflow/dags/flight_pipeline.py took 0.132 seconds
[2026-05-28T05:51:22.045+0000] {processor.py:161} INFO - Started process (PID=4785) to work on /opt/airflow/dags/flight_pipeline.py
[2026-05-28T05:51:22.046+0000] {processor.py:830} INFO - Processing file /opt/airflow/dags/flight_pipeline.py for tasks to queue
[2026-05-28T05:51:22.049+0000] {logging_mixin.py:188} INFO - [2026-05-28T05:51:22.048+0000] {dagbag.py:540} INFO - Filling up the DagBag from /opt/airflow/dags/flight_pipeline.py
[2026-05-28T05:51:22.070+0000] {processor.py:840} INFO - DAG(s) 'flight_pipeline' retrieved from /opt/airflow/dags/flight_pipeline.py
[2026-05-28T05:51:22.103+0000] {logging_mixin.py:188} INFO - [2026-05-28T05:51:22.103+0000] {dag.py:3096} INFO - Sync 1 DAGs
[2026-05-28T05:51:22.127+0000] {logging_mixin.py:188} INFO - [2026-05-28T05:51:22.126+0000] {dag.py:3954} INFO - Setting next_dagrun for flight_pipeline to 2026-05-28 05:00:00+00:00, run_after=2026-05-28 06:00:00+00:00
[2026-05-28T05:51:22.149+0000] {processor.py:183} INFO - Processing /opt/airflow/dags/flight_pipeline.py took 0.109 seconds
[2026-05-28T05:51:53.285+0000] {processor.py:161} INFO - Started process (PID=4790) to work on /opt/airflow/dags/flight_pipeline.py
[2026-05-28T05:51:53.286+0000] {processor.py:830} INFO - Processing file /opt/airflow/dags/flight_pipeline.py for tasks to queue
[2026-05-28T05:51:53.288+0000] {logging_mixin.py:188} INFO - [2026-05-28T05:51:53.288+0000] {dagbag.py:540} INFO - Filling up the DagBag from /opt/airflow/dags/flight_pipeline.py
[2026-05-28T05:51:53.308+0000] {processor.py:840} INFO - DAG(s) 'flight_pipeline' retrieved from /opt/airflow/dags/flight_pipeline.py
[2026-05-28T05:51:53.341+0000] {logging_mixin.py:188} INFO - [2026-05-28T05:51:53.341+0000] {dag.py:3096} INFO - Sync 1 DAGs
[2026-05-28T05:51:53.363+0000] {logging_mixin.py:188} INFO - [2026-05-28T05:51:53.363+0000] {dag.py:3954} INFO - Setting next_dagrun for flight_pipeline to 2026-05-28 05:00:00+00:00, run_after=2026-05-28 06:00:00+00:00
[2026-05-28T05:51:53.386+0000] {processor.py:183} INFO - Processing /opt/airflow/dags/flight_pipeline.py took 0.106 seconds
[2026-05-28T05:52:23.537+0000] {processor.py:161} INFO - Started process (PID=4795) to work on /opt/airflow/dags/flight_pipeline.py
[2026-05-28T05:52:23.538+0000] {processor.py:830} INFO - Processing file /opt/airflow/dags/flight_pipeline.py for tasks to queue
[2026-05-28T05:52:23.541+0000] {logging_mixin.py:188} INFO - [2026-05-28T05:52:23.540+0000] {dagbag.py:540} INFO - Filling up the DagBag from /opt/airflow/dags/flight_pipeline.py
[2026-05-28T05:52:23.563+0000] {processor.py:840} INFO - DAG(s) 'flight_pipeline' retrieved from /opt/airflow/dags/flight_pipeline.py
[2026-05-28T05:52:23.598+0000] {logging_mixin.py:188} INFO - [2026-05-28T05:52:23.597+0000] {dag.py:3096} INFO - Sync 1 DAGs
[2026-05-28T05:52:23.623+0000] {logging_mixin.py:188} INFO - [2026-05-28T05:52:23.623+0000] {dag.py:3954} INFO - Setting next_dagrun for flight_pipeline to 2026-05-28 05:00:00+00:00, run_after=2026-05-28 06:00:00+00:00
[2026-05-28T05:52:23.646+0000] {processor.py:183} INFO - Processing /opt/airflow/dags/flight_pipeline.py took 0.117 seconds
[2026-05-28T05:52:54.792+0000] {processor.py:161} INFO - Started process (PID=4800) to work on /opt/airflow/dags/flight_pipeline.py
[2026-05-28T05:52:54.794+0000] {processor.py:830} INFO - Processing file /opt/airflow/dags/flight_pipeline.py for tasks to queue
[2026-05-28T05:52:54.797+0000] {logging_mixin.py:188} INFO - [2026-05-28T05:52:54.796+0000] {dagbag.py:540} INFO - Filling up the DagBag from /opt/airflow/dags/flight_pipeline.py
[2026-05-28T05:52:54.819+0000] {processor.py:840} INFO - DAG(s) 'flight_pipeline' retrieved from /opt/airflow/dags/flight_pipeline.py
[2026-05-28T05:52:54.858+0000] {logging_mixin.py:188} INFO - [2026-05-28T05:52:54.857+0000] {dag.py:3096} INFO - Sync 1 DAGs
[2026-05-28T05:52:54.896+0000] {logging_mixin.py:188} INFO - [2026-05-28T05:52:54.895+0000] {dag.py:3954} INFO - Setting next_dagrun for flight_pipeline to 2026-05-28 05:00:00+00:00, run_after=2026-05-28 06:00:00+00:00
[2026-05-28T05:52:54.930+0000] {processor.py:183} INFO - Processing /opt/airflow/dags/flight_pipeline.py took 0.146 seconds
[2026-05-28T05:53:26.110+0000] {processor.py:161} INFO - Started process (PID=4805) to work on /opt/airflow/dags/flight_pipeline.py
[2026-05-28T05:53:26.111+0000] {processor.py:830} INFO - Processing file /opt/airflow/dags/flight_pipeline.py for tasks to queue
[2026-05-28T05:53:26.113+0000] {logging_mixin.py:188} INFO - [2026-05-28T05:53:26.113+0000] {dagbag.py:540} INFO - Filling up the DagBag from /opt/airflow/dags/flight_pipeline.py
[2026-05-28T05:53:26.136+0000] {processor.py:840} INFO - DAG(s) 'flight_pipeline' retrieved from /opt/airflow/dags/flight_pipeline.py
[2026-05-28T05:53:26.162+0000] {logging_mixin.py:188} INFO - [2026-05-28T05:53:26.162+0000] {dag.py:3096} INFO - Sync 1 DAGs
[2026-05-28T05:53:26.184+0000] {logging_mixin.py:188} INFO - [2026-05-28T05:53:26.184+0000] {dag.py:3954} INFO - Setting next_dagrun for flight_pipeline to 2026-05-28 05:00:00+00:00, run_after=2026-05-28 06:00:00+00:00
[2026-05-28T05:53:26.201+0000] {processor.py:183} INFO - Processing /opt/airflow/dags/flight_pipeline.py took 0.097 seconds
[2026-05-28T05:53:57.366+0000] {processor.py:161} INFO - Started process (PID=4810) to work on /opt/airflow/dags/flight_pipeline.py
[2026-05-28T05:53:57.367+0000] {processor.py:830} INFO - Processing file /opt/airflow/dags/flight_pipeline.py for tasks to queue
[2026-05-28T05:53:57.369+0000] {logging_mixin.py:188} INFO - [2026-05-28T05:53:57.368+0000] {dagbag.py:540} INFO - Filling up the DagBag from /opt/airflow/dags/flight_pipeline.py
[2026-05-28T05:53:57.389+0000] {processor.py:840} INFO - DAG(s) 'flight_pipeline' retrieved from /opt/airflow/dags/flight_pipeline.py
[2026-05-28T05:53:57.419+0000] {logging_mixin.py:188} INFO - [2026-05-28T05:53:57.419+0000] {dag.py:3096} INFO - Sync 1 DAGs
[2026-05-28T05:53:57.442+0000] {logging_mixin.py:188} INFO - [2026-05-28T05:53:57.442+0000] {dag.py:3954} INFO - Setting next_dagrun for flight_pipeline to 2026-05-28 05:00:00+00:00, run_after=2026-05-28 06:00:00+00:00
[2026-05-28T05:53:57.464+0000] {processor.py:183} INFO - Processing /opt/airflow/dags/flight_pipeline.py took 0.105 seconds
[2026-05-28T05:54:28.647+0000] {processor.py:161} INFO - Started process (PID=4815) to work on /opt/airflow/dags/flight_pipeline.py
[2026-05-28T05:54:28.649+0000] {processor.py:830} INFO - Processing file /opt/airflow/dags/flight_pipeline.py for tasks to queue
[2026-05-28T05:54:28.652+0000] {logging_mixin.py:188} INFO - [2026-05-28T05:54:28.652+0000] {dagbag.py:540} INFO - Filling up the DagBag from /opt/airflow/dags/flight_pipeline.py
[2026-05-28T05:54:28.674+0000] {processor.py:840} INFO - DAG(s) 'flight_pipeline' retrieved from /opt/airflow/dags/flight_pipeline.py
[2026-05-28T05:54:28.709+0000] {logging_mixin.py:188} INFO - [2026-05-28T05:54:28.709+0000] {dag.py:3096} INFO - Sync 1 DAGs
[2026-05-28T05:54:28.736+0000] {logging_mixin.py:188} INFO - [2026-05-28T05:54:28.736+0000] {dag.py:3954} INFO - Setting next_dagrun for flight_pipeline to 2026-05-28 05:00:00+00:00, run_after=2026-05-28 06:00:00+00:00
[2026-05-28T05:54:28.758+0000] {processor.py:183} INFO - Processing /opt/airflow/dags/flight_pipeline.py took 0.121 seconds
[2026-05-28T05:54:58.864+0000] {processor.py:161} INFO - Started process (PID=4820) to work on /opt/airflow/dags/flight_pipeline.py
[2026-05-28T05:54:58.865+0000] {processor.py:830} INFO - Processing file /opt/airflow/dags/flight_pipeline.py for tasks to queue
[2026-05-28T05:54:58.868+0000] {logging_mixin.py:188} INFO - [2026-05-28T05:54:58.868+0000] {dagbag.py:540} INFO - Filling up the DagBag from /opt/airflow/dags/flight_pipeline.py
[2026-05-28T05:54:58.897+0000] {processor.py:840} INFO - DAG(s) 'flight_pipeline' retrieved from /opt/airflow/dags/flight_pipeline.py
[2026-05-28T05:54:58.932+0000] {logging_mixin.py:188} INFO - [2026-05-28T05:54:58.932+0000] {dag.py:3096} INFO - Sync 1 DAGs
[2026-05-28T05:54:58.957+0000] {logging_mixin.py:188} INFO - [2026-05-28T05:54:58.957+0000] {dag.py:3954} INFO - Setting next_dagrun for flight_pipeline to 2026-05-28 05:00:00+00:00, run_after=2026-05-28 06:00:00+00:00
[2026-05-28T05:54:58.980+0000] {processor.py:183} INFO - Processing /opt/airflow/dags/flight_pipeline.py took 0.128 seconds
[2026-05-28T05:55:30.182+0000] {processor.py:161} INFO - Started process (PID=4825) to work on /opt/airflow/dags/flight_pipeline.py
[2026-05-28T05:55:30.183+0000] {processor.py:830} INFO - Processing file /opt/airflow/dags/flight_pipeline.py for tasks to queue
[2026-05-28T05:55:30.184+0000] {logging_mixin.py:188} INFO - [2026-05-28T05:55:30.184+0000] {dagbag.py:540} INFO - Filling up the DagBag from /opt/airflow/dags/flight_pipeline.py
[2026-05-28T05:55:30.205+0000] {processor.py:840} INFO - DAG(s) 'flight_pipeline' retrieved from /opt/airflow/dags/flight_pipeline.py
[2026-05-28T05:55:30.241+0000] {logging_mixin.py:188} INFO - [2026-05-28T05:55:30.241+0000] {dag.py:3096} INFO - Sync 1 DAGs
[2026-05-28T05:55:30.268+0000] {logging_mixin.py:188} INFO - [2026-05-28T05:55:30.267+0000] {dag.py:3954} INFO - Setting next_dagrun for flight_pipeline to 2026-05-28 05:00:00+00:00, run_after=2026-05-28 06:00:00+00:00
[2026-05-28T05:55:30.294+0000] {processor.py:183} INFO - Processing /opt/airflow/dags/flight_pipeline.py took 0.119 seconds
[2026-05-28T05:56:00.870+0000] {processor.py:161} INFO - Started process (PID=4830) to work on /opt/airflow/dags/flight_pipeline.py
[2026-05-28T05:56:00.871+0000] {processor.py:830} INFO - Processing file /opt/airflow/dags/flight_pipeline.py for tasks to queue
[2026-05-28T05:56:00.873+0000] {logging_mixin.py:188} INFO - [2026-05-28T05:56:00.873+0000] {dagbag.py:540} INFO - Filling up the DagBag from /opt/airflow/dags/flight_pipeline.py
[2026-05-28T05:56:00.896+0000] {processor.py:840} INFO - DAG(s) 'flight_pipeline' retrieved from /opt/airflow/dags/flight_pipeline.py
[2026-05-28T05:56:00.924+0000] {logging_mixin.py:188} INFO - [2026-05-28T05:56:00.924+0000] {dag.py:3096} INFO - Sync 1 DAGs
[2026-05-28T05:56:00.949+0000] {logging_mixin.py:188} INFO - [2026-05-28T05:56:00.949+0000] {dag.py:3954} INFO - Setting next_dagrun for flight_pipeline to 2026-05-28 05:00:00+00:00, run_after=2026-05-28 06:00:00+00:00
[2026-05-28T05:56:00.971+0000] {processor.py:183} INFO - Processing /opt/airflow/dags/flight_pipeline.py took 0.107 seconds
[2026-05-28T05:56:31.241+0000] {processor.py:161} INFO - Started process (PID=4835) to work on /opt/airflow/dags/flight_pipeline.py
[2026-05-28T05:56:31.243+0000] {processor.py:830} INFO - Processing file /opt/airflow/dags/flight_pipeline.py for tasks to queue
[2026-05-28T05:56:31.245+0000] {logging_mixin.py:188} INFO - [2026-05-28T05:56:31.245+0000] {dagbag.py:540} INFO - Filling up the DagBag from /opt/airflow/dags/flight_pipeline.py
[2026-05-28T05:56:31.266+0000] {processor.py:840} INFO - DAG(s) 'flight_pipeline' retrieved from /opt/airflow/dags/flight_pipeline.py
[2026-05-28T05:56:31.185+0000] {logging_mixin.py:188} INFO - [2026-05-28T05:56:31.185+0000] {dag.py:3096} INFO - Sync 1 DAGs
[2026-05-28T05:56:31.209+0000] {logging_mixin.py:188} INFO - [2026-05-28T05:56:31.208+0000] {dag.py:3954} INFO - Setting next_dagrun for flight_pipeline to 2026-05-28 05:00:00+00:00, run_after=2026-05-28 06:00:00+00:00
[2026-05-28T05:56:31.228+0000] {processor.py:183} INFO - Processing /opt/airflow/dags/flight_pipeline.py took 0.106 seconds
[2026-05-28T05:57:02.382+0000] {processor.py:161} INFO - Started process (PID=4840) to work on /opt/airflow/dags/flight_pipeline.py
[2026-05-28T05:57:02.384+0000] {processor.py:830} INFO - Processing file /opt/airflow/dags/flight_pipeline.py for tasks to queue
[2026-05-28T05:57:02.386+0000] {logging_mixin.py:188} INFO - [2026-05-28T05:57:02.386+0000] {dagbag.py:540} INFO - Filling up the DagBag from /opt/airflow/dags/flight_pipeline.py
[2026-05-28T05:57:02.411+0000] {processor.py:840} INFO - DAG(s) 'flight_pipeline' retrieved from /opt/airflow/dags/flight_pipeline.py
[2026-05-28T05:57:03.043+0000] {logging_mixin.py:188} INFO - [2026-05-28T05:57:03.043+0000] {dag.py:3096} INFO - Sync 1 DAGs
[2026-05-28T05:57:03.077+0000] {logging_mixin.py:188} INFO - [2026-05-28T05:57:03.077+0000] {dag.py:3954} INFO - Setting next_dagrun for flight_pipeline to 2026-05-28 05:00:00+00:00, run_after=2026-05-28 06:00:00+00:00
[2026-05-28T05:57:03.101+0000] {processor.py:183} INFO - Processing /opt/airflow/dags/flight_pipeline.py took 0.135 seconds
[2026-05-28T05:57:34.349+0000] {processor.py:161} INFO - Started process (PID=4845) to work on /opt/airflow/dags/flight_pipeline.py
[2026-05-28T05:57:34.351+0000] {processor.py:830} INFO - Processing file /opt/airflow/dags/flight_pipeline.py for tasks to queue
[2026-05-28T05:57:34.353+0000] {logging_mixin.py:188} INFO - [2026-05-28T05:57:34.353+0000] {dagbag.py:540} INFO - Filling up the DagBag from /opt/airflow/dags/flight_pipeline.py
[2026-05-28T05:57:34.371+0000] {processor.py:840} INFO - DAG(s) 'flight_pipeline' retrieved from /opt/airflow/dags/flight_pipeline.py
[2026-05-28T05:57:34.399+0000] {logging_mixin.py:188} INFO - [2026-05-28T05:57:34.398+0000] {dag.py:3096} INFO - Sync 1 DAGs
[2026-05-28T05:57:34.576+0000] {logging_mixin.py:188} INFO - [2026-05-28T05:57:34.576+0000] {dag.py:3954} INFO - Setting next_dagrun for flight_pipeline to 2026-05-28 05:00:00+00:00, run_after=2026-05-28 06:00:00+00:00
[2026-05-28T05:57:34.594+0000] {processor.py:183} INFO - Processing /opt/airflow/dags/flight_pipeline.py took 0.252 seconds
[2026-05-28T05:58:05.627+0000] {processor.py:161} INFO - Started process (PID=4850) to work on /opt/airflow/dags/flight_pipeline.py
[2026-05-28T05:58:05.628+0000] {processor.py:830} INFO - Processing file /opt/airflow/dags/flight_pipeline.py for tasks to queue
[2026-05-28T05:58:05.630+0000] {logging_mixin.py:188} INFO - [2026-05-28T05:58:05.629+0000] {dagbag.py:540} INFO - Filling up the DagBag from /opt/airflow/dags/flight_pipeline.py
[2026-05-28T05:58:05.648+0000] {processor.py:840} INFO - DAG(s) 'flight_pipeline' retrieved from /opt/airflow/dags/flight_pipeline.py
[2026-05-28T05:58:05.677+0000] {logging_mixin.py:188} INFO - [2026-05-28T05:58:05.676+0000] {dag.py:3096} INFO - Sync 1 DAGs
[2026-05-28T05:58:05.698+0000] {logging_mixin.py:188} INFO - [2026-05-28T05:58:05.698+0000] {dag.py:3954} INFO - Setting next_dagrun for flight_pipeline to 2026-05-28 05:00:00+00:00, run_after=2026-05-28 06:00:00+00:00
[2026-05-28T05:58:05.724+0000] {processor.py:183} INFO - Processing /opt/airflow/dags/flight_pipeline.py took 0.104 seconds
[2026-05-28T05:58:36.853+0000] {processor.py:161} INFO - Started process (PID=4855) to work on /opt/airflow/dags/flight_pipeline.py
[2026-05-28T05:58:36.854+0000] {processor.py:830} INFO - Processing file /opt/airflow/dags/flight_pipeline.py for tasks to queue
[2026-05-28T05:58:36.856+0000] {logging_mixin.py:188} INFO - [2026-05-28T05:58:36.855+0000] {dagbag.py:540} INFO - Filling up the DagBag from /opt/airflow/dags/flight_pipeline.py
[2026-05-28T05:58:36.874+0000] {processor.py:840} INFO - DAG(s) 'flight_pipeline' retrieved from /opt/airflow/dags/flight_pipeline.py
[2026-05-28T05:58:36.903+0000] {logging_mixin.py:188} INFO - [2026-05-28T05:58:36.903+0000] {dag.py:3096} INFO - Sync 1 DAGs
[2026-05-28T05:58:36.924+0000] {logging_mixin.py:188} INFO - [2026-05-28T05:58:36.924+0000] {dag.py:3954} INFO - Setting next_dagrun for flight_pipeline to 2026-05-28 05:00:00+00:00, run_after=2026-05-28 06:00:00+00:00
[2026-05-28T05:58:36.942+0000] {processor.py:183} INFO - Processing /opt/airflow/dags/flight_pipeline.py took 0.095 seconds
[2026-05-28T05:59:08.181+0000] {processor.py:161} INFO - Started process (PID=4860) to work on /opt/airflow/dags/flight_pipeline.py
[2026-05-28T05:59:08.183+0000] {processor.py:830} INFO - Processing file /opt/airflow/dags/flight_pipeline.py for tasks to queue
[2026-05-28T05:59:08.187+0000] {logging_mixin.py:188} INFO - [2026-05-28T05:59:08.187+0000] {dagbag.py:540} INFO - Filling up the DagBag from /opt/airflow/dags/flight_pipeline.py
[2026-05-28T05:59:08.207+0000] {processor.py:840} INFO - DAG(s) 'flight_pipeline' retrieved from /opt/airflow/dags/flight_pipeline.py
[2026-05-28T05:59:08.238+0000] {logging_mixin.py:188} INFO - [2026-05-28T05:59:08.237+0000] {dag.py:3096} INFO - Sync 1 DAGs
[2026-05-28T05:59:08.261+0000] {logging_mixin.py:188} INFO - [2026-05-28T05:59:08.261+0000] {dag.py:3954} INFO - Setting next_dagrun for flight_pipeline to 2026-05-28 05:00:00+00:00, run_after=2026-05-28 06:00:00+00:00
[2026-05-28T05:59:08.284+0000] {processor.py:183} INFO - Processing /opt/airflow/dags/flight_pipeline.py took 0.109 seconds
[2026-05-28T05:59:38.409+0000] {processor.py:161} INFO - Started process (PID=4865) to work on /opt/airflow/dags/flight_pipeline.py
[2026-05-28T05:59:38.410+0000] {processor.py:830} INFO - Processing file /opt/airflow/dags/flight_pipeline.py for tasks to queue
[2026-05-28T05:59:38.412+0000] {logging_mixin.py:188} INFO - [2026-05-28T05:59:38.412+0000] {dagbag.py:540} INFO - Filling up the DagBag from /opt/airflow/dags/flight_pipeline.py
[2026-05-28T05:59:38.434+0000] {processor.py:840} INFO - DAG(s) 'flight_pipeline' retrieved from /opt/airflow/dags/flight_pipeline.py
[2026-05-28T05:59:38.466+0000] {logging_mixin.py:188} INFO - [2026-05-28T05:59:38.466+0000] {dag.py:3096} INFO - Sync 1 DAGs
[2026-05-28T05:59:38.488+0000] {logging_mixin.py:188} INFO - [2026-05-28T05:59:38.488+0000] {dag.py:3954} INFO - Setting next_dagrun for flight_pipeline to 2026-05-28 05:00:00+00:00, run_after=2026-05-28 06:00:00+00:00
[2026-05-28T05:59:38.509+0000] {processor.py:183} INFO - Processing /opt/airflow/dags/flight_pipeline.py took 0.106 seconds
[2026-05-28T06:00:09.770+0000] {processor.py:161} INFO - Started process (PID=4891) to work on /opt/airflow/dags/flight_pipeline.py
[2026-05-28T06:00:09.772+0000] {processor.py:830} INFO - Processing file /opt/airflow/dags/flight_pipeline.py for tasks to queue
[2026-05-28T06:00:09.774+0000] {logging_mixin.py:188} INFO - [2026-05-28T06:00:09.774+0000] {dagbag.py:540} INFO - Filling up the DagBag from /opt/airflow/dags/flight_pipeline.py
[2026-05-28T06:00:09.797+0000] {processor.py:840} INFO - DAG(s) 'flight_pipeline' retrieved from /opt/airflow/dags/flight_pipeline.py
[2026-05-28T06:00:09.835+0000] {logging_mixin.py:188} INFO - [2026-05-28T06:00:09.835+0000] {dag.py:3096} INFO - Sync 1 DAGs
[2026-05-28T06:00:09.868+0000] {logging_mixin.py:188} INFO - [2026-05-28T06:00:09.868+0000] {dag.py:3954} INFO - Setting next_dagrun for flight_pipeline to 2026-05-28 06:00:00+00:00, run_after=2026-05-28 07:00:00+00:00
[2026-05-28T06:00:09.898+0000] {processor.py:183} INFO - Processing /opt/airflow/dags/flight_pipeline.py took 0.145 seconds
[2026-05-28T06:00:41.052+0000] {processor.py:161} INFO - Started process (PID=4907) to work on /opt/airflow/dags/flight_pipeline.py
[2026-05-28T06:00:41.054+0000] {processor.py:830} INFO - Processing file /opt/airflow/dags/flight_pipeline.py for tasks to queue
[2026-05-28T06:00:41.056+0000] {logging_mixin.py:188} INFO - [2026-05-28T06:00:41.056+0000] {dagbag.py:540} INFO - Filling up the DagBag from /opt/airflow/dags/flight_pipeline.py
[2026-05-28T06:00:41.077+0000] {processor.py:840} INFO - DAG(s) 'flight_pipeline' retrieved from /opt/airflow/dags/flight_pipeline.py
[2026-05-28T06:00:41.104+0000] {logging_mixin.py:188} INFO - [2026-05-28T06:00:41.104+0000] {dag.py:3096} INFO - Sync 1 DAGs
[2026-05-28T06:00:41.340+0000] {logging_mixin.py:188} INFO - [2026-05-28T06:00:41.340+0000] {dag.py:3954} INFO - Setting next_dagrun for flight_pipeline to 2026-05-28 06:00:00+00:00, run_after=2026-05-28 07:00:00+00:00
[2026-05-28T06:00:41.362+0000] {processor.py:183} INFO - Processing /opt/airflow/dags/flight_pipeline.py took 0.316 seconds
[2026-05-28T06:01:12.399+0000] {processor.py:161} INFO - Started process (PID=4912) to work on /opt/airflow/dags/flight_pipeline.py
[2026-05-28T06:01:12.401+0000] {processor.py:830} INFO - Processing file /opt/airflow/dags/flight_pipeline.py for tasks to queue
[2026-05-28T06:01:12.403+0000] {logging_mixin.py:188} INFO - [2026-05-28T06:01:12.403+0000] {dagbag.py:540} INFO - Filling up the DagBag from /opt/airflow/dags/flight_pipeline.py
[2026-05-28T06:01:12.431+0000] {processor.py:840} INFO - DAG(s) 'flight_pipeline' retrieved from /opt/airflow/dags/flight_pipeline.py
[2026-05-28T06:01:12.475+0000] {logging_mixin.py:188} INFO - [2026-05-28T06:01:12.475+0000] {dag.py:3096} INFO - Sync 1 DAGs
[2026-05-28T06:01:12.506+0000] {logging_mixin.py:188} INFO - [2026-05-28T06:01:12.506+0000] {dag.py:3954} INFO - Setting next_dagrun for flight_pipeline to 2026-05-28 06:00:00+00:00, run_after=2026-05-28 07:00:00+00:00
[2026-05-28T06:01:12.534+0000] {processor.py:183} INFO - Processing /opt/airflow/dags/flight_pipeline.py took 0.143 seconds
[2026-05-28T06:01:42.844+0000] {processor.py:161} INFO - Started process (PID=4917) to work on /opt/airflow/dags/flight_pipeline.py
[2026-05-28T06:01:42.845+0000] {processor.py:830} INFO - Processing file /opt/airflow/dags/flight_pipeline.py for tasks to queue
[2026-05-28T06:01:42.847+0000] {logging_mixin.py:188} INFO - [2026-05-28T06:01:42.847+0000] {dagbag.py:540} INFO - Filling up the DagBag from /opt/airflow/dags/flight_pipeline.py
[2026-05-28T06:01:42.866+0000] {processor.py:840} INFO - DAG(s) 'flight_pipeline' retrieved from /opt/airflow/dags/flight_pipeline.py
[2026-05-28T06:01:42.897+0000] {logging_mixin.py:188} INFO - [2026-05-28T06:01:42.896+0000] {dag.py:3096} INFO - Sync 1 DAGs
[2026-05-28T06:01:42.920+0000] {logging_mixin.py:188} INFO - [2026-05-28T06:01:42.920+0000] {dag.py:3954} INFO - Setting next_dagrun for flight_pipeline to 2026-05-28 06:00:00+00:00, run_after=2026-05-28 07:00:00+00:00
[2026-05-28T06:01:42.937+0000] {processor.py:183} INFO - Processing /opt/airflow/dags/flight_pipeline.py took 0.100 seconds
[2026-05-28T06:02:14.079+0000] {processor.py:161} INFO - Started process (PID=4922) to work on /opt/airflow/dags/flight_pipeline.py
[2026-05-28T06:02:14.081+0000] {processor.py:830} INFO - Processing file /opt/airflow/dags/flight_pipeline.py for tasks to queue
[2026-05-28T06:02:14.083+0000] {logging_mixin.py:188} INFO - [2026-05-28T06:02:14.083+0000] {dagbag.py:540} INFO - Filling up the DagBag from /opt/airflow/dags/flight_pipeline.py
[2026-05-28T06:02:14.105+0000] {processor.py:840} INFO - DAG(s) 'flight_pipeline' retrieved from /opt/airflow/dags/flight_pipeline.py
[2026-05-28T06:02:14.137+0000] {logging_mixin.py:188} INFO - [2026-05-28T06:02:14.136+0000] {dag.py:3096} INFO - Sync 1 DAGs
[2026-05-28T06:02:14.158+0000] {logging_mixin.py:188} INFO - [2026-05-28T06:02:14.158+0000] {dag.py:3954} INFO - Setting next_dagrun for flight_pipeline to 2026-05-28 06:00:00+00:00, run_after=2026-05-28 07:00:00+00:00
[2026-05-28T06:02:14.182+0000] {processor.py:183} INFO - Processing /opt/airflow/dags/flight_pipeline.py took 0.110 seconds
[2026-05-28T06:02:45.459+0000] {processor.py:161} INFO - Started process (PID=4927) to work on /opt/airflow/dags/flight_pipeline.py
[2026-05-28T06:02:45.460+0000] {processor.py:830} INFO - Processing file /opt/airflow/dags/flight_pipeline.py for tasks to queue
[2026-05-28T06:02:45.462+0000] {logging_mixin.py:188} INFO - [2026-05-28T06:02:45.462+0000] {dagbag.py:540} INFO - Filling up the DagBag from /opt/airflow/dags/flight_pipeline.py
[2026-05-28T06:02:45.488+0000] {processor.py:840} INFO - DAG(s) 'flight_pipeline' retrieved from /opt/airflow/dags/flight_pipeline.py
[2026-05-28T06:02:45.525+0000] {logging_mixin.py:188} INFO - [2026-05-28T06:02:45.525+0000] {dag.py:3096} INFO - Sync 1 DAGs
[2026-05-28T06:02:45.568+0000] {logging_mixin.py:188} INFO - [2026-05-28T06:02:45.568+0000] {dag.py:3954} INFO - Setting next_dagrun for flight_pipeline to 2026-05-28 06:00:00+00:00, run_after=2026-05-28 07:00:00+00:00
[2026-05-28T06:02:45.599+0000] {processor.py:183} INFO - Processing /opt/airflow/dags/flight_pipeline.py took 0.150 seconds
[2026-05-28T06:03:16.701+0000] {processor.py:161} INFO - Started process (PID=4932) to work on /opt/airflow/dags/flight_pipeline.py
[2026-05-28T06:03:16.702+0000] {processor.py:830} INFO - Processing file /opt/airflow/dags/flight_pipeline.py for tasks to queue
[2026-05-28T06:03:16.704+0000] {logging_mixin.py:188} INFO - [2026-05-28T06:03:16.704+0000] {dagbag.py:540} INFO - Filling up the DagBag from /opt/airflow/dags/flight_pipeline.py
[2026-05-28T06:03:16.722+0000] {processor.py:840} INFO - DAG(s) 'flight_pipeline' retrieved from /opt/airflow/dags/flight_pipeline.py
[2026-05-28T06:03:16.752+0000] {logging_mixin.py:188} INFO - [2026-05-28T06:03:16.752+0000] {dag.py:3096} INFO - Sync 1 DAGs
[2026-05-28T06:03:16.773+0000] {logging_mixin.py:188} INFO - [2026-05-28T06:03:16.773+0000] {dag.py:3954} INFO - Setting next_dagrun for flight_pipeline to 2026-05-28 06:00:00+00:00, run_after=2026-05-28 07:00:00+00:00
[2026-05-28T06:03:16.797+0000] {processor.py:183} INFO - Processing /opt/airflow/dags/flight_pipeline.py took 0.103 seconds
[2026-05-28T06:03:47.069+0000] {processor.py:161} INFO - Started process (PID=4937) to work on /opt/airflow/dags/flight_pipeline.py
[2026-05-28T06:03:47.070+0000] {processor.py:830} INFO - Processing file /opt/airflow/dags/flight_pipeline.py for tasks to queue
[2026-05-28T06:03:47.072+0000] {logging_mixin.py:188} INFO - [2026-05-28T06:03:47.072+0000] {dagbag.py:540} INFO - Filling up the DagBag from /opt/airflow/dags/flight_pipeline.py
[2026-05-28T06:03:47.091+0000] {processor.py:840} INFO - DAG(s) 'flight_pipeline' retrieved from /opt/airflow/dags/flight_pipeline.py
[2026-05-28T06:03:47.121+0000] {logging_mixin.py:188} INFO - [2026-05-28T06:03:47.120+0000] {dag.py:3096} INFO - Sync 1 DAGs
[2026-05-28T06:03:47.299+0000] {logging_mixin.py:188} INFO - [2026-05-28T06:03:47.298+0000] {dag.py:3954} INFO - Setting next_dagrun for flight_pipeline to 2026-05-28 06:00:00+00:00, run_after=2026-05-28 07:00:00+00:00
[2026-05-28T06:03:47.317+0000] {processor.py:183} INFO - Processing /opt/airflow/dags/flight_pipeline.py took 0.257 seconds
[2026-05-28T06:04:18.314+0000] {processor.py:161} INFO - Started process (PID=4942) to work on /opt/airflow/dags/flight_pipeline.py
[2026-05-28T06:04:18.317+0000] {processor.py:830} INFO - Processing file /opt/airflow/dags/flight_pipeline.py for tasks to queue
[2026-05-28T06:04:18.319+0000] {logging_mixin.py:188} INFO - [2026-05-28T06:04:18.318+0000] {dagbag.py:540} INFO - Filling up the DagBag from /opt/airflow/dags/flight_pipeline.py
[2026-05-28T06:04:18.339+0000] {processor.py:840} INFO - DAG(s) 'flight_pipeline' retrieved from /opt/airflow/dags/flight_pipeline.py
[2026-05-28T06:04:18.377+0000] {logging_mixin.py:188} INFO - [2026-05-28T06:04:18.377+0000] {dag.py:3096} INFO - Sync 1 DAGs
[2026-05-28T06:04:18.405+0000] {logging_mixin.py:188} INFO - [2026-05-28T06:04:18.404+0000] {dag.py:3954} INFO - Setting next_dagrun for flight_pipeline to 2026-05-28 06:00:00+00:00, run_after=2026-05-28 07:00:00+00:00
[2026-05-28T06:04:18.433+0000] {processor.py:183} INFO - Processing /opt/airflow/dags/flight_pipeline.py took 0.125 seconds
[2026-05-28T06:04:49.564+0000] {processor.py:161} INFO - Started process (PID=4947) to work on /opt/airflow/dags/flight_pipeline.py
[2026-05-28T06:04:49.565+0000] {processor.py:830} INFO - Processing file /opt/airflow/dags/flight_pipeline.py for tasks to queue
[2026-05-28T06:04:49.569+0000] {logging_mixin.py:188} INFO - [2026-05-28T06:04:49.568+0000] {dagbag.py:540} INFO - Filling up the DagBag from /opt/airflow/dags/flight_pipeline.py
[2026-05-28T06:04:49.591+0000] {processor.py:840} INFO - DAG(s) 'flight_pipeline' retrieved from /opt/airflow/dags/flight_pipeline.py
[2026-05-28T06:04:49.634+0000] {logging_mixin.py:188} INFO - [2026-05-28T06:04:49.634+0000] {dag.py:3096} INFO - Sync 1 DAGs
[2026-05-28T06:04:49.667+0000] {logging_mixin.py:188} INFO - [2026-05-28T06:04:49.666+0000] {dag.py:3954} INFO - Setting next_dagrun for flight_pipeline to 2026-05-28 06:00:00+00:00, run_after=2026-05-28 07:00:00+00:00
[2026-05-28T06:04:49.691+0000] {processor.py:183} INFO - Processing /opt/airflow/dags/flight_pipeline.py took 0.134 seconds
[2026-05-28T06:05:20.879+0000] {processor.py:161} INFO - Started process (PID=4952) to work on /opt/airflow/dags/flight_pipeline.py
[2026-05-28T06:05:20.880+0000] {processor.py:830} INFO - Processing file /opt/airflow/dags/flight_pipeline.py for tasks to queue
[2026-05-28T06:05:20.883+0000] {logging_mixin.py:188} INFO - [2026-05-28T06:05:20.882+0000] {dagbag.py:540} INFO - Filling up the DagBag from /opt/airflow/dags/flight_pipeline.py
[2026-05-28T06:05:20.902+0000] {processor.py:840} INFO - DAG(s) 'flight_pipeline' retrieved from /opt/airflow/dags/flight_pipeline.py
[2026-05-28T06:05:20.930+0000] {logging_mixin.py:188} INFO - [2026-05-28T06:05:20.930+0000] {dag.py:3096} INFO - Sync 1 DAGs
[2026-05-28T06:05:20.951+0000] {logging_mixin.py:188} INFO - [2026-05-28T06:05:20.951+0000] {dag.py:3954} INFO - Setting next_dagrun for flight_pipeline to 2026-05-28 06:00:00+00:00, run_after=2026-05-28 07:00:00+00:00
[2026-05-28T06:05:20.967+0000] {processor.py:183} INFO - Processing /opt/airflow/dags/flight_pipeline.py took 0.093 seconds
[2026-05-28T06:05:52.096+0000] {processor.py:161} INFO - Started process (PID=4957) to work on /opt/airflow/dags/flight_pipeline.py
[2026-05-28T06:05:52.097+0000] {processor.py:830} INFO - Processing file /opt/airflow/dags/flight_pipeline.py for tasks to queue
[2026-05-28T06:05:52.099+0000] {logging_mixin.py:188} INFO - [2026-05-28T06:05:52.099+0000] {dagbag.py:540} INFO - Filling up the DagBag from /opt/airflow/dags/flight_pipeline.py
[2026-05-28T06:05:52.115+0000] {processor.py:840} INFO - DAG(s) 'flight_pipeline' retrieved from /opt/airflow/dags/flight_pipeline.py
[2026-05-28T06:05:52.139+0000] {logging_mixin.py:188} INFO - [2026-05-28T06:05:52.139+0000] {dag.py:3096} INFO - Sync 1 DAGs
[2026-05-28T06:05:52.157+0000] {logging_mixin.py:188} INFO - [2026-05-28T06:05:52.156+0000] {dag.py:3954} INFO - Setting next_dagrun for flight_pipeline to 2026-05-28 06:00:00+00:00, run_after=2026-05-28 07:00:00+00:00
[2026-05-28T06:05:52.173+0000] {processor.py:183} INFO - Processing /opt/airflow/dags/flight_pipeline.py took 0.082 seconds
[2026-05-28T06:06:22.475+0000] {processor.py:161} INFO - Started process (PID=4962) to work on /opt/airflow/dags/flight_pipeline.py
[2026-05-28T06:06:22.476+0000] {processor.py:830} INFO - Processing file /opt/airflow/dags/flight_pipeline.py for tasks to queue
[2026-05-28T06:06:22.478+0000] {logging_mixin.py:188} INFO - [2026-05-28T06:06:22.477+0000] {dagbag.py:540} INFO - Filling up the DagBag from /opt/airflow/dags/flight_pipeline.py
[2026-05-28T06:06:22.494+0000] {processor.py:840} INFO - DAG(s) 'flight_pipeline' retrieved from /opt/airflow/dags/flight_pipeline.py
[2026-05-28T06:06:22.517+0000] {logging_mixin.py:188} INFO - [2026-05-28T06:06:22.517+0000] {dag.py:3096} INFO - Sync 1 DAGs
[2026-05-28T06:06:22.535+0000] {logging_mixin.py:188} INFO - [2026-05-28T06:06:22.535+0000] {dag.py:3954} INFO - Setting next_dagrun for flight_pipeline to 2026-05-28 06:00:00+00:00, run_after=2026-05-28 07:00:00+00:00
[2026-05-28T06:06:22.553+0000] {processor.py:183} INFO - Processing /opt/airflow/dags/flight_pipeline.py took 0.083 seconds
[2026-05-28T06:06:53.718+0000] {processor.py:161} INFO - Started process (PID=4967) to work on /opt/airflow/dags/flight_pipeline.py
[2026-05-28T06:06:53.719+0000] {processor.py:830} INFO - Processing file /opt/airflow/dags/flight_pipeline.py for tasks to queue
[2026-05-28T06:06:53.721+0000] {logging_mixin.py:188} INFO - [2026-05-28T06:06:53.720+0000] {dagbag.py:540} INFO - Filling up the DagBag from /opt/airflow/dags/flight_pipeline.py
[2026-05-28T06:06:53.740+0000] {processor.py:840} INFO - DAG(s) 'flight_pipeline' retrieved from /opt/airflow/dags/flight_pipeline.py
[2026-05-28T06:06:53.780+0000] {logging_mixin.py:188} INFO - [2026-05-28T06:06:53.779+0000] {dag.py:3096} INFO - Sync 1 DAGs
[2026-05-28T06:06:53.998+0000] {logging_mixin.py:188} INFO - [2026-05-28T06:06:53.998+0000] {dag.py:3954} INFO - Setting next_dagrun for flight_pipeline to 2026-05-28 06:00:00+00:00, run_after=2026-05-28 07:00:00+00:00
[2026-05-28T06:06:54.016+0000] {processor.py:183} INFO - Processing /opt/airflow/dags/flight_pipeline.py took 0.305 seconds
[2026-05-28T06:07:25.016+0000] {processor.py:161} INFO - Started process (PID=4972) to work on /opt/airflow/dags/flight_pipeline.py
[2026-05-28T06:07:25.017+0000] {processor.py:830} INFO - Processing file /opt/airflow/dags/flight_pipeline.py for tasks to queue
[2026-05-28T06:07:25.019+0000] {logging_mixin.py:188} INFO - [2026-05-28T06:07:25.018+0000] {dagbag.py:540} INFO - Filling up the DagBag from /opt/airflow/dags/flight_pipeline.py
[2026-05-28T06:07:25.035+0000] {processor.py:840} INFO - DAG(s) 'flight_pipeline' retrieved from /opt/airflow/dags/flight_pipeline.py
[2026-05-28T06:07:25.059+0000] {logging_mixin.py:188} INFO - [2026-05-28T06:07:25.059+0000] {dag.py:3096} INFO - Sync 1 DAGs
[2026-05-28T06:07:25.078+0000] {logging_mixin.py:188} INFO - [2026-05-28T06:07:25.077+0000] {dag.py:3954} INFO - Setting next_dagrun for flight_pipeline to 2026-05-28 06:00:00+00:00, run_after=2026-05-28 07:00:00+00:00
[2026-05-28T06:07:25.094+0000] {processor.py:183} INFO - Processing /opt/airflow/dags/flight_pipeline.py took 0.083 seconds
[2026-05-28T06:07:56.270+0000] {processor.py:161} INFO - Started process (PID=4977) to work on /opt/airflow/dags/flight_pipeline.py
[2026-05-28T06:07:56.272+0000] {processor.py:830} INFO - Processing file /opt/airflow/dags/flight_pipeline.py for tasks to queue
[2026-05-28T06:07:56.274+0000] {logging_mixin.py:188} INFO - [2026-05-28T06:07:56.273+0000] {dagbag.py:540} INFO - Filling up the DagBag from /opt/airflow/dags/flight_pipeline.py
[2026-05-28T06:07:56.293+0000] {processor.py:840} INFO - DAG(s) 'flight_pipeline' retrieved from /opt/airflow/dags/flight_pipeline.py
[2026-05-28T06:07:56.322+0000] {logging_mixin.py:188} INFO - [2026-05-28T06:07:56.322+0000] {dag.py:3096} INFO - Sync 1 DAGs
[2026-05-28T06:07:56.344+0000] {logging_mixin.py:188} INFO - [2026-05-28T06:07:56.344+0000] {dag.py:3954} INFO - Setting next_dagrun for flight_pipeline to 2026-05-28 06:00:00+00:00, run_after=2026-05-28 07:00:00+00:00
[2026-05-28T06:07:56.364+0000] {processor.py:183} INFO - Processing /opt/airflow/dags/flight_pipeline.py took 0.101 seconds
[2026-05-28T06:08:27.597+0000] {processor.py:161} INFO - Started process (PID=4982) to work on /opt/airflow/dags/flight_pipeline.py
[2026-05-28T06:08:27.598+0000] {processor.py:830} INFO - Processing file /opt/airflow/dags/flight_pipeline.py for tasks to queue
[2026-05-28T06:08:27.600+0000] {logging_mixin.py:188} INFO - [2026-05-28T06:08:27.599+0000] {dagbag.py:540} INFO - Filling up the DagBag from /opt/airflow/dags/flight_pipeline.py
[2026-05-28T06:08:27.618+0000] {processor.py:840} INFO - DAG(s) 'flight_pipeline' retrieved from /opt/airflow/dags/flight_pipeline.py
[2026-05-28T06:08:27.644+0000] {logging_mixin.py:188} INFO - [2026-05-28T06:08:27.644+0000] {dag.py:3096} INFO - Sync 1 DAGs
[2026-05-28T06:08:27.665+0000] {logging_mixin.py:188} INFO - [2026-05-28T06:08:27.665+0000] {dag.py:3954} INFO - Setting next_dagrun for flight_pipeline to 2026-05-28 06:00:00+00:00, run_after=2026-05-28 07:00:00+00:00
[2026-05-28T06:08:27.918+0000] {processor.py:183} INFO - Processing /opt/airflow/dags/flight_pipeline.py took 0.328 seconds
[2026-05-28T06:08:58.130+0000] {processor.py:161} INFO - Started process (PID=4987) to work on /opt/airflow/dags/flight_pipeline.py
[2026-05-28T06:08:58.132+0000] {processor.py:830} INFO - Processing file /opt/airflow/dags/flight_pipeline.py for tasks to queue
[2026-05-28T06:08:58.134+0000] {logging_mixin.py:188} INFO - [2026-05-28T06:08:58.134+0000] {dagbag.py:540} INFO - Filling up the DagBag from /opt/airflow/dags/flight_pipeline.py
[2026-05-28T06:08:58.152+0000] {processor.py:840} INFO - DAG(s) 'flight_pipeline' retrieved from /opt/airflow/dags/flight_pipeline.py
[2026-05-28T06:08:58.180+0000] {logging_mixin.py:188} INFO - [2026-05-28T06:08:58.179+0000] {dag.py:3096} INFO - Sync 1 DAGs
[2026-05-28T06:08:58.200+0000] {logging_mixin.py:188} INFO - [2026-05-28T06:08:58.200+0000] {dag.py:3954} INFO - Setting next_dagrun for flight_pipeline to 2026-05-28 06:00:00+00:00, run_after=2026-05-28 07:00:00+00:00
[2026-05-28T06:08:58.216+0000] {processor.py:183} INFO - Processing /opt/airflow/dags/flight_pipeline.py took 0.093 seconds
[2026-05-28T06:09:29.402+0000] {processor.py:161} INFO - Started process (PID=4992) to work on /opt/airflow/dags/flight_pipeline.py
[2026-05-28T06:09:29.403+0000] {processor.py:830} INFO - Processing file /opt/airflow/dags/flight_pipeline.py for tasks to queue
[2026-05-28T06:09:29.405+0000] {logging_mixin.py:188} INFO - [2026-05-28T06:09:29.404+0000] {dagbag.py:540} INFO - Filling up the DagBag from /opt/airflow/dags/flight_pipeline.py
[2026-05-28T06:09:29.421+0000] {processor.py:840} INFO - DAG(s) 'flight_pipeline' retrieved from /opt/airflow/dags/flight_pipeline.py
[2026-05-28T06:09:29.445+0000] {logging_mixin.py:188} INFO - [2026-05-28T06:09:29.445+0000] {dag.py:3096} INFO - Sync 1 DAGs
[2026-05-28T06:09:29.464+0000] {logging_mixin.py:188} INFO - [2026-05-28T06:09:29.464+0000] {dag.py:3954} INFO - Setting next_dagrun for flight_pipeline to 2026-05-28 06:00:00+00:00, run_after=2026-05-28 07:00:00+00:00
[2026-05-28T06:09:29.479+0000] {processor.py:183} INFO - Processing /opt/airflow/dags/flight_pipeline.py took 0.082 seconds
[2026-05-28T06:10:00.757+0000] {processor.py:161} INFO - Started process (PID=4997) to work on /opt/airflow/dags/flight_pipeline.py
[2026-05-28T06:10:00.758+0000] {processor.py:830} INFO - Processing file /opt/airflow/dags/flight_pipeline.py for tasks to queue
[2026-05-28T06:10:00.761+0000] {logging_mixin.py:188} INFO - [2026-05-28T06:10:00.760+0000] {dagbag.py:540} INFO - Filling up the DagBag from /opt/airflow/dags/flight_pipeline.py
[2026-05-28T06:10:00.784+0000] {processor.py:840} INFO - DAG(s) 'flight_pipeline' retrieved from /opt/airflow/dags/flight_pipeline.py
[2026-05-28T06:10:00.815+0000] {logging_mixin.py:188} INFO - [2026-05-28T06:10:00.815+0000] {dag.py:3096} INFO - Sync 1 DAGs
[2026-05-28T06:10:00.842+0000] {logging_mixin.py:188} INFO - [2026-05-28T06:10:00.841+0000] {dag.py:3954} INFO - Setting next_dagrun for flight_pipeline to 2026-05-28 06:00:00+00:00, run_after=2026-05-28 07:00:00+00:00
[2026-05-28T06:10:01.037+0000] {processor.py:183} INFO - Processing /opt/airflow/dags/flight_pipeline.py took 0.287 seconds
[2026-05-28T06:10:32.000+0000] {processor.py:161} INFO - Started process (PID=5002) to work on /opt/airflow/dags/flight_pipeline.py
[2026-05-28T06:10:32.002+0000] {processor.py:830} INFO - Processing file /opt/airflow/dags/flight_pipeline.py for tasks to queue
[2026-05-28T06:10:32.004+0000] {logging_mixin.py:188} INFO - [2026-05-28T06:10:32.004+0000] {dagbag.py:540} INFO - Filling up the DagBag from /opt/airflow/dags/flight_pipeline.py
[2026-05-28T06:10:32.025+0000] {processor.py:840} INFO - DAG(s) 'flight_pipeline' retrieved from /opt/airflow/dags/flight_pipeline.py
[2026-05-28T06:10:32.060+0000] {logging_mixin.py:188} INFO - [2026-05-28T06:10:32.060+0000] {dag.py:3096} INFO - Sync 1 DAGs
[2026-05-28T06:10:32.087+0000] {logging_mixin.py:188} INFO - [2026-05-28T06:10:32.087+0000] {dag.py:3954} INFO - Setting next_dagrun for flight_pipeline to 2026-05-28 06:00:00+00:00, run_after=2026-05-28 07:00:00+00:00
[2026-05-28T06:10:32.109+0000] {processor.py:183} INFO - Processing /opt/airflow/dags/flight_pipeline.py took 0.118 seconds
[2026-05-28T06:11:03.239+0000] {processor.py:161} INFO - Started process (PID=5007) to work on /opt/airflow/dags/flight_pipeline.py
[2026-05-28T06:11:03.239+0000] {processor.py:830} INFO - Processing file /opt/airflow/dags/flight_pipeline.py for tasks to queue
[2026-05-28T06:11:03.241+0000] {logging_mixin.py:188} INFO - [2026-05-28T06:11:03.241+0000] {dagbag.py:540} INFO - Filling up the DagBag from /opt/airflow/dags/flight_pipeline.py
[2026-05-28T06:11:03.258+0000] {processor.py:840} INFO - DAG(s) 'flight_pipeline' retrieved from /opt/airflow/dags/flight_pipeline.py
[2026-05-28T06:11:03.282+0000] {logging_mixin.py:188} INFO - [2026-05-28T06:11:03.282+0000] {dag.py:3096} INFO - Sync 1 DAGs
[2026-05-28T06:11:03.300+0000] {logging_mixin.py:188} INFO - [2026-05-28T06:11:03.300+0000] {dag.py:3954} INFO - Setting next_dagrun for flight_pipeline to 2026-05-28 06:00:00+00:00, run_after=2026-05-28 07:00:00+00:00
[2026-05-28T06:11:03.316+0000] {processor.py:183} INFO - Processing /opt/airflow/dags/flight_pipeline.py took 0.083 seconds
[2026-05-28T06:11:33.571+0000] {processor.py:161} INFO - Started process (PID=5012) to work on /opt/airflow/dags/flight_pipeline.py
[2026-05-28T06:11:33.572+0000] {processor.py:830} INFO - Processing file /opt/airflow/dags/flight_pipeline.py for tasks to queue
[2026-05-28T06:11:33.575+0000] {logging_mixin.py:188} INFO - [2026-05-28T06:11:33.574+0000] {dagbag.py:540} INFO - Filling up the DagBag from /opt/airflow/dags/flight_pipeline.py
[2026-05-28T06:11:33.591+0000] {processor.py:840} INFO - DAG(s) 'flight_pipeline' retrieved from /opt/airflow/dags/flight_pipeline.py
[2026-05-28T06:11:33.617+0000] {logging_mixin.py:188} INFO - [2026-05-28T06:11:33.617+0000] {dag.py:3096} INFO - Sync 1 DAGs
[2026-05-28T06:11:33.639+0000] {logging_mixin.py:188} INFO - [2026-05-28T06:11:33.638+0000] {dag.py:3954} INFO - Setting next_dagrun for flight_pipeline to 2026-05-28 06:00:00+00:00, run_after=2026-05-28 07:00:00+00:00
[2026-05-28T06:11:33.663+0000] {processor.py:183} INFO - Processing /opt/airflow/dags/flight_pipeline.py took 0.097 seconds
[2026-05-28T06:12:04.793+0000] {processor.py:161} INFO - Started process (PID=5017) to work on /opt/airflow/dags/flight_pipeline.py
[2026-05-28T06:12:04.794+0000] {processor.py:830} INFO - Processing file /opt/airflow/dags/flight_pipeline.py for tasks to queue
[2026-05-28T06:12:04.796+0000] {logging_mixin.py:188} INFO - [2026-05-28T06:12:04.796+0000] {dagbag.py:540} INFO - Filling up the DagBag from /opt/airflow/dags/flight_pipeline.py
[2026-05-28T06:12:04.815+0000] {processor.py:840} INFO - DAG(s) 'flight_pipeline' retrieved from /opt/airflow/dags/flight_pipeline.py
[2026-05-28T06:12:04.843+0000] {logging_mixin.py:188} INFO - [2026-05-28T06:12:04.843+0000] {dag.py:3096} INFO - Sync 1 DAGs
[2026-05-28T06:12:04.864+0000] {logging_mixin.py:188} INFO - [2026-05-28T06:12:04.864+0000] {dag.py:3954} INFO - Setting next_dagrun for flight_pipeline to 2026-05-28 06:00:00+00:00, run_after=2026-05-28 07:00:00+00:00
[2026-05-28T06:12:04.880+0000] {processor.py:183} INFO - Processing /opt/airflow/dags/flight_pipeline.py took 0.094 seconds
[2026-05-28T06:12:36.192+0000] {processor.py:161} INFO - Started process (PID=5022) to work on /opt/airflow/dags/flight_pipeline.py
[2026-05-28T06:12:36.193+0000] {processor.py:830} INFO - Processing file /opt/airflow/dags/flight_pipeline.py for tasks to queue
[2026-05-28T06:12:36.194+0000] {logging_mixin.py:188} INFO - [2026-05-28T06:12:36.194+0000] {dagbag.py:540} INFO - Filling up the DagBag from /opt/airflow/dags/flight_pipeline.py
[2026-05-28T06:12:36.210+0000] {processor.py:840} INFO - DAG(s) 'flight_pipeline' retrieved from /opt/airflow/dags/flight_pipeline.py
[2026-05-28T06:12:36.234+0000] {logging_mixin.py:188} INFO - [2026-05-28T06:12:36.234+0000] {dag.py:3096} INFO - Sync 1 DAGs
[2026-05-28T06:12:36.252+0000] {logging_mixin.py:188} INFO - [2026-05-28T06:12:36.252+0000] {dag.py:3954} INFO - Setting next_dagrun for flight_pipeline to 2026-05-28 06:00:00+00:00, run_after=2026-05-28 07:00:00+00:00
[2026-05-28T06:12:36.269+0000] {processor.py:183} INFO - Processing /opt/airflow/dags/flight_pipeline.py took 0.083 seconds
[2026-05-28T06:13:07.449+0000] {processor.py:161} INFO - Started process (PID=5027) to work on /opt/airflow/dags/flight_pipeline.py
[2026-05-28T06:13:07.450+0000] {processor.py:830} INFO - Processing file /opt/airflow/dags/flight_pipeline.py for tasks to queue
[2026-05-28T06:13:07.452+0000] {logging_mixin.py:188} INFO - [2026-05-28T06:13:07.452+0000] {dagbag.py:540} INFO - Filling up the DagBag from /opt/airflow/dags/flight_pipeline.py
[2026-05-28T06:13:07.472+0000] {processor.py:840} INFO - DAG(s) 'flight_pipeline' retrieved from /opt/airflow/dags/flight_pipeline.py
[2026-05-28T06:13:07.497+0000] {logging_mixin.py:188} INFO - [2026-05-28T06:13:07.497+0000] {dag.py:3096} INFO - Sync 1 DAGs
[2026-05-28T06:13:07.518+0000] {logging_mixin.py:188} INFO - [2026-05-28T06:13:07.518+0000] {dag.py:3954} INFO - Setting next_dagrun for flight_pipeline to 2026-05-28 06:00:00+00:00, run_after=2026-05-28 07:00:00+00:00
[2026-05-28T06:13:07.705+0000] {processor.py:183} INFO - Processing /opt/airflow/dags/flight_pipeline.py took 0.262 seconds
[2026-05-28T06:13:38.712+0000] {processor.py:161} INFO - Started process (PID=5032) to work on /opt/airflow/dags/flight_pipeline.py
[2026-05-28T06:13:38.713+0000] {processor.py:830} INFO - Processing file /opt/airflow/dags/flight_pipeline.py for tasks to queue
[2026-05-28T06:13:38.715+0000] {logging_mixin.py:188} INFO - [2026-05-28T06:13:38.715+0000] {dagbag.py:540} INFO - Filling up the DagBag from /opt/airflow/dags/flight_pipeline.py
[2026-05-28T06:13:38.737+0000] {processor.py:840} INFO - DAG(s) 'flight_pipeline' retrieved from /opt/airflow/dags/flight_pipeline.py
[2026-05-28T06:13:38.771+0000] {logging_mixin.py:188} INFO - [2026-05-28T06:13:38.771+0000] {dag.py:3096} INFO - Sync 1 DAGs
[2026-05-28T06:13:38.984+0000] {logging_mixin.py:188} INFO - [2026-05-28T06:13:38.984+0000] {dag.py:3954} INFO - Setting next_dagrun for flight_pipeline to 2026-05-28 06:00:00+00:00, run_after=2026-05-28 07:00:00+00:00
[2026-05-28T06:13:39.002+0000] {processor.py:183} INFO - Processing /opt/airflow/dags/flight_pipeline.py took 0.298 seconds
[2026-05-28T06:14:09.252+0000] {processor.py:161} INFO - Started process (PID=5037) to work on /opt/airflow/dags/flight_pipeline.py
[2026-05-28T06:14:09.253+0000] {processor.py:830} INFO - Processing file /opt/airflow/dags/flight_pipeline.py for tasks to queue
[2026-05-28T06:14:09.255+0000] {logging_mixin.py:188} INFO - [2026-05-28T06:14:09.255+0000] {dagbag.py:540} INFO - Filling up the DagBag from /opt/airflow/dags/flight_pipeline.py
[2026-05-28T06:14:09.272+0000] {processor.py:840} INFO - DAG(s) 'flight_pipeline' retrieved from /opt/airflow/dags/flight_pipeline.py
[2026-05-28T06:14:09.298+0000] {logging_mixin.py:188} INFO - [2026-05-28T06:14:09.298+0000] {dag.py:3096} INFO - Sync 1 DAGs
[2026-05-28T06:14:09.317+0000] {logging_mixin.py:188} INFO - [2026-05-28T06:14:09.317+0000] {dag.py:3954} INFO - Setting next_dagrun for flight_pipeline to 2026-05-28 06:00:00+00:00, run_after=2026-05-28 07:00:00+00:00
[2026-05-28T06:14:09.334+0000] {processor.py:183} INFO - Processing /opt/airflow/dags/flight_pipeline.py took 0.087 seconds
[2026-05-28T06:14:40.611+0000] {processor.py:161} INFO - Started process (PID=5042) to work on /opt/airflow/dags/flight_pipeline.py
[2026-05-28T06:14:40.612+0000] {processor.py:830} INFO - Processing file /opt/airflow/dags/flight_pipeline.py for tasks to queue
[2026-05-28T06:14:40.613+0000] {logging_mixin.py:188} INFO - [2026-05-28T06:14:40.613+0000] {dagbag.py:540} INFO - Filling up the DagBag from /opt/airflow/dags/flight_pipeline.py
[2026-05-28T06:14:40.632+0000] {processor.py:840} INFO - DAG(s) 'flight_pipeline' retrieved from /opt/airflow/dags/flight_pipeline.py
[2026-05-28T06:14:40.659+0000] {logging_mixin.py:188} INFO - [2026-05-28T06:14:40.659+0000] {dag.py:3096} INFO - Sync 1 DAGs
[2026-05-28T06:14:40.679+0000] {logging_mixin.py:188} INFO - [2026-05-28T06:14:40.679+0000] {dag.py:3954} INFO - Setting next_dagrun for flight_pipeline to 2026-05-28 06:00:00+00:00, run_after=2026-05-28 07:00:00+00:00
[2026-05-28T06:14:40.697+0000] {processor.py:183} INFO - Processing /opt/airflow/dags/flight_pipeline.py took 0.091 seconds
[2026-05-28T06:15:11.822+0000] {processor.py:161} INFO - Started process (PID=5047) to work on /opt/airflow/dags/flight_pipeline.py
[2026-05-28T06:15:11.823+0000] {processor.py:830} INFO - Processing file /opt/airflow/dags/flight_pipeline.py for tasks to queue
[2026-05-28T06:15:11.825+0000] {logging_mixin.py:188} INFO - [2026-05-28T06:15:11.825+0000] {dagbag.py:540} INFO - Filling up the DagBag from /opt/airflow/dags/flight_pipeline.py
[2026-05-28T06:15:11.844+0000] {processor.py:840} INFO - DAG(s) 'flight_pipeline' retrieved from /opt/airflow/dags/flight_pipeline.py
[2026-05-28T06:15:11.872+0000] {logging_mixin.py:188} INFO - [2026-05-28T06:15:11.872+0000] {dag.py:3096} INFO - Sync 1 DAGs
[2026-05-28T06:15:11.893+0000] {logging_mixin.py:188} INFO - [2026-05-28T06:15:11.893+0000] {dag.py:3954} INFO - Setting next_dagrun for flight_pipeline to 2026-05-28 06:00:00+00:00, run_after=2026-05-28 07:00:00+00:00
[2026-05-28T06:15:11.910+0000] {processor.py:183} INFO - Processing /opt/airflow/dags/flight_pipeline.py took 0.095 seconds
[2026-05-28T06:15:43.214+0000] {processor.py:161} INFO - Started process (PID=5052) to work on /opt/airflow/dags/flight_pipeline.py
[2026-05-28T06:15:43.215+0000] {processor.py:830} INFO - Processing file /opt/airflow/dags/flight_pipeline.py for tasks to queue
[2026-05-28T06:15:43.216+0000] {logging_mixin.py:188} INFO - [2026-05-28T06:15:43.216+0000] {dagbag.py:540} INFO - Filling up the DagBag from /opt/airflow/dags/flight_pipeline.py
[2026-05-28T06:15:43.233+0000] {processor.py:840} INFO - DAG(s) 'flight_pipeline' retrieved from /opt/airflow/dags/flight_pipeline.py
[2026-05-28T06:15:43.257+0000] {logging_mixin.py:188} INFO - [2026-05-28T06:15:43.257+0000] {dag.py:3096} INFO - Sync 1 DAGs
[2026-05-28T06:15:43.276+0000] {logging_mixin.py:188} INFO - [2026-05-28T06:15:43.276+0000] {dag.py:3954} INFO - Setting next_dagrun for flight_pipeline to 2026-05-28 06:00:00+00:00, run_after=2026-05-28 07:00:00+00:00
[2026-05-28T06:15:43.293+0000] {processor.py:183} INFO - Processing /opt/airflow/dags/flight_pipeline.py took 0.084 seconds
[2026-05-28T06:16:14.526+0000] {processor.py:161} INFO - Started process (PID=5057) to work on /opt/airflow/dags/flight_pipeline.py
[2026-05-28T06:16:14.527+0000] {processor.py:830} INFO - Processing file /opt/airflow/dags/flight_pipeline.py for tasks to queue
[2026-05-28T06:16:14.528+0000] {logging_mixin.py:188} INFO - [2026-05-28T06:16:14.528+0000] {dagbag.py:540} INFO - Filling up the DagBag from /opt/airflow/dags/flight_pipeline.py
[2026-05-28T06:16:14.547+0000] {processor.py:840} INFO - DAG(s) 'flight_pipeline' retrieved from /opt/airflow/dags/flight_pipeline.py
[2026-05-28T06:16:14.579+0000] {logging_mixin.py:188} INFO - [2026-05-28T06:16:14.579+0000] {dag.py:3096} INFO - Sync 1 DAGs
[2026-05-28T06:16:14.600+0000] {logging_mixin.py:188} INFO - [2026-05-28T06:16:14.599+0000] {dag.py:3954} INFO - Setting next_dagrun for flight_pipeline to 2026-05-28 06:00:00+00:00, run_after=2026-05-28 07:00:00+00:00
[2026-05-28T06:16:14.762+0000] {processor.py:183} INFO - Processing /opt/airflow/dags/flight_pipeline.py took 0.242 seconds
[2026-05-28T06:16:45.048+0000] {processor.py:161} INFO - Started process (PID=5062) to work on /opt/airflow/dags/flight_pipeline.py
[2026-05-28T06:16:45.049+0000] {processor.py:830} INFO - Processing file /opt/airflow/dags/flight_pipeline.py for tasks to queue
[2026-05-28T06:16:45.051+0000] {logging_mixin.py:188} INFO - [2026-05-28T06:16:45.051+0000] {dagbag.py:540} INFO - Filling up the DagBag from /opt/airflow/dags/flight_pipeline.py
[2026-05-28T06:16:45.071+0000] {processor.py:840} INFO - DAG(s) 'flight_pipeline' retrieved from /opt/airflow/dags/flight_pipeline.py
[2026-05-28T06:16:45.100+0000] {logging_mixin.py:188} INFO - [2026-05-28T06:16:45.100+0000] {dag.py:3096} INFO - Sync 1 DAGs
[2026-05-28T06:16:45.265+0000] {logging_mixin.py:188} INFO - [2026-05-28T06:16:45.265+0000] {dag.py:3954} INFO - Setting next_dagrun for flight_pipeline to 2026-05-28 06:00:00+00:00, run_after=2026-05-28 07:00:00+00:00
[2026-05-28T06:16:45.279+0000] {processor.py:183} INFO - Processing /opt/airflow/dags/flight_pipeline.py took 0.239 seconds
[2026-05-28T06:17:16.322+0000] {processor.py:161} INFO - Started process (PID=5067) to work on /opt/airflow/dags/flight_pipeline.py
[2026-05-28T06:17:16.323+0000] {processor.py:830} INFO - Processing file /opt/airflow/dags/flight_pipeline.py for tasks to queue
[2026-05-28T06:17:16.325+0000] {logging_mixin.py:188} INFO - [2026-05-28T06:17:16.324+0000] {dagbag.py:540} INFO - Filling up the DagBag from /opt/airflow/dags/flight_pipeline.py
[2026-05-28T06:17:16.343+0000] {processor.py:840} INFO - DAG(s) 'flight_pipeline' retrieved from /opt/airflow/dags/flight_pipeline.py
[2026-05-28T06:17:16.369+0000] {logging_mixin.py:188} INFO - [2026-05-28T06:17:16.368+0000] {dag.py:3096} INFO - Sync 1 DAGs
[2026-05-28T06:17:16.387+0000] {logging_mixin.py:188} INFO - [2026-05-28T06:17:16.387+0000] {dag.py:3954} INFO - Setting next_dagrun for flight_pipeline to 2026-05-28 06:00:00+00:00, run_after=2026-05-28 07:00:00+00:00
[2026-05-28T06:17:16.402+0000] {processor.py:183} INFO - Processing /opt/airflow/dags/flight_pipeline.py took 0.087 seconds
[2026-05-28T06:17:47.659+0000] {processor.py:161} INFO - Started process (PID=5072) to work on /opt/airflow/dags/flight_pipeline.py
[2026-05-28T06:17:47.660+0000] {processor.py:830} INFO - Processing file /opt/airflow/dags/flight_pipeline.py for tasks to queue
[2026-05-28T06:17:47.662+0000] {logging_mixin.py:188} INFO - [2026-05-28T06:17:47.662+0000] {dagbag.py:540} INFO - Filling up the DagBag from /opt/airflow/dags/flight_pipeline.py
[2026-05-28T06:17:47.690+0000] {processor.py:840} INFO - DAG(s) 'flight_pipeline' retrieved from /opt/airflow/dags/flight_pipeline.py
[2026-05-28T06:17:47.725+0000] {logging_mixin.py:188} INFO - [2026-05-28T06:17:47.725+0000] {dag.py:3096} INFO - Sync 1 DAGs
[2026-05-28T06:17:47.753+0000] {logging_mixin.py:188} INFO - [2026-05-28T06:17:47.753+0000] {dag.py:3954} INFO - Setting next_dagrun for flight_pipeline to 2026-05-28 06:00:00+00:00, run_after=2026-05-28 07:00:00+00:00
[2026-05-28T06:17:47.775+0000] {processor.py:183} INFO - Processing /opt/airflow/dags/flight_pipeline.py took 0.123 seconds
[2026-05-28T06:18:18.372+0000] {processor.py:161} INFO - Started process (PID=5077) to work on /opt/airflow/dags/flight_pipeline.py
[2026-05-28T06:18:18.373+0000] {processor.py:830} INFO - Processing file /opt/airflow/dags/flight_pipeline.py for tasks to queue
[2026-05-28T06:18:18.375+0000] {logging_mixin.py:188} INFO - [2026-05-28T06:18:18.374+0000] {dagbag.py:540} INFO - Filling up the DagBag from /opt/airflow/dags/flight_pipeline.py
[2026-05-28T06:18:18.394+0000] {processor.py:840} INFO - DAG(s) 'flight_pipeline' retrieved from /opt/airflow/dags/flight_pipeline.py
[2026-05-28T06:18:18.421+0000] {logging_mixin.py:188} INFO - [2026-05-28T06:18:18.421+0000] {dag.py:3096} INFO - Sync 1 DAGs
[2026-05-28T06:18:18.442+0000] {logging_mixin.py:188} INFO - [2026-05-28T06:18:18.441+0000] {dag.py:3954} INFO - Setting next_dagrun for flight_pipeline to 2026-05-28 06:00:00+00:00, run_after=2026-05-28 07:00:00+00:00
[2026-05-28T06:18:18.458+0000] {processor.py:183} INFO - Processing /opt/airflow/dags/flight_pipeline.py took 0.094 seconds
[2026-05-28T06:18:48.634+0000] {processor.py:161} INFO - Started process (PID=5082) to work on /opt/airflow/dags/flight_pipeline.py
[2026-05-28T06:18:48.635+0000] {processor.py:830} INFO - Processing file /opt/airflow/dags/flight_pipeline.py for tasks to queue
[2026-05-28T06:18:48.637+0000] {logging_mixin.py:188} INFO - [2026-05-28T06:18:48.637+0000] {dagbag.py:540} INFO - Filling up the DagBag from /opt/airflow/dags/flight_pipeline.py
[2026-05-28T06:18:48.656+0000] {processor.py:840} INFO - DAG(s) 'flight_pipeline' retrieved from /opt/airflow/dags/flight_pipeline.py
[2026-05-28T06:18:48.684+0000] {logging_mixin.py:188} INFO - [2026-05-28T06:18:48.684+0000] {dag.py:3096} INFO - Sync 1 DAGs
[2026-05-28T06:18:48.706+0000] {logging_mixin.py:188} INFO - [2026-05-28T06:18:48.705+0000] {dag.py:3954} INFO - Setting next_dagrun for flight_pipeline to 2026-05-28 06:00:00+00:00, run_after=2026-05-28 07:00:00+00:00
[2026-05-28T06:18:48.723+0000] {processor.py:183} INFO - Processing /opt/airflow/dags/flight_pipeline.py took 0.096 seconds
[2026-05-28T06:19:20.655+0000] {processor.py:161} INFO - Started process (PID=5087) to work on /opt/airflow/dags/flight_pipeline.py
[2026-05-28T06:19:20.655+0000] {processor.py:830} INFO - Processing file /opt/airflow/dags/flight_pipeline.py for tasks to queue
[2026-05-28T06:19:20.657+0000] {logging_mixin.py:188} INFO - [2026-05-28T06:19:20.657+0000] {dagbag.py:540} INFO - Filling up the DagBag from /opt/airflow/dags/flight_pipeline.py
[2026-05-28T06:19:20.673+0000] {processor.py:840} INFO - DAG(s) 'flight_pipeline' retrieved from /opt/airflow/dags/flight_pipeline.py
[2026-05-28T06:19:20.697+0000] {logging_mixin.py:188} INFO - [2026-05-28T06:19:20.696+0000] {dag.py:3096} INFO - Sync 1 DAGs
[2026-05-28T06:19:20.715+0000] {logging_mixin.py:188} INFO - [2026-05-28T06:19:20.715+0000] {dag.py:3954} INFO - Setting next_dagrun for flight_pipeline to 2026-05-28 06:00:00+00:00, run_after=2026-05-28 07:00:00+00:00
[2026-05-28T06:19:20.848+0000] {processor.py:183} INFO - Processing /opt/airflow/dags/flight_pipeline.py took 0.199 seconds
[2026-05-28T06:19:51.893+0000] {processor.py:161} INFO - Started process (PID=5092) to work on /opt/airflow/dags/flight_pipeline.py
[2026-05-28T06:19:51.894+0000] {processor.py:830} INFO - Processing file /opt/airflow/dags/flight_pipeline.py for tasks to queue
[2026-05-28T06:19:51.896+0000] {logging_mixin.py:188} INFO - [2026-05-28T06:19:51.896+0000] {dagbag.py:540} INFO - Filling up the DagBag from /opt/airflow/dags/flight_pipeline.py
[2026-05-28T06:19:51.915+0000] {processor.py:840} INFO - DAG(s) 'flight_pipeline' retrieved from /opt/airflow/dags/flight_pipeline.py
[2026-05-28T06:19:51.944+0000] {logging_mixin.py:188} INFO - [2026-05-28T06:19:51.944+0000] {dag.py:3096} INFO - Sync 1 DAGs
[2026-05-28T06:19:52.109+0000] {logging_mixin.py:188} INFO - [2026-05-28T06:19:52.108+0000] {dag.py:3954} INFO - Setting next_dagrun for flight_pipeline to 2026-05-28 06:00:00+00:00, run_after=2026-05-28 07:00:00+00:00
[2026-05-28T06:19:52.123+0000] {processor.py:183} INFO - Processing /opt/airflow/dags/flight_pipeline.py took 0.237 seconds
[2026-05-28T06:20:23.351+0000] {processor.py:161} INFO - Started process (PID=5097) to work on /opt/airflow/dags/flight_pipeline.py
[2026-05-28T06:20:23.353+0000] {processor.py:830} INFO - Processing file /opt/airflow/dags/flight_pipeline.py for tasks to queue
[2026-05-28T06:20:23.356+0000] {logging_mixin.py:188} INFO - [2026-05-28T06:20:23.355+0000] {dagbag.py:540} INFO - Filling up the DagBag from /opt/airflow/dags/flight_pipeline.py
[2026-05-28T06:20:23.373+0000] {processor.py:840} INFO - DAG(s) 'flight_pipeline' retrieved from /opt/airflow/dags/flight_pipeline.py
[2026-05-28T06:20:23.398+0000] {logging_mixin.py:188} INFO - [2026-05-28T06:20:23.398+0000] {dag.py:3096} INFO - Sync 1 DAGs
[2026-05-28T06:20:23.417+0000] {logging_mixin.py:188} INFO - [2026-05-28T06:20:23.417+0000] {dag.py:3954} INFO - Setting next_dagrun for flight_pipeline to 2026-05-28 06:00:00+00:00, run_after=2026-05-28 07:00:00+00:00
[2026-05-28T06:20:23.433+0000] {processor.py:183} INFO - Processing /opt/airflow/dags/flight_pipeline.py took 0.090 seconds
[2026-05-28T06:20:54.735+0000] {processor.py:161} INFO - Started process (PID=5102) to work on /opt/airflow/dags/flight_pipeline.py
[2026-05-28T06:20:54.736+0000] {processor.py:830} INFO - Processing file /opt/airflow/dags/flight_pipeline.py for tasks to queue
[2026-05-28T06:20:54.737+0000] {logging_mixin.py:188} INFO - [2026-05-28T06:20:54.737+0000] {dagbag.py:540} INFO - Filling up the DagBag from /opt/airflow/dags/flight_pipeline.py
[2026-05-28T06:20:54.754+0000] {processor.py:840} INFO - DAG(s) 'flight_pipeline' retrieved from /opt/airflow/dags/flight_pipeline.py
[2026-05-28T06:20:54.777+0000] {logging_mixin.py:188} INFO - [2026-05-28T06:20:54.777+0000] {dag.py:3096} INFO - Sync 1 DAGs
[2026-05-28T06:20:54.795+0000] {logging_mixin.py:188} INFO - [2026-05-28T06:20:54.795+0000] {dag.py:3954} INFO - Setting next_dagrun for flight_pipeline to 2026-05-28 06:00:00+00:00, run_after=2026-05-28 07:00:00+00:00
[2026-05-28T06:20:54.811+0000] {processor.py:183} INFO - Processing /opt/airflow/dags/flight_pipeline.py took 0.081 seconds
[2026-05-28T06:21:26.062+0000] {processor.py:161} INFO - Started process (PID=5107) to work on /opt/airflow/dags/flight_pipeline.py
[2026-05-28T06:21:26.063+0000] {processor.py:830} INFO - Processing file /opt/airflow/dags/flight_pipeline.py for tasks to queue
[2026-05-28T06:21:26.065+0000] {logging_mixin.py:188} INFO - [2026-05-28T06:21:26.065+0000] {dagbag.py:540} INFO - Filling up the DagBag from /opt/airflow/dags/flight_pipeline.py
[2026-05-28T06:21:26.085+0000] {processor.py:840} INFO - DAG(s) 'flight_pipeline' retrieved from /opt/airflow/dags/flight_pipeline.py
[2026-05-28T06:21:26.113+0000] {logging_mixin.py:188} INFO - [2026-05-28T06:21:26.112+0000] {dag.py:3096} INFO - Sync 1 DAGs
[2026-05-28T06:21:26.133+0000] {logging_mixin.py:188} INFO - [2026-05-28T06:21:26.133+0000] {dag.py:3954} INFO - Setting next_dagrun for flight_pipeline to 2026-05-28 06:00:00+00:00, run_after=2026-05-28 07:00:00+00:00
[2026-05-28T06:21:26.150+0000] {processor.py:183} INFO - Processing /opt/airflow/dags/flight_pipeline.py took 0.095 seconds
[2026-05-28T06:21:56.322+0000] {processor.py:161} INFO - Started process (PID=5112) to work on /opt/airflow/dags/flight_pipeline.py
[2026-05-28T06:21:56.323+0000] {processor.py:830} INFO - Processing file /opt/airflow/dags/flight_pipeline.py for tasks to queue
[2026-05-28T06:21:56.326+0000] {logging_mixin.py:188} INFO - [2026-05-28T06:21:56.325+0000] {dagbag.py:540} INFO - Filling up the DagBag from /opt/airflow/dags/flight_pipeline.py
[2026-05-28T06:21:56.353+0000] {processor.py:840} INFO - DAG(s) 'flight_pipeline' retrieved from /opt/airflow/dags/flight_pipeline.py
[2026-05-28T06:21:56.396+0000] {logging_mixin.py:188} INFO - [2026-05-28T06:21:56.395+0000] {dag.py:3096} INFO - Sync 1 DAGs
[2026-05-28T06:21:56.428+0000] {logging_mixin.py:188} INFO - [2026-05-28T06:21:56.428+0000] {dag.py:3954} INFO - Setting next_dagrun for flight_pipeline to 2026-05-28 06:00:00+00:00, run_after=2026-05-28 07:00:00+00:00
[2026-05-28T06:21:56.456+0000] {processor.py:183} INFO - Processing /opt/airflow/dags/flight_pipeline.py took 0.143 seconds
[2026-05-28T06:22:27.699+0000] {processor.py:161} INFO - Started process (PID=5117) to work on /opt/airflow/dags/flight_pipeline.py
[2026-05-28T06:22:27.700+0000] {processor.py:830} INFO - Processing file /opt/airflow/dags/flight_pipeline.py for tasks to queue
[2026-05-28T06:22:27.701+0000] {logging_mixin.py:188} INFO - [2026-05-28T06:22:27.701+0000] {dagbag.py:540} INFO - Filling up the DagBag from /opt/airflow/dags/flight_pipeline.py
[2026-05-28T06:22:27.718+0000] {processor.py:840} INFO - DAG(s) 'flight_pipeline' retrieved from /opt/airflow/dags/flight_pipeline.py
[2026-05-28T06:22:27.742+0000] {logging_mixin.py:188} INFO - [2026-05-28T06:22:27.742+0000] {dag.py:3096} INFO - Sync 1 DAGs
[2026-05-28T06:22:27.761+0000] {logging_mixin.py:188} INFO - [2026-05-28T06:22:27.761+0000] {dag.py:3954} INFO - Setting next_dagrun for flight_pipeline to 2026-05-28 06:00:00+00:00, run_after=2026-05-28 07:00:00+00:00
[2026-05-28T06:22:27.897+0000] {processor.py:183} INFO - Processing /opt/airflow/dags/flight_pipeline.py took 0.203 seconds
[2026-05-28T06:22:59.043+0000] {processor.py:161} INFO - Started process (PID=5122) to work on /opt/airflow/dags/flight_pipeline.py
[2026-05-28T06:22:59.044+0000] {processor.py:830} INFO - Processing file /opt/airflow/dags/flight_pipeline.py for tasks to queue
[2026-05-28T06:22:59.046+0000] {logging_mixin.py:188} INFO - [2026-05-28T06:22:59.045+0000] {dagbag.py:540} INFO - Filling up the DagBag from /opt/airflow/dags/flight_pipeline.py
[2026-05-28T06:22:59.064+0000] {processor.py:840} INFO - DAG(s) 'flight_pipeline' retrieved from /opt/airflow/dags/flight_pipeline.py
[2026-05-28T06:22:59.093+0000] {logging_mixin.py:188} INFO - [2026-05-28T06:22:59.093+0000] {dag.py:3096} INFO - Sync 1 DAGs
[2026-05-28T06:22:59.263+0000] {logging_mixin.py:188} INFO - [2026-05-28T06:22:59.263+0000] {dag.py:3954} INFO - Setting next_dagrun for flight_pipeline to 2026-05-28 06:00:00+00:00, run_after=2026-05-28 07:00:00+00:00
[2026-05-28T06:22:59.277+0000] {processor.py:183} INFO - Processing /opt/airflow/dags/flight_pipeline.py took 0.242 seconds
[2026-05-28T06:23:30.456+0000] {processor.py:161} INFO - Started process (PID=5127) to work on /opt/airflow/dags/flight_pipeline.py
[2026-05-28T06:23:30.456+0000] {processor.py:830} INFO - Processing file /opt/airflow/dags/flight_pipeline.py for tasks to queue
[2026-05-28T06:23:30.458+0000] {logging_mixin.py:188} INFO - [2026-05-28T06:23:30.458+0000] {dagbag.py:540} INFO - Filling up the DagBag from /opt/airflow/dags/flight_pipeline.py
[2026-05-28T06:23:30.475+0000] {processor.py:840} INFO - DAG(s) 'flight_pipeline' retrieved from /opt/airflow/dags/flight_pipeline.py
[2026-05-28T06:23:30.499+0000] {logging_mixin.py:188} INFO - [2026-05-28T06:23:30.499+0000] {dag.py:3096} INFO - Sync 1 DAGs
[2026-05-28T06:23:30.517+0000] {logging_mixin.py:188} INFO - [2026-05-28T06:23:30.517+0000] {dag.py:3954} INFO - Setting next_dagrun for flight_pipeline to 2026-05-28 06:00:00+00:00, run_after=2026-05-28 07:00:00+00:00
[2026-05-28T06:23:30.533+0000] {processor.py:183} INFO - Processing /opt/airflow/dags/flight_pipeline.py took 0.084 seconds
[2026-05-28T06:24:00.862+0000] {processor.py:161} INFO - Started process (PID=5132) to work on /opt/airflow/dags/flight_pipeline.py
[2026-05-28T06:24:00.863+0000] {processor.py:830} INFO - Processing file /opt/airflow/dags/flight_pipeline.py for tasks to queue
[2026-05-28T06:24:00.865+0000] {logging_mixin.py:188} INFO - [2026-05-28T06:24:00.865+0000] {dagbag.py:540} INFO - Filling up the DagBag from /opt/airflow/dags/flight_pipeline.py
[2026-05-28T06:24:00.881+0000] {processor.py:840} INFO - DAG(s) 'flight_pipeline' retrieved from /opt/airflow/dags/flight_pipeline.py
[2026-05-28T06:24:00.905+0000] {logging_mixin.py:188} INFO - [2026-05-28T06:24:00.905+0000] {dag.py:3096} INFO - Sync 1 DAGs
[2026-05-28T06:24:00.922+0000] {logging_mixin.py:188} INFO - [2026-05-28T06:24:00.922+0000] {dag.py:3954} INFO - Setting next_dagrun for flight_pipeline to 2026-05-28 06:00:00+00:00, run_after=2026-05-28 07:00:00+00:00
[2026-05-28T06:24:00.939+0000] {processor.py:183} INFO - Processing /opt/airflow/dags/flight_pipeline.py took 0.082 seconds
[2026-05-28T06:24:32.149+0000] {processor.py:161} INFO - Started process (PID=5137) to work on /opt/airflow/dags/flight_pipeline.py
[2026-05-28T06:24:32.150+0000] {processor.py:830} INFO - Processing file /opt/airflow/dags/flight_pipeline.py for tasks to queue
[2026-05-28T06:24:32.152+0000] {logging_mixin.py:188} INFO - [2026-05-28T06:24:32.152+0000] {dagbag.py:540} INFO - Filling up the DagBag from /opt/airflow/dags/flight_pipeline.py
[2026-05-28T06:24:32.172+0000] {processor.py:840} INFO - DAG(s) 'flight_pipeline' retrieved from /opt/airflow/dags/flight_pipeline.py
[2026-05-28T06:24:32.204+0000] {logging_mixin.py:188} INFO - [2026-05-28T06:24:32.204+0000] {dag.py:3096} INFO - Sync 1 DAGs
[2026-05-28T06:24:32.227+0000] {logging_mixin.py:188} INFO - [2026-05-28T06:24:32.227+0000] {dag.py:3954} INFO - Setting next_dagrun for flight_pipeline to 2026-05-28 06:00:00+00:00, run_after=2026-05-28 07:00:00+00:00
[2026-05-28T06:24:32.246+0000] {processor.py:183} INFO - Processing /opt/airflow/dags/flight_pipeline.py took 0.106 seconds
[2026-05-28T06:25:03.478+0000] {processor.py:161} INFO - Started process (PID=5142) to work on /opt/airflow/dags/flight_pipeline.py
[2026-05-28T06:25:03.479+0000] {processor.py:830} INFO - Processing file /opt/airflow/dags/flight_pipeline.py for tasks to queue
[2026-05-28T06:25:03.481+0000] {logging_mixin.py:188} INFO - [2026-05-28T06:25:03.481+0000] {dagbag.py:540} INFO - Filling up the DagBag from /opt/airflow/dags/flight_pipeline.py
[2026-05-28T06:25:03.500+0000] {processor.py:840} INFO - DAG(s) 'flight_pipeline' retrieved from /opt/airflow/dags/flight_pipeline.py
[2026-05-28T06:25:03.537+0000] {logging_mixin.py:188} INFO - [2026-05-28T06:25:03.537+0000] {dag.py:3096} INFO - Sync 1 DAGs
[2026-05-28T06:25:03.558+0000] {logging_mixin.py:188} INFO - [2026-05-28T06:25:03.558+0000] {dag.py:3954} INFO - Setting next_dagrun for flight_pipeline to 2026-05-28 06:00:00+00:00, run_after=2026-05-28 07:00:00+00:00
[2026-05-28T06:25:03.575+0000] {processor.py:183} INFO - Processing /opt/airflow/dags/flight_pipeline.py took 0.105 seconds
[2026-05-28T06:25:34.828+0000] {processor.py:161} INFO - Started process (PID=5147) to work on /opt/airflow/dags/flight_pipeline.py
[2026-05-28T06:25:34.829+0000] {processor.py:830} INFO - Processing file /opt/airflow/dags/flight_pipeline.py for tasks to queue
[2026-05-28T06:25:34.830+0000] {logging_mixin.py:188} INFO - [2026-05-28T06:25:34.830+0000] {dagbag.py:540} INFO - Filling up the DagBag from /opt/airflow/dags/flight_pipeline.py
[2026-05-28T06:25:34.846+0000] {processor.py:840} INFO - DAG(s) 'flight_pipeline' retrieved from /opt/airflow/dags/flight_pipeline.py
[2026-05-28T06:25:34.872+0000] {logging_mixin.py:188} INFO - [2026-05-28T06:25:34.871+0000] {dag.py:3096} INFO - Sync 1 DAGs
[2026-05-28T06:25:34.891+0000] {logging_mixin.py:188} INFO - [2026-05-28T06:25:34.891+0000] {dag.py:3954} INFO - Setting next_dagrun for flight_pipeline to 2026-05-28 06:00:00+00:00, run_after=2026-05-28 07:00:00+00:00
[2026-05-28T06:25:35.025+0000] {processor.py:183} INFO - Processing /opt/airflow/dags/flight_pipeline.py took 0.203 seconds
[2026-05-28T06:26:06.205+0000] {processor.py:161} INFO - Started process (PID=5152) to work on /opt/airflow/dags/flight_pipeline.py
[2026-05-28T06:26:06.206+0000] {processor.py:830} INFO - Processing file /opt/airflow/dags/flight_pipeline.py for tasks to queue
[2026-05-28T06:26:06.208+0000] {logging_mixin.py:188} INFO - [2026-05-28T06:26:06.208+0000] {dagbag.py:540} INFO - Filling up the DagBag from /opt/airflow/dags/flight_pipeline.py
[2026-05-28T06:26:06.224+0000] {processor.py:840} INFO - DAG(s) 'flight_pipeline' retrieved from /opt/airflow/dags/flight_pipeline.py
[2026-05-28T06:26:06.254+0000] {logging_mixin.py:188} INFO - [2026-05-28T06:26:06.254+0000] {dag.py:3096} INFO - Sync 1 DAGs
[2026-05-28T06:26:06.421+0000] {logging_mixin.py:188} INFO - [2026-05-28T06:26:06.421+0000] {dag.py:3954} INFO - Setting next_dagrun for flight_pipeline to 2026-05-28 06:00:00+00:00, run_after=2026-05-28 07:00:00+00:00
[2026-05-28T06:26:06.436+0000] {processor.py:183} INFO - Processing /opt/airflow/dags/flight_pipeline.py took 0.236 seconds
[2026-05-28T06:26:36.738+0000] {processor.py:161} INFO - Started process (PID=5157) to work on /opt/airflow/dags/flight_pipeline.py
[2026-05-28T06:26:36.740+0000] {processor.py:830} INFO - Processing file /opt/airflow/dags/flight_pipeline.py for tasks to queue
[2026-05-28T06:26:36.742+0000] {logging_mixin.py:188} INFO - [2026-05-28T06:26:36.742+0000] {dagbag.py:540} INFO - Filling up the DagBag from /opt/airflow/dags/flight_pipeline.py
[2026-05-28T06:26:36.771+0000] {processor.py:840} INFO - DAG(s) 'flight_pipeline' retrieved from /opt/airflow/dags/flight_pipeline.py
[2026-05-28T06:26:36.809+0000] {logging_mixin.py:188} INFO - [2026-05-28T06:26:36.808+0000] {dag.py:3096} INFO - Sync 1 DAGs
[2026-05-28T06:26:36.838+0000] {logging_mixin.py:188} INFO - [2026-05-28T06:26:36.838+0000] {dag.py:3954} INFO - Setting next_dagrun for flight_pipeline to 2026-05-28 06:00:00+00:00, run_after=2026-05-28 07:00:00+00:00
[2026-05-28T06:26:36.861+0000] {processor.py:183} INFO - Processing /opt/airflow/dags/flight_pipeline.py took 0.133 seconds
[2026-05-28T06:27:08.058+0000] {processor.py:161} INFO - Started process (PID=5162) to work on /opt/airflow/dags/flight_pipeline.py
[2026-05-28T06:27:08.058+0000] {processor.py:830} INFO - Processing file /opt/airflow/dags/flight_pipeline.py for tasks to queue
[2026-05-28T06:27:08.060+0000] {logging_mixin.py:188} INFO - [2026-05-28T06:27:08.060+0000] {dagbag.py:540} INFO - Filling up the DagBag from /opt/airflow/dags/flight_pipeline.py
[2026-05-28T06:27:08.076+0000] {processor.py:840} INFO - DAG(s) 'flight_pipeline' retrieved from /opt/airflow/dags/flight_pipeline.py
[2026-05-28T06:27:08.100+0000] {logging_mixin.py:188} INFO - [2026-05-28T06:27:08.100+0000] {dag.py:3096} INFO - Sync 1 DAGs
[2026-05-28T06:27:08.117+0000] {logging_mixin.py:188} INFO - [2026-05-28T06:27:08.117+0000] {dag.py:3954} INFO - Setting next_dagrun for flight_pipeline to 2026-05-28 06:00:00+00:00, run_after=2026-05-28 07:00:00+00:00
[2026-05-28T06:27:08.133+0000] {processor.py:183} INFO - Processing /opt/airflow/dags/flight_pipeline.py took 0.081 seconds
[2026-05-28T06:27:39.324+0000] {processor.py:161} INFO - Started process (PID=5167) to work on /opt/airflow/dags/flight_pipeline.py
[2026-05-28T06:27:39.326+0000] {processor.py:830} INFO - Processing file /opt/airflow/dags/flight_pipeline.py for tasks to queue
[2026-05-28T06:27:39.328+0000] {logging_mixin.py:188} INFO - [2026-05-28T06:27:39.327+0000] {dagbag.py:540} INFO - Filling up the DagBag from /opt/airflow/dags/flight_pipeline.py
[2026-05-28T06:27:39.345+0000] {processor.py:840} INFO - DAG(s) 'flight_pipeline' retrieved from /opt/airflow/dags/flight_pipeline.py
[2026-05-28T06:27:39.373+0000] {logging_mixin.py:188} INFO - [2026-05-28T06:27:39.373+0000] {dag.py:3096} INFO - Sync 1 DAGs
[2026-05-28T06:27:39.393+0000] {logging_mixin.py:188} INFO - [2026-05-28T06:27:39.393+0000] {dag.py:3954} INFO - Setting next_dagrun for flight_pipeline to 2026-05-28 06:00:00+00:00, run_after=2026-05-28 07:00:00+00:00
[2026-05-28T06:27:39.410+0000] {processor.py:183} INFO - Processing /opt/airflow/dags/flight_pipeline.py took 0.093 seconds
[2026-05-28T06:28:10.668+0000] {processor.py:161} INFO - Started process (PID=5172) to work on /opt/airflow/dags/flight_pipeline.py
[2026-05-28T06:28:10.669+0000] {processor.py:830} INFO - Processing file /opt/airflow/dags/flight_pipeline.py for tasks to queue
[2026-05-28T06:28:10.672+0000] {logging_mixin.py:188} INFO - [2026-05-28T06:28:10.671+0000] {dagbag.py:540} INFO - Filling up the DagBag from /opt/airflow/dags/flight_pipeline.py
[2026-05-28T06:28:10.689+0000] {processor.py:840} INFO - DAG(s) 'flight_pipeline' retrieved from /opt/airflow/dags/flight_pipeline.py
[2026-05-28T06:28:10.716+0000] {logging_mixin.py:188} INFO - [2026-05-28T06:28:10.716+0000] {dag.py:3096} INFO - Sync 1 DAGs
[2026-05-28T06:28:10.737+0000] {logging_mixin.py:188} INFO - [2026-05-28T06:28:10.737+0000] {dag.py:3954} INFO - Setting next_dagrun for flight_pipeline to 2026-05-28 06:00:00+00:00, run_after=2026-05-28 07:00:00+00:00
[2026-05-28T06:28:10.755+0000] {processor.py:183} INFO - Processing /opt/airflow/dags/flight_pipeline.py took 0.094 seconds
[2026-05-28T06:28:42.009+0000] {processor.py:161} INFO - Started process (PID=5177) to work on /opt/airflow/dags/flight_pipeline.py
[2026-05-28T06:28:42.010+0000] {processor.py:830} INFO - Processing file /opt/airflow/dags/flight_pipeline.py for tasks to queue
[2026-05-28T06:28:42.012+0000] {logging_mixin.py:188} INFO - [2026-05-28T06:28:42.012+0000] {dagbag.py:540} INFO - Filling up the DagBag from /opt/airflow/dags/flight_pipeline.py
[2026-05-28T06:28:42.028+0000] {processor.py:840} INFO - DAG(s) 'flight_pipeline' retrieved from /opt/airflow/dags/flight_pipeline.py
[2026-05-28T06:28:42.052+0000] {logging_mixin.py:188} INFO - [2026-05-28T06:28:42.051+0000] {dag.py:3096} INFO - Sync 1 DAGs
[2026-05-28T06:28:42.072+0000] {logging_mixin.py:188} INFO - [2026-05-28T06:28:42.071+0000] {dag.py:3954} INFO - Setting next_dagrun for flight_pipeline to 2026-05-28 06:00:00+00:00, run_after=2026-05-28 07:00:00+00:00
[2026-05-28T06:28:42.202+0000] {processor.py:183} INFO - Processing /opt/airflow/dags/flight_pipeline.py took 0.199 seconds
[2026-05-28T06:29:13.349+0000] {processor.py:161} INFO - Started process (PID=5182) to work on /opt/airflow/dags/flight_pipeline.py
[2026-05-28T06:29:13.350+0000] {processor.py:830} INFO - Processing file /opt/airflow/dags/flight_pipeline.py for tasks to queue
[2026-05-28T06:29:13.352+0000] {logging_mixin.py:188} INFO - [2026-05-28T06:29:13.352+0000] {dagbag.py:540} INFO - Filling up the DagBag from /opt/airflow/dags/flight_pipeline.py
[2026-05-28T06:29:13.370+0000] {processor.py:840} INFO - DAG(s) 'flight_pipeline' retrieved from /opt/airflow/dags/flight_pipeline.py
[2026-05-28T06:29:13.399+0000] {logging_mixin.py:188} INFO - [2026-05-28T06:29:13.399+0000] {dag.py:3096} INFO - Sync 1 DAGs
[2026-05-28T06:29:13.573+0000] {logging_mixin.py:188} INFO - [2026-05-28T06:29:13.573+0000] {dag.py:3954} INFO - Setting next_dagrun for flight_pipeline to 2026-05-28 06:00:00+00:00, run_after=2026-05-28 07:00:00+00:00
[2026-05-28T06:29:13.588+0000] {processor.py:183} INFO - Processing /opt/airflow/dags/flight_pipeline.py took 0.248 seconds
[2026-05-28T06:29:43.777+0000] {processor.py:161} INFO - Started process (PID=5187) to work on /opt/airflow/dags/flight_pipeline.py
[2026-05-28T06:29:43.778+0000] {processor.py:830} INFO - Processing file /opt/airflow/dags/flight_pipeline.py for tasks to queue
[2026-05-28T06:29:43.780+0000] {logging_mixin.py:188} INFO - [2026-05-28T06:29:43.779+0000] {dagbag.py:540} INFO - Filling up the DagBag from /opt/airflow/dags/flight_pipeline.py
[2026-05-28T06:29:43.797+0000] {processor.py:840} INFO - DAG(s) 'flight_pipeline' retrieved from /opt/airflow/dags/flight_pipeline.py
[2026-05-28T06:29:43.826+0000] {logging_mixin.py:188} INFO - [2026-05-28T06:29:43.826+0000] {dag.py:3096} INFO - Sync 1 DAGs
[2026-05-28T06:29:43.847+0000] {logging_mixin.py:188} INFO - [2026-05-28T06:29:43.847+0000] {dag.py:3954} INFO - Setting next_dagrun for flight_pipeline to 2026-05-28 06:00:00+00:00, run_after=2026-05-28 07:00:00+00:00
[2026-05-28T06:29:43.863+0000] {processor.py:183} INFO - Processing /opt/airflow/dags/flight_pipeline.py took 0.094 seconds
[2026-05-28T06:30:15.246+0000] {processor.py:161} INFO - Started process (PID=5192) to work on /opt/airflow/dags/flight_pipeline.py
[2026-05-28T06:30:15.247+0000] {processor.py:830} INFO - Processing file /opt/airflow/dags/flight_pipeline.py for tasks to queue
[2026-05-28T06:30:15.249+0000] {logging_mixin.py:188} INFO - [2026-05-28T06:30:15.248+0000] {dagbag.py:540} INFO - Filling up the DagBag from /opt/airflow/dags/flight_pipeline.py
[2026-05-28T06:30:15.264+0000] {processor.py:840} INFO - DAG(s) 'flight_pipeline' retrieved from /opt/airflow/dags/flight_pipeline.py
[2026-05-28T06:30:15.287+0000] {logging_mixin.py:188} INFO - [2026-05-28T06:30:15.287+0000] {dag.py:3096} INFO - Sync 1 DAGs
[2026-05-28T06:30:15.307+0000] {logging_mixin.py:188} INFO - [2026-05-28T06:30:15.307+0000] {dag.py:3954} INFO - Setting next_dagrun for flight_pipeline to 2026-05-28 06:00:00+00:00, run_after=2026-05-28 07:00:00+00:00
[2026-05-28T06:30:15.325+0000] {processor.py:183} INFO - Processing /opt/airflow/dags/flight_pipeline.py took 0.085 seconds
[2026-05-28T06:30:46.556+0000] {processor.py:161} INFO - Started process (PID=5197) to work on /opt/airflow/dags/flight_pipeline.py
[2026-05-28T06:30:46.557+0000] {processor.py:830} INFO - Processing file /opt/airflow/dags/flight_pipeline.py for tasks to queue
[2026-05-28T06:30:46.560+0000] {logging_mixin.py:188} INFO - [2026-05-28T06:30:46.560+0000] {dagbag.py:540} INFO - Filling up the DagBag from /opt/airflow/dags/flight_pipeline.py
[2026-05-28T06:30:46.580+0000] {processor.py:840} INFO - DAG(s) 'flight_pipeline' retrieved from /opt/airflow/dags/flight_pipeline.py
[2026-05-28T06:30:46.611+0000] {logging_mixin.py:188} INFO - [2026-05-28T06:30:46.611+0000] {dag.py:3096} INFO - Sync 1 DAGs
[2026-05-28T06:30:46.631+0000] {logging_mixin.py:188} INFO - [2026-05-28T06:30:46.631+0000] {dag.py:3954} INFO - Setting next_dagrun for flight_pipeline to 2026-05-28 06:00:00+00:00, run_after=2026-05-28 07:00:00+00:00
[2026-05-28T06:30:46.647+0000] {processor.py:183} INFO - Processing /opt/airflow/dags/flight_pipeline.py took 0.099 seconds
[2026-05-28T06:31:17.929+0000] {processor.py:161} INFO - Started process (PID=5202) to work on /opt/airflow/dags/flight_pipeline.py
[2026-05-28T06:31:17.930+0000] {processor.py:830} INFO - Processing file /opt/airflow/dags/flight_pipeline.py for tasks to queue
[2026-05-28T06:31:17.932+0000] {logging_mixin.py:188} INFO - [2026-05-28T06:31:17.932+0000] {dagbag.py:540} INFO - Filling up the DagBag from /opt/airflow/dags/flight_pipeline.py
[2026-05-28T06:31:17.950+0000] {processor.py:840} INFO - DAG(s) 'flight_pipeline' retrieved from /opt/airflow/dags/flight_pipeline.py
[2026-05-28T06:31:17.977+0000] {logging_mixin.py:188} INFO - [2026-05-28T06:31:17.977+0000] {dag.py:3096} INFO - Sync 1 DAGs
[2026-05-28T06:31:17.998+0000] {logging_mixin.py:188} INFO - [2026-05-28T06:31:17.998+0000] {dag.py:3954} INFO - Setting next_dagrun for flight_pipeline to 2026-05-28 06:00:00+00:00, run_after=2026-05-28 07:00:00+00:00
[2026-05-28T06:31:18.016+0000] {processor.py:183} INFO - Processing /opt/airflow/dags/flight_pipeline.py took 0.094 seconds
[2026-05-28T06:31:48.369+0000] {processor.py:161} INFO - Started process (PID=5207) to work on /opt/airflow/dags/flight_pipeline.py
[2026-05-28T06:31:48.370+0000] {processor.py:830} INFO - Processing file /opt/airflow/dags/flight_pipeline.py for tasks to queue
[2026-05-28T06:31:48.372+0000] {logging_mixin.py:188} INFO - [2026-05-28T06:31:48.371+0000] {dagbag.py:540} INFO - Filling up the DagBag from /opt/airflow/dags/flight_pipeline.py
[2026-05-28T06:31:48.389+0000] {processor.py:840} INFO - DAG(s) 'flight_pipeline' retrieved from /opt/airflow/dags/flight_pipeline.py
[2026-05-28T06:31:48.413+0000] {logging_mixin.py:188} INFO - [2026-05-28T06:31:48.413+0000] {dag.py:3096} INFO - Sync 1 DAGs
[2026-05-28T06:31:48.432+0000] {logging_mixin.py:188} INFO - [2026-05-28T06:31:48.432+0000] {dag.py:3954} INFO - Setting next_dagrun for flight_pipeline to 2026-05-28 06:00:00+00:00, run_after=2026-05-28 07:00:00+00:00
[2026-05-28T06:31:48.563+0000] {processor.py:183} INFO - Processing /opt/airflow/dags/flight_pipeline.py took 0.200 seconds
[2026-05-28T06:32:19.680+0000] {processor.py:161} INFO - Started process (PID=5212) to work on /opt/airflow/dags/flight_pipeline.py
[2026-05-28T06:32:19.681+0000] {processor.py:830} INFO - Processing file /opt/airflow/dags/flight_pipeline.py for tasks to queue
[2026-05-28T06:32:19.683+0000] {logging_mixin.py:188} INFO - [2026-05-28T06:32:19.683+0000] {dagbag.py:540} INFO - Filling up the DagBag from /opt/airflow/dags/flight_pipeline.py
[2026-05-28T06:32:19.702+0000] {processor.py:840} INFO - DAG(s) 'flight_pipeline' retrieved from /opt/airflow/dags/flight_pipeline.py
[2026-05-28T06:32:19.731+0000] {logging_mixin.py:188} INFO - [2026-05-28T06:32:19.731+0000] {dag.py:3096} INFO - Sync 1 DAGs
[2026-05-28T06:32:19.902+0000] {logging_mixin.py:188} INFO - [2026-05-28T06:32:19.902+0000] {dag.py:3954} INFO - Setting next_dagrun for flight_pipeline to 2026-05-28 06:00:00+00:00, run_after=2026-05-28 07:00:00+00:00
[2026-05-28T06:32:19.917+0000] {processor.py:183} INFO - Processing /opt/airflow/dags/flight_pipeline.py took 0.245 seconds
[2026-05-28T06:32:51.204+0000] {processor.py:161} INFO - Started process (PID=5217) to work on /opt/airflow/dags/flight_pipeline.py
[2026-05-28T06:32:51.205+0000] {processor.py:830} INFO - Processing file /opt/airflow/dags/flight_pipeline.py for tasks to queue
[2026-05-28T06:32:51.207+0000] {logging_mixin.py:188} INFO - [2026-05-28T06:32:51.207+0000] {dagbag.py:540} INFO - Filling up the DagBag from /opt/airflow/dags/flight_pipeline.py
[2026-05-28T06:32:51.225+0000] {processor.py:840} INFO - DAG(s) 'flight_pipeline' retrieved from /opt/airflow/dags/flight_pipeline.py
[2026-05-28T06:32:51.252+0000] {logging_mixin.py:188} INFO - [2026-05-28T06:32:51.251+0000] {dag.py:3096} INFO - Sync 1 DAGs
[2026-05-28T06:32:51.414+0000] {logging_mixin.py:188} INFO - [2026-05-28T06:32:51.413+0000] {dag.py:3954} INFO - Setting next_dagrun for flight_pipeline to 2026-05-28 06:00:00+00:00, run_after=2026-05-28 07:00:00+00:00
[2026-05-28T06:32:51.428+0000] {processor.py:183} INFO - Processing /opt/airflow/dags/flight_pipeline.py took 0.232 seconds
[2026-05-28T06:33:22.636+0000] {processor.py:161} INFO - Started process (PID=5222) to work on /opt/airflow/dags/flight_pipeline.py
[2026-05-28T06:33:22.637+0000] {processor.py:830} INFO - Processing file /opt/airflow/dags/flight_pipeline.py for tasks to queue
[2026-05-28T06:33:22.639+0000] {logging_mixin.py:188} INFO - [2026-05-28T06:33:22.638+0000] {dagbag.py:540} INFO - Filling up the DagBag from /opt/airflow/dags/flight_pipeline.py
[2026-05-28T06:33:22.655+0000] {processor.py:840} INFO - DAG(s) 'flight_pipeline' retrieved from /opt/airflow/dags/flight_pipeline.py
[2026-05-28T06:33:22.678+0000] {logging_mixin.py:188} INFO - [2026-05-28T06:33:22.678+0000] {dag.py:3096} INFO - Sync 1 DAGs
[2026-05-28T06:33:22.697+0000] {logging_mixin.py:188} INFO - [2026-05-28T06:33:22.696+0000] {dag.py:3954} INFO - Setting next_dagrun for flight_pipeline to 2026-05-28 06:00:00+00:00, run_after=2026-05-28 07:00:00+00:00
[2026-05-28T06:33:22.712+0000] {processor.py:183} INFO - Processing /opt/airflow/dags/flight_pipeline.py took 0.082 seconds
[2026-05-28T06:33:53.931+0000] {processor.py:161} INFO - Started process (PID=5227) to work on /opt/airflow/dags/flight_pipeline.py
[2026-05-28T06:33:53.933+0000] {processor.py:830} INFO - Processing file /opt/airflow/dags/flight_pipeline.py for tasks to queue
[2026-05-28T06:33:53.936+0000] {logging_mixin.py:188} INFO - [2026-05-28T06:33:53.935+0000] {dagbag.py:540} INFO - Filling up the DagBag from /opt/airflow/dags/flight_pipeline.py
[2026-05-28T06:33:53.955+0000] {processor.py:840} INFO - DAG(s) 'flight_pipeline' retrieved from /opt/airflow/dags/flight_pipeline.py
[2026-05-28T06:33:53.987+0000] {logging_mixin.py:188} INFO - [2026-05-28T06:33:53.986+0000] {dag.py:3096} INFO - Sync 1 DAGs
[2026-05-28T06:33:54.011+0000] {logging_mixin.py:188} INFO - [2026-05-28T06:33:54.010+0000] {dag.py:3954} INFO - Setting next_dagrun for flight_pipeline to 2026-05-28 06:00:00+00:00, run_after=2026-05-28 07:00:00+00:00
[2026-05-28T06:33:54.030+0000] {processor.py:183} INFO - Processing /opt/airflow/dags/flight_pipeline.py took 0.106 seconds
[2026-05-28T06:34:25.279+0000] {processor.py:161} INFO - Started process (PID=5232) to work on /opt/airflow/dags/flight_pipeline.py
[2026-05-28T06:34:25.279+0000] {processor.py:830} INFO - Processing file /opt/airflow/dags/flight_pipeline.py for tasks to queue
[2026-05-28T06:34:25.282+0000] {logging_mixin.py:188} INFO - [2026-05-28T06:34:25.282+0000] {dagbag.py:540} INFO - Filling up the DagBag from /opt/airflow/dags/flight_pipeline.py
[2026-05-28T06:34:25.300+0000] {processor.py:840} INFO - DAG(s) 'flight_pipeline' retrieved from /opt/airflow/dags/flight_pipeline.py
[2026-05-28T06:34:25.328+0000] {logging_mixin.py:188} INFO - [2026-05-28T06:34:25.328+0000] {dag.py:3096} INFO - Sync 1 DAGs
[2026-05-28T06:34:25.349+0000] {logging_mixin.py:188} INFO - [2026-05-28T06:34:25.349+0000] {dag.py:3954} INFO - Setting next_dagrun for flight_pipeline to 2026-05-28 06:00:00+00:00, run_after=2026-05-28 07:00:00+00:00
[2026-05-28T06:34:25.367+0000] {processor.py:183} INFO - Processing /opt/airflow/dags/flight_pipeline.py took 0.095 seconds
[2026-05-28T06:34:55.690+0000] {processor.py:161} INFO - Started process (PID=5237) to work on /opt/airflow/dags/flight_pipeline.py
[2026-05-28T06:34:55.691+0000] {processor.py:830} INFO - Processing file /opt/airflow/dags/flight_pipeline.py for tasks to queue
[2026-05-28T06:34:55.694+0000] {logging_mixin.py:188} INFO - [2026-05-28T06:34:55.694+0000] {dagbag.py:540} INFO - Filling up the DagBag from /opt/airflow/dags/flight_pipeline.py
[2026-05-28T06:34:55.714+0000] {processor.py:840} INFO - DAG(s) 'flight_pipeline' retrieved from /opt/airflow/dags/flight_pipeline.py
[2026-05-28T06:34:55.747+0000] {logging_mixin.py:188} INFO - [2026-05-28T06:34:55.747+0000] {dag.py:3096} INFO - Sync 1 DAGs
[2026-05-28T06:34:55.773+0000] {logging_mixin.py:188} INFO - [2026-05-28T06:34:55.773+0000] {dag.py:3954} INFO - Setting next_dagrun for flight_pipeline to 2026-05-28 06:00:00+00:00, run_after=2026-05-28 07:00:00+00:00
[2026-05-28T06:34:55.920+0000] {processor.py:183} INFO - Processing /opt/airflow/dags/flight_pipeline.py took 0.238 seconds
[2026-05-28T06:35:27.176+0000] {processor.py:161} INFO - Started process (PID=5242) to work on /opt/airflow/dags/flight_pipeline.py
[2026-05-28T06:35:27.178+0000] {processor.py:830} INFO - Processing file /opt/airflow/dags/flight_pipeline.py for tasks to queue
[2026-05-28T06:35:27.181+0000] {logging_mixin.py:188} INFO - [2026-05-28T06:35:27.180+0000] {dagbag.py:540} INFO - Filling up the DagBag from /opt/airflow/dags/flight_pipeline.py
[2026-05-28T06:35:27.201+0000] {processor.py:840} INFO - DAG(s) 'flight_pipeline' retrieved from /opt/airflow/dags/flight_pipeline.py
[2026-05-28T06:35:27.231+0000] {logging_mixin.py:188} INFO - [2026-05-28T06:35:27.231+0000] {dag.py:3096} INFO - Sync 1 DAGs
[2026-05-28T06:35:27.406+0000] {logging_mixin.py:188} INFO - [2026-05-28T06:35:27.406+0000] {dag.py:3954} INFO - Setting next_dagrun for flight_pipeline to 2026-05-28 06:00:00+00:00, run_after=2026-05-28 07:00:00+00:00
[2026-05-28T06:35:27.422+0000] {processor.py:183} INFO - Processing /opt/airflow/dags/flight_pipeline.py took 0.256 seconds
[2026-05-28T06:35:58.642+0000] {processor.py:161} INFO - Started process (PID=5247) to work on /opt/airflow/dags/flight_pipeline.py
[2026-05-28T06:35:58.643+0000] {processor.py:830} INFO - Processing file /opt/airflow/dags/flight_pipeline.py for tasks to queue
[2026-05-28T06:35:58.646+0000] {logging_mixin.py:188} INFO - [2026-05-28T06:35:58.645+0000] {dagbag.py:540} INFO - Filling up the DagBag from /opt/airflow/dags/flight_pipeline.py
[2026-05-28T06:35:58.665+0000] {processor.py:840} INFO - DAG(s) 'flight_pipeline' retrieved from /opt/airflow/dags/flight_pipeline.py
[2026-05-28T06:35:58.695+0000] {logging_mixin.py:188} INFO - [2026-05-28T06:35:58.694+0000] {dag.py:3096} INFO - Sync 1 DAGs
[2026-05-28T06:35:58.865+0000] {logging_mixin.py:188} INFO - [2026-05-28T06:35:58.864+0000] {dag.py:3954} INFO - Setting next_dagrun for flight_pipeline to 2026-05-28 06:00:00+00:00, run_after=2026-05-28 07:00:00+00:00
[2026-05-28T06:35:58.880+0000] {processor.py:183} INFO - Processing /opt/airflow/dags/flight_pipeline.py took 0.245 seconds
[2026-05-28T06:36:29.216+0000] {processor.py:161} INFO - Started process (PID=5252) to work on /opt/airflow/dags/flight_pipeline.py
[2026-05-28T06:36:29.218+0000] {processor.py:830} INFO - Processing file /opt/airflow/dags/flight_pipeline.py for tasks to queue
[2026-05-28T06:36:29.221+0000] {logging_mixin.py:188} INFO - [2026-05-28T06:36:29.221+0000] {dagbag.py:540} INFO - Filling up the DagBag from /opt/airflow/dags/flight_pipeline.py
[2026-05-28T06:36:29.244+0000] {processor.py:840} INFO - DAG(s) 'flight_pipeline' retrieved from /opt/airflow/dags/flight_pipeline.py
[2026-05-28T06:36:29.270+0000] {logging_mixin.py:188} INFO - [2026-05-28T06:36:29.270+0000] {dag.py:3096} INFO - Sync 1 DAGs
[2026-05-28T06:36:29.290+0000] {logging_mixin.py:188} INFO - [2026-05-28T06:36:29.290+0000] {dag.py:3954} INFO - Setting next_dagrun for flight_pipeline to 2026-05-28 06:00:00+00:00, run_after=2026-05-28 07:00:00+00:00
[2026-05-28T06:36:29.307+0000] {processor.py:183} INFO - Processing /opt/airflow/dags/flight_pipeline.py took 0.099 seconds
[2026-05-28T06:37:00.590+0000] {processor.py:161} INFO - Started process (PID=5257) to work on /opt/airflow/dags/flight_pipeline.py
[2026-05-28T06:37:00.592+0000] {processor.py:830} INFO - Processing file /opt/airflow/dags/flight_pipeline.py for tasks to queue
[2026-05-28T06:37:00.595+0000] {logging_mixin.py:188} INFO - [2026-05-28T06:37:00.595+0000] {dagbag.py:540} INFO - Filling up the DagBag from /opt/airflow/dags/flight_pipeline.py
[2026-05-28T06:37:00.615+0000] {processor.py:840} INFO - DAG(s) 'flight_pipeline' retrieved from /opt/airflow/dags/flight_pipeline.py
[2026-05-28T06:37:00.647+0000] {logging_mixin.py:188} INFO - [2026-05-28T06:37:00.647+0000] {dag.py:3096} INFO - Sync 1 DAGs
[2026-05-28T06:37:00.673+0000] {logging_mixin.py:188} INFO - [2026-05-28T06:37:00.672+0000] {dag.py:3954} INFO - Setting next_dagrun for flight_pipeline to 2026-05-28 06:00:00+00:00, run_after=2026-05-28 07:00:00+00:00
[2026-05-28T06:37:00.693+0000] {processor.py:183} INFO - Processing /opt/airflow/dags/flight_pipeline.py took 0.112 seconds
[2026-05-28T06:37:32.096+0000] {processor.py:161} INFO - Started process (PID=5262) to work on /opt/airflow/dags/flight_pipeline.py
[2026-05-28T06:37:32.097+0000] {processor.py:830} INFO - Processing file /opt/airflow/dags/flight_pipeline.py for tasks to queue
[2026-05-28T06:37:32.100+0000] {logging_mixin.py:188} INFO - [2026-05-28T06:37:32.099+0000] {dagbag.py:540} INFO - Filling up the DagBag from /opt/airflow/dags/flight_pipeline.py
[2026-05-28T06:37:32.120+0000] {processor.py:840} INFO - DAG(s) 'flight_pipeline' retrieved from /opt/airflow/dags/flight_pipeline.py
[2026-05-28T06:37:32.149+0000] {logging_mixin.py:188} INFO - [2026-05-28T06:37:32.149+0000] {dag.py:3096} INFO - Sync 1 DAGs
[2026-05-28T06:37:32.169+0000] {logging_mixin.py:188} INFO - [2026-05-28T06:37:32.169+0000] {dag.py:3954} INFO - Setting next_dagrun for flight_pipeline to 2026-05-28 06:00:00+00:00, run_after=2026-05-28 07:00:00+00:00
[2026-05-28T06:37:32.185+0000] {processor.py:183} INFO - Processing /opt/airflow/dags/flight_pipeline.py took 0.098 seconds
[2026-05-28T06:38:03.422+0000] {processor.py:161} INFO - Started process (PID=5267) to work on /opt/airflow/dags/flight_pipeline.py
[2026-05-28T06:38:03.422+0000] {processor.py:830} INFO - Processing file /opt/airflow/dags/flight_pipeline.py for tasks to queue
[2026-05-28T06:38:03.424+0000] {logging_mixin.py:188} INFO - [2026-05-28T06:38:03.424+0000] {dagbag.py:540} INFO - Filling up the DagBag from /opt/airflow/dags/flight_pipeline.py
[2026-05-28T06:38:03.440+0000] {processor.py:840} INFO - DAG(s) 'flight_pipeline' retrieved from /opt/airflow/dags/flight_pipeline.py
[2026-05-28T06:38:03.464+0000] {logging_mixin.py:188} INFO - [2026-05-28T06:38:03.464+0000] {dag.py:3096} INFO - Sync 1 DAGs
[2026-05-28T06:38:03.482+0000] {logging_mixin.py:188} INFO - [2026-05-28T06:38:03.482+0000] {dag.py:3954} INFO - Setting next_dagrun for flight_pipeline to 2026-05-28 06:00:00+00:00, run_after=2026-05-28 07:00:00+00:00
[2026-05-28T06:38:03.615+0000] {processor.py:183} INFO - Processing /opt/airflow/dags/flight_pipeline.py took 0.198 seconds
[2026-05-28T06:38:34.838+0000] {processor.py:161} INFO - Started process (PID=5272) to work on /opt/airflow/dags/flight_pipeline.py
[2026-05-28T06:38:34.840+0000] {processor.py:830} INFO - Processing file /opt/airflow/dags/flight_pipeline.py for tasks to queue
[2026-05-28T06:38:34.842+0000] {logging_mixin.py:188} INFO - [2026-05-28T06:38:34.841+0000] {dagbag.py:540} INFO - Filling up the DagBag from /opt/airflow/dags/flight_pipeline.py
[2026-05-28T06:38:34.860+0000] {processor.py:840} INFO - DAG(s) 'flight_pipeline' retrieved from /opt/airflow/dags/flight_pipeline.py
[2026-05-28T06:38:34.889+0000] {logging_mixin.py:188} INFO - [2026-05-28T06:38:34.888+0000] {dag.py:3096} INFO - Sync 1 DAGs
[2026-05-28T06:38:35.058+0000] {logging_mixin.py:188} INFO - [2026-05-28T06:38:35.058+0000] {dag.py:3954} INFO - Setting next_dagrun for flight_pipeline to 2026-05-28 06:00:00+00:00, run_after=2026-05-28 07:00:00+00:00
[2026-05-28T06:38:35.074+0000] {processor.py:183} INFO - Processing /opt/airflow/dags/flight_pipeline.py took 0.242 seconds
[2026-05-28T06:39:05.388+0000] {processor.py:161} INFO - Started process (PID=5277) to work on /opt/airflow/dags/flight_pipeline.py
[2026-05-28T06:39:05.390+0000] {processor.py:830} INFO - Processing file /opt/airflow/dags/flight_pipeline.py for tasks to queue
[2026-05-28T06:39:05.393+0000] {logging_mixin.py:188} INFO - [2026-05-28T06:39:05.392+0000] {dagbag.py:540} INFO - Filling up the DagBag from /opt/airflow/dags/flight_pipeline.py
[2026-05-28T06:39:05.412+0000] {processor.py:840} INFO - DAG(s) 'flight_pipeline' retrieved from /opt/airflow/dags/flight_pipeline.py
[2026-05-28T06:39:05.442+0000] {logging_mixin.py:188} INFO - [2026-05-28T06:39:05.441+0000] {dag.py:3096} INFO - Sync 1 DAGs
[2026-05-28T06:39:05.605+0000] {logging_mixin.py:188} INFO - [2026-05-28T06:39:05.604+0000] {dag.py:3954} INFO - Setting next_dagrun for flight_pipeline to 2026-05-28 06:00:00+00:00, run_after=2026-05-28 07:00:00+00:00
[2026-05-28T06:39:05.619+0000] {processor.py:183} INFO - Processing /opt/airflow/dags/flight_pipeline.py took 0.238 seconds
[2026-05-28T06:39:36.800+0000] {processor.py:161} INFO - Started process (PID=5282) to work on /opt/airflow/dags/flight_pipeline.py
[2026-05-28T06:39:36.801+0000] {processor.py:830} INFO - Processing file /opt/airflow/dags/flight_pipeline.py for tasks to queue
[2026-05-28T06:39:36.803+0000] {logging_mixin.py:188} INFO - [2026-05-28T06:39:36.803+0000] {dagbag.py:540} INFO - Filling up the DagBag from /opt/airflow/dags/flight_pipeline.py
[2026-05-28T06:39:36.819+0000] {processor.py:840} INFO - DAG(s) 'flight_pipeline' retrieved from /opt/airflow/dags/flight_pipeline.py
[2026-05-28T06:39:36.844+0000] {logging_mixin.py:188} INFO - [2026-05-28T06:39:36.843+0000] {dag.py:3096} INFO - Sync 1 DAGs
[2026-05-28T06:39:36.862+0000] {logging_mixin.py:188} INFO - [2026-05-28T06:39:36.862+0000] {dag.py:3954} INFO - Setting next_dagrun for flight_pipeline to 2026-05-28 06:00:00+00:00, run_after=2026-05-28 07:00:00+00:00
[2026-05-28T06:39:36.877+0000] {processor.py:183} INFO - Processing /opt/airflow/dags/flight_pipeline.py took 0.082 seconds
[2026-05-28T06:40:08.144+0000] {processor.py:161} INFO - Started process (PID=5287) to work on /opt/airflow/dags/flight_pipeline.py
[2026-05-28T06:40:08.145+0000] {processor.py:830} INFO - Processing file /opt/airflow/dags/flight_pipeline.py for tasks to queue
[2026-05-28T06:40:08.148+0000] {logging_mixin.py:188} INFO - [2026-05-28T06:40:08.147+0000] {dagbag.py:540} INFO - Filling up the DagBag from /opt/airflow/dags/flight_pipeline.py
[2026-05-28T06:40:08.169+0000] {processor.py:840} INFO - DAG(s) 'flight_pipeline' retrieved from /opt/airflow/dags/flight_pipeline.py
[2026-05-28T06:40:08.202+0000] {logging_mixin.py:188} INFO - [2026-05-28T06:40:08.202+0000] {dag.py:3096} INFO - Sync 1 DAGs
[2026-05-28T06:40:08.226+0000] {logging_mixin.py:188} INFO - [2026-05-28T06:40:08.225+0000] {dag.py:3954} INFO - Setting next_dagrun for flight_pipeline to 2026-05-28 06:00:00+00:00, run_after=2026-05-28 07:00:00+00:00
[2026-05-28T06:40:08.248+0000] {processor.py:183} INFO - Processing /opt/airflow/dags/flight_pipeline.py took 0.112 seconds
[2026-05-28T06:40:39.504+0000] {processor.py:161} INFO - Started process (PID=5292) to work on /opt/airflow/dags/flight_pipeline.py
[2026-05-28T06:40:39.505+0000] {processor.py:830} INFO - Processing file /opt/airflow/dags/flight_pipeline.py for tasks to queue
[2026-05-28T06:40:39.507+0000] {logging_mixin.py:188} INFO - [2026-05-28T06:40:39.507+0000] {dagbag.py:540} INFO - Filling up the DagBag from /opt/airflow/dags/flight_pipeline.py
[2026-05-28T06:40:39.526+0000] {processor.py:840} INFO - DAG(s) 'flight_pipeline' retrieved from /opt/airflow/dags/flight_pipeline.py
[2026-05-28T06:40:39.556+0000] {logging_mixin.py:188} INFO - [2026-05-28T06:40:39.555+0000] {dag.py:3096} INFO - Sync 1 DAGs
[2026-05-28T06:40:39.576+0000] {logging_mixin.py:188} INFO - [2026-05-28T06:40:39.576+0000] {dag.py:3954} INFO - Setting next_dagrun for flight_pipeline to 2026-05-28 06:00:00+00:00, run_after=2026-05-28 07:00:00+00:00
[2026-05-28T06:40:39.592+0000] {processor.py:183} INFO - Processing /opt/airflow/dags/flight_pipeline.py took 0.095 seconds
[2026-05-28T06:41:10.872+0000] {processor.py:161} INFO - Started process (PID=5297) to work on /opt/airflow/dags/flight_pipeline.py
[2026-05-28T06:41:10.873+0000] {processor.py:830} INFO - Processing file /opt/airflow/dags/flight_pipeline.py for tasks to queue
[2026-05-28T06:41:10.875+0000] {logging_mixin.py:188} INFO - [2026-05-28T06:41:10.875+0000] {dagbag.py:540} INFO - Filling up the DagBag from /opt/airflow/dags/flight_pipeline.py
[2026-05-28T06:41:10.892+0000] {processor.py:840} INFO - DAG(s) 'flight_pipeline' retrieved from /opt/airflow/dags/flight_pipeline.py
[2026-05-28T06:41:10.916+0000] {logging_mixin.py:188} INFO - [2026-05-28T06:41:10.916+0000] {dag.py:3096} INFO - Sync 1 DAGs
[2026-05-28T06:41:10.935+0000] {logging_mixin.py:188} INFO - [2026-05-28T06:41:10.935+0000] {dag.py:3954} INFO - Setting next_dagrun for flight_pipeline to 2026-05-28 06:00:00+00:00, run_after=2026-05-28 07:00:00+00:00
[2026-05-28T06:41:11.067+0000] {processor.py:183} INFO - Processing /opt/airflow/dags/flight_pipeline.py took 0.200 seconds
[2026-05-28T06:41:41.373+0000] {processor.py:161} INFO - Started process (PID=5302) to work on /opt/airflow/dags/flight_pipeline.py
[2026-05-28T06:41:41.374+0000] {processor.py:830} INFO - Processing file /opt/airflow/dags/flight_pipeline.py for tasks to queue
[2026-05-28T06:41:41.376+0000] {logging_mixin.py:188} INFO - [2026-05-28T06:41:41.375+0000] {dagbag.py:540} INFO - Filling up the DagBag from /opt/airflow/dags/flight_pipeline.py
[2026-05-28T06:41:41.393+0000] {processor.py:840} INFO - DAG(s) 'flight_pipeline' retrieved from /opt/airflow/dags/flight_pipeline.py
[2026-05-28T06:41:41.419+0000] {logging_mixin.py:188} INFO - [2026-05-28T06:41:41.419+0000] {dag.py:3096} INFO - Sync 1 DAGs
[2026-05-28T06:41:41.587+0000] {logging_mixin.py:188} INFO - [2026-05-28T06:41:41.587+0000] {dag.py:3954} INFO - Setting next_dagrun for flight_pipeline to 2026-05-28 06:00:00+00:00, run_after=2026-05-28 07:00:00+00:00
[2026-05-28T06:41:41.605+0000] {processor.py:183} INFO - Processing /opt/airflow/dags/flight_pipeline.py took 0.238 seconds
[2026-05-28T06:42:12.782+0000] {processor.py:161} INFO - Started process (PID=5307) to work on /opt/airflow/dags/flight_pipeline.py
[2026-05-28T06:42:12.783+0000] {processor.py:830} INFO - Processing file /opt/airflow/dags/flight_pipeline.py for tasks to queue
[2026-05-28T06:42:12.785+0000] {logging_mixin.py:188} INFO - [2026-05-28T06:42:12.785+0000] {dagbag.py:540} INFO - Filling up the DagBag from /opt/airflow/dags/flight_pipeline.py
[2026-05-28T06:42:12.805+0000] {processor.py:840} INFO - DAG(s) 'flight_pipeline' retrieved from /opt/airflow/dags/flight_pipeline.py
[2026-05-28T06:42:12.833+0000] {logging_mixin.py:188} INFO - [2026-05-28T06:42:12.833+0000] {dag.py:3096} INFO - Sync 1 DAGs
[2026-05-28T06:42:12.999+0000] {logging_mixin.py:188} INFO - [2026-05-28T06:42:12.998+0000] {dag.py:3954} INFO - Setting next_dagrun for flight_pipeline to 2026-05-28 06:00:00+00:00, run_after=2026-05-28 07:00:00+00:00
[2026-05-28T06:42:13.013+0000] {processor.py:183} INFO - Processing /opt/airflow/dags/flight_pipeline.py took 0.239 seconds
[2026-05-28T06:42:44.287+0000] {processor.py:161} INFO - Started process (PID=5312) to work on /opt/airflow/dags/flight_pipeline.py
[2026-05-28T06:42:44.288+0000] {processor.py:830} INFO - Processing file /opt/airflow/dags/flight_pipeline.py for tasks to queue
[2026-05-28T06:42:44.290+0000] {logging_mixin.py:188} INFO - [2026-05-28T06:42:44.290+0000] {dagbag.py:540} INFO - Filling up the DagBag from /opt/airflow/dags/flight_pipeline.py
[2026-05-28T06:42:44.306+0000] {processor.py:840} INFO - DAG(s) 'flight_pipeline' retrieved from /opt/airflow/dags/flight_pipeline.py
[2026-05-28T06:42:44.331+0000] {logging_mixin.py:188} INFO - [2026-05-28T06:42:44.331+0000] {dag.py:3096} INFO - Sync 1 DAGs
[2026-05-28T06:42:44.349+0000] {logging_mixin.py:188} INFO - [2026-05-28T06:42:44.348+0000] {dag.py:3954} INFO - Setting next_dagrun for flight_pipeline to 2026-05-28 06:00:00+00:00, run_after=2026-05-28 07:00:00+00:00
[2026-05-28T06:42:44.363+0000] {processor.py:183} INFO - Processing /opt/airflow/dags/flight_pipeline.py took 0.081 seconds
[2026-05-28T06:43:15.649+0000] {processor.py:161} INFO - Started process (PID=5317) to work on /opt/airflow/dags/flight_pipeline.py
[2026-05-28T06:43:15.650+0000] {processor.py:830} INFO - Processing file /opt/airflow/dags/flight_pipeline.py for tasks to queue
[2026-05-28T06:43:15.652+0000] {logging_mixin.py:188} INFO - [2026-05-28T06:43:15.651+0000] {dagbag.py:540} INFO - Filling up the DagBag from /opt/airflow/dags/flight_pipeline.py
[2026-05-28T06:43:15.670+0000] {processor.py:840} INFO - DAG(s) 'flight_pipeline' retrieved from /opt/airflow/dags/flight_pipeline.py
[2026-05-28T06:43:15.700+0000] {logging_mixin.py:188} INFO - [2026-05-28T06:43:15.700+0000] {dag.py:3096} INFO - Sync 1 DAGs
[2026-05-28T06:43:15.724+0000] {logging_mixin.py:188} INFO - [2026-05-28T06:43:15.724+0000] {dag.py:3954} INFO - Setting next_dagrun for flight_pipeline to 2026-05-28 06:00:00+00:00, run_after=2026-05-28 07:00:00+00:00
[2026-05-28T06:43:15.745+0000] {processor.py:183} INFO - Processing /opt/airflow/dags/flight_pipeline.py took 0.102 seconds
[2026-05-28T06:43:47.096+0000] {processor.py:161} INFO - Started process (PID=5322) to work on /opt/airflow/dags/flight_pipeline.py
[2026-05-28T06:43:47.097+0000] {processor.py:830} INFO - Processing file /opt/airflow/dags/flight_pipeline.py for tasks to queue
[2026-05-28T06:43:47.099+0000] {logging_mixin.py:188} INFO - [2026-05-28T06:43:47.099+0000] {dagbag.py:540} INFO - Filling up the DagBag from /opt/airflow/dags/flight_pipeline.py
[2026-05-28T06:43:47.117+0000] {processor.py:840} INFO - DAG(s) 'flight_pipeline' retrieved from /opt/airflow/dags/flight_pipeline.py
[2026-05-28T06:43:47.144+0000] {logging_mixin.py:188} INFO - [2026-05-28T06:43:47.144+0000] {dag.py:3096} INFO - Sync 1 DAGs
[2026-05-28T06:43:47.165+0000] {logging_mixin.py:188} INFO - [2026-05-28T06:43:47.165+0000] {dag.py:3954} INFO - Setting next_dagrun for flight_pipeline to 2026-05-28 06:00:00+00:00, run_after=2026-05-28 07:00:00+00:00
[2026-05-28T06:43:47.181+0000] {processor.py:183} INFO - Processing /opt/airflow/dags/flight_pipeline.py took 0.091 seconds
[2026-05-28T06:44:17.478+0000] {processor.py:161} INFO - Started process (PID=5327) to work on /opt/airflow/dags/flight_pipeline.py
[2026-05-28T06:44:17.479+0000] {processor.py:830} INFO - Processing file /opt/airflow/dags/flight_pipeline.py for tasks to queue
[2026-05-28T06:44:17.482+0000] {logging_mixin.py:188} INFO - [2026-05-28T06:44:17.482+0000] {dagbag.py:540} INFO - Filling up the DagBag from /opt/airflow/dags/flight_pipeline.py
[2026-05-28T06:44:17.513+0000] {processor.py:840} INFO - DAG(s) 'flight_pipeline' retrieved from /opt/airflow/dags/flight_pipeline.py
[2026-05-28T06:44:17.562+0000] {logging_mixin.py:188} INFO - [2026-05-28T06:44:17.562+0000] {dag.py:3096} INFO - Sync 1 DAGs
[2026-05-28T06:44:17.602+0000] {logging_mixin.py:188} INFO - [2026-05-28T06:44:17.602+0000] {dag.py:3954} INFO - Setting next_dagrun for flight_pipeline to 2026-05-28 06:00:00+00:00, run_after=2026-05-28 07:00:00+00:00
[2026-05-28T06:44:17.857+0000] {processor.py:183} INFO - Processing /opt/airflow/dags/flight_pipeline.py took 0.388 seconds
[2026-05-28T06:44:48.882+0000] {processor.py:161} INFO - Started process (PID=5332) to work on /opt/airflow/dags/flight_pipeline.py
[2026-05-28T06:44:48.884+0000] {processor.py:830} INFO - Processing file /opt/airflow/dags/flight_pipeline.py for tasks to queue
[2026-05-28T06:44:48.886+0000] {logging_mixin.py:188} INFO - [2026-05-28T06:44:48.886+0000] {dagbag.py:540} INFO - Filling up the DagBag from /opt/airflow/dags/flight_pipeline.py
[2026-05-28T06:44:48.907+0000] {processor.py:840} INFO - DAG(s) 'flight_pipeline' retrieved from /opt/airflow/dags/flight_pipeline.py
[2026-05-28T06:44:48.941+0000] {logging_mixin.py:188} INFO - [2026-05-28T06:44:48.941+0000] {dag.py:3096} INFO - Sync 1 DAGs
[2026-05-28T06:44:49.132+0000] {logging_mixin.py:188} INFO - [2026-05-28T06:44:49.131+0000] {dag.py:3954} INFO - Setting next_dagrun for flight_pipeline to 2026-05-28 06:00:00+00:00, run_after=2026-05-28 07:00:00+00:00
[2026-05-28T06:44:49.147+0000] {processor.py:183} INFO - Processing /opt/airflow/dags/flight_pipeline.py took 0.273 seconds
[2026-05-28T06:45:20.190+0000] {processor.py:161} INFO - Started process (PID=5337) to work on /opt/airflow/dags/flight_pipeline.py
[2026-05-28T06:45:20.191+0000] {processor.py:830} INFO - Processing file /opt/airflow/dags/flight_pipeline.py for tasks to queue
[2026-05-28T06:45:20.193+0000] {logging_mixin.py:188} INFO - [2026-05-28T06:45:20.193+0000] {dagbag.py:540} INFO - Filling up the DagBag from /opt/airflow/dags/flight_pipeline.py
[2026-05-28T06:45:20.212+0000] {processor.py:840} INFO - DAG(s) 'flight_pipeline' retrieved from /opt/airflow/dags/flight_pipeline.py
[2026-05-28T06:45:20.241+0000] {logging_mixin.py:188} INFO - [2026-05-28T06:45:20.240+0000] {dag.py:3096} INFO - Sync 1 DAGs
[2026-05-28T06:45:20.405+0000] {logging_mixin.py:188} INFO - [2026-05-28T06:45:20.405+0000] {dag.py:3954} INFO - Setting next_dagrun for flight_pipeline to 2026-05-28 06:00:00+00:00, run_after=2026-05-28 07:00:00+00:00
[2026-05-28T06:45:20.421+0000] {processor.py:183} INFO - Processing /opt/airflow/dags/flight_pipeline.py took 0.238 seconds
[2026-05-28T06:45:51.622+0000] {processor.py:161} INFO - Started process (PID=5342) to work on /opt/airflow/dags/flight_pipeline.py
[2026-05-28T06:45:51.623+0000] {processor.py:830} INFO - Processing file /opt/airflow/dags/flight_pipeline.py for tasks to queue
[2026-05-28T06:45:51.625+0000] {logging_mixin.py:188} INFO - [2026-05-28T06:45:51.624+0000] {dagbag.py:540} INFO - Filling up the DagBag from /opt/airflow/dags/flight_pipeline.py
[2026-05-28T06:45:51.641+0000] {processor.py:840} INFO - DAG(s) 'flight_pipeline' retrieved from /opt/airflow/dags/flight_pipeline.py
[2026-05-28T06:45:51.665+0000] {logging_mixin.py:188} INFO - [2026-05-28T06:45:51.665+0000] {dag.py:3096} INFO - Sync 1 DAGs
[2026-05-28T06:45:51.683+0000] {logging_mixin.py:188} INFO - [2026-05-28T06:45:51.683+0000] {dag.py:3954} INFO - Setting next_dagrun for flight_pipeline to 2026-05-28 06:00:00+00:00, run_after=2026-05-28 07:00:00+00:00
[2026-05-28T06:45:51.699+0000] {processor.py:183} INFO - Processing /opt/airflow/dags/flight_pipeline.py took 0.082 seconds
[2026-05-28T06:46:23.002+0000] {processor.py:161} INFO - Started process (PID=5347) to work on /opt/airflow/dags/flight_pipeline.py
[2026-05-28T06:46:23.004+0000] {processor.py:830} INFO - Processing file /opt/airflow/dags/flight_pipeline.py for tasks to queue
[2026-05-28T06:46:23.005+0000] {logging_mixin.py:188} INFO - [2026-05-28T06:46:23.005+0000] {dagbag.py:540} INFO - Filling up the DagBag from /opt/airflow/dags/flight_pipeline.py
[2026-05-28T06:46:23.024+0000] {processor.py:840} INFO - DAG(s) 'flight_pipeline' retrieved from /opt/airflow/dags/flight_pipeline.py
[2026-05-28T06:46:23.053+0000] {logging_mixin.py:188} INFO - [2026-05-28T06:46:23.053+0000] {dag.py:3096} INFO - Sync 1 DAGs
[2026-05-28T06:46:23.076+0000] {logging_mixin.py:188} INFO - [2026-05-28T06:46:23.076+0000] {dag.py:3954} INFO - Setting next_dagrun for flight_pipeline to 2026-05-28 06:00:00+00:00, run_after=2026-05-28 07:00:00+00:00
[2026-05-28T06:46:23.095+0000] {processor.py:183} INFO - Processing /opt/airflow/dags/flight_pipeline.py took 0.099 seconds
[2026-05-28T06:46:54.374+0000] {processor.py:161} INFO - Started process (PID=5352) to work on /opt/airflow/dags/flight_pipeline.py
[2026-05-28T06:46:54.376+0000] {processor.py:830} INFO - Processing file /opt/airflow/dags/flight_pipeline.py for tasks to queue
[2026-05-28T06:46:54.378+0000] {logging_mixin.py:188} INFO - [2026-05-28T06:46:54.377+0000] {dagbag.py:540} INFO - Filling up the DagBag from /opt/airflow/dags/flight_pipeline.py
[2026-05-28T06:46:54.396+0000] {processor.py:840} INFO - DAG(s) 'flight_pipeline' retrieved from /opt/airflow/dags/flight_pipeline.py
[2026-05-28T06:46:54.424+0000] {logging_mixin.py:188} INFO - [2026-05-28T06:46:54.423+0000] {dag.py:3096} INFO - Sync 1 DAGs
[2026-05-28T06:46:54.444+0000] {logging_mixin.py:188} INFO - [2026-05-28T06:46:54.444+0000] {dag.py:3954} INFO - Setting next_dagrun for flight_pipeline to 2026-05-28 06:00:00+00:00, run_after=2026-05-28 07:00:00+00:00
[2026-05-28T06:46:54.461+0000] {processor.py:183} INFO - Processing /opt/airflow/dags/flight_pipeline.py took 0.094 seconds
[2026-05-28T06:47:25.751+0000] {processor.py:161} INFO - Started process (PID=5357) to work on /opt/airflow/dags/flight_pipeline.py
[2026-05-28T06:47:25.752+0000] {processor.py:830} INFO - Processing file /opt/airflow/dags/flight_pipeline.py for tasks to queue
[2026-05-28T06:47:25.754+0000] {logging_mixin.py:188} INFO - [2026-05-28T06:47:25.753+0000] {dagbag.py:540} INFO - Filling up the DagBag from /opt/airflow/dags/flight_pipeline.py
[2026-05-28T06:47:25.770+0000] {processor.py:840} INFO - DAG(s) 'flight_pipeline' retrieved from /opt/airflow/dags/flight_pipeline.py
[2026-05-28T06:47:25.795+0000] {logging_mixin.py:188} INFO - [2026-05-28T06:47:25.794+0000] {dag.py:3096} INFO - Sync 1 DAGs
[2026-05-28T06:47:25.814+0000] {logging_mixin.py:188} INFO - [2026-05-28T06:47:25.814+0000] {dag.py:3954} INFO - Setting next_dagrun for flight_pipeline to 2026-05-28 06:00:00+00:00, run_after=2026-05-28 07:00:00+00:00
[2026-05-28T06:47:25.948+0000] {processor.py:183} INFO - Processing /opt/airflow/dags/flight_pipeline.py took 0.202 seconds
[2026-05-28T06:47:56.236+0000] {processor.py:161} INFO - Started process (PID=5362) to work on /opt/airflow/dags/flight_pipeline.py
[2026-05-28T06:47:56.237+0000] {processor.py:830} INFO - Processing file /opt/airflow/dags/flight_pipeline.py for tasks to queue
[2026-05-28T06:47:56.239+0000] {logging_mixin.py:188} INFO - [2026-05-28T06:47:56.239+0000] {dagbag.py:540} INFO - Filling up the DagBag from /opt/airflow/dags/flight_pipeline.py
[2026-05-28T06:47:56.258+0000] {processor.py:840} INFO - DAG(s) 'flight_pipeline' retrieved from /opt/airflow/dags/flight_pipeline.py
[2026-05-28T06:47:56.288+0000] {logging_mixin.py:188} INFO - [2026-05-28T06:47:56.288+0000] {dag.py:3096} INFO - Sync 1 DAGs
[2026-05-28T06:47:56.474+0000] {logging_mixin.py:188} INFO - [2026-05-28T06:47:56.474+0000] {dag.py:3954} INFO - Setting next_dagrun for flight_pipeline to 2026-05-28 06:00:00+00:00, run_after=2026-05-28 07:00:00+00:00
[2026-05-28T06:47:56.493+0000] {processor.py:183} INFO - Processing /opt/airflow/dags/flight_pipeline.py took 0.263 seconds
[2026-05-28T06:48:27.745+0000] {processor.py:161} INFO - Started process (PID=5367) to work on /opt/airflow/dags/flight_pipeline.py
[2026-05-28T06:48:27.746+0000] {processor.py:830} INFO - Processing file /opt/airflow/dags/flight_pipeline.py for tasks to queue
[2026-05-28T06:48:27.749+0000] {logging_mixin.py:188} INFO - [2026-05-28T06:48:27.749+0000] {dagbag.py:540} INFO - Filling up the DagBag from /opt/airflow/dags/flight_pipeline.py
[2026-05-28T06:48:27.786+0000] {processor.py:840} INFO - DAG(s) 'flight_pipeline' retrieved from /opt/airflow/dags/flight_pipeline.py
[2026-05-28T06:48:27.832+0000] {logging_mixin.py:188} INFO - [2026-05-28T06:48:27.832+0000] {dag.py:3096} INFO - Sync 1 DAGs
[2026-05-28T06:48:28.020+0000] {logging_mixin.py:188} INFO - [2026-05-28T06:48:28.019+0000] {dag.py:3954} INFO - Setting next_dagrun for flight_pipeline to 2026-05-28 06:00:00+00:00, run_after=2026-05-28 07:00:00+00:00
[2026-05-28T06:48:28.036+0000] {processor.py:183} INFO - Processing /opt/airflow/dags/flight_pipeline.py took 0.303 seconds
[2026-05-28T06:48:59.205+0000] {processor.py:161} INFO - Started process (PID=5372) to work on /opt/airflow/dags/flight_pipeline.py
[2026-05-28T06:48:59.206+0000] {processor.py:830} INFO - Processing file /opt/airflow/dags/flight_pipeline.py for tasks to queue
[2026-05-28T06:48:59.207+0000] {logging_mixin.py:188} INFO - [2026-05-28T06:48:59.207+0000] {dagbag.py:540} INFO - Filling up the DagBag from /opt/airflow/dags/flight_pipeline.py
[2026-05-28T06:48:59.224+0000] {processor.py:840} INFO - DAG(s) 'flight_pipeline' retrieved from /opt/airflow/dags/flight_pipeline.py
[2026-05-28T06:48:59.366+0000] {logging_mixin.py:188} INFO - [2026-05-28T06:48:59.366+0000] {dag.py:3096} INFO - Sync 1 DAGs
[2026-05-28T06:48:59.380+0000] {logging_mixin.py:188} INFO - [2026-05-28T06:48:59.380+0000] {dag.py:3954} INFO - Setting next_dagrun for flight_pipeline to 2026-05-28 06:00:00+00:00, run_after=2026-05-28 07:00:00+00:00
[2026-05-28T06:48:59.394+0000] {processor.py:183} INFO - Processing /opt/airflow/dags/flight_pipeline.py took 0.194 seconds
[2026-05-28T06:49:29.776+0000] {processor.py:161} INFO - Started process (PID=5377) to work on /opt/airflow/dags/flight_pipeline.py
[2026-05-28T06:49:29.777+0000] {processor.py:830} INFO - Processing file /opt/airflow/dags/flight_pipeline.py for tasks to queue
[2026-05-28T06:49:29.779+0000] {logging_mixin.py:188} INFO - [2026-05-28T06:49:29.778+0000] {dagbag.py:540} INFO - Filling up the DagBag from /opt/airflow/dags/flight_pipeline.py
[2026-05-28T06:49:29.797+0000] {processor.py:840} INFO - DAG(s) 'flight_pipeline' retrieved from /opt/airflow/dags/flight_pipeline.py
[2026-05-28T06:49:29.823+0000] {logging_mixin.py:188} INFO - [2026-05-28T06:49:29.823+0000] {dag.py:3096} INFO - Sync 1 DAGs
[2026-05-28T06:49:29.843+0000] {logging_mixin.py:188} INFO - [2026-05-28T06:49:29.843+0000] {dag.py:3954} INFO - Setting next_dagrun for flight_pipeline to 2026-05-28 06:00:00+00:00, run_after=2026-05-28 07:00:00+00:00
[2026-05-28T06:49:29.865+0000] {processor.py:183} INFO - Processing /opt/airflow/dags/flight_pipeline.py took 0.095 seconds
[2026-05-28T06:50:01.152+0000] {processor.py:161} INFO - Started process (PID=5382) to work on /opt/airflow/dags/flight_pipeline.py
[2026-05-28T06:50:01.154+0000] {processor.py:830} INFO - Processing file /opt/airflow/dags/flight_pipeline.py for tasks to queue
[2026-05-28T06:50:01.156+0000] {logging_mixin.py:188} INFO - [2026-05-28T06:50:01.155+0000] {dagbag.py:540} INFO - Filling up the DagBag from /opt/airflow/dags/flight_pipeline.py
[2026-05-28T06:50:01.174+0000] {processor.py:840} INFO - DAG(s) 'flight_pipeline' retrieved from /opt/airflow/dags/flight_pipeline.py
[2026-05-28T06:50:01.203+0000] {logging_mixin.py:188} INFO - [2026-05-28T06:50:01.202+0000] {dag.py:3096} INFO - Sync 1 DAGs
[2026-05-28T06:50:01.224+0000] {logging_mixin.py:188} INFO - [2026-05-28T06:50:01.224+0000] {dag.py:3954} INFO - Setting next_dagrun for flight_pipeline to 2026-05-28 06:00:00+00:00, run_after=2026-05-28 07:00:00+00:00
[2026-05-28T06:50:01.241+0000] {processor.py:183} INFO - Processing /opt/airflow/dags/flight_pipeline.py took 0.096 seconds
[2026-05-28T06:50:32.589+0000] {processor.py:161} INFO - Started process (PID=5387) to work on /opt/airflow/dags/flight_pipeline.py
[2026-05-28T06:50:32.591+0000] {processor.py:830} INFO - Processing file /opt/airflow/dags/flight_pipeline.py for tasks to queue
[2026-05-28T06:50:32.593+0000] {logging_mixin.py:188} INFO - [2026-05-28T06:50:32.592+0000] {dagbag.py:540} INFO - Filling up the DagBag from /opt/airflow/dags/flight_pipeline.py
[2026-05-28T06:50:32.614+0000] {processor.py:840} INFO - DAG(s) 'flight_pipeline' retrieved from /opt/airflow/dags/flight_pipeline.py
[2026-05-28T06:50:32.647+0000] {logging_mixin.py:188} INFO - [2026-05-28T06:50:32.647+0000] {dag.py:3096} INFO - Sync 1 DAGs
[2026-05-28T06:50:32.672+0000] {logging_mixin.py:188} INFO - [2026-05-28T06:50:32.672+0000] {dag.py:3954} INFO - Setting next_dagrun for flight_pipeline to 2026-05-28 06:00:00+00:00, run_after=2026-05-28 07:00:00+00:00
[2026-05-28T06:50:32.694+0000] {processor.py:183} INFO - Processing /opt/airflow/dags/flight_pipeline.py took 0.112 seconds
[2026-05-28T06:51:03.996+0000] {processor.py:161} INFO - Started process (PID=5392) to work on /opt/airflow/dags/flight_pipeline.py
[2026-05-28T06:51:03.997+0000] {processor.py:830} INFO - Processing file /opt/airflow/dags/flight_pipeline.py for tasks to queue
[2026-05-28T06:51:03.999+0000] {logging_mixin.py:188} INFO - [2026-05-28T06:51:03.999+0000] {dagbag.py:540} INFO - Filling up the DagBag from /opt/airflow/dags/flight_pipeline.py
[2026-05-28T06:51:04.018+0000] {processor.py:840} INFO - DAG(s) 'flight_pipeline' retrieved from /opt/airflow/dags/flight_pipeline.py
[2026-05-28T06:51:04.049+0000] {logging_mixin.py:188} INFO - [2026-05-28T06:51:04.049+0000] {dag.py:3096} INFO - Sync 1 DAGs
[2026-05-28T06:51:04.222+0000] {logging_mixin.py:188} INFO - [2026-05-28T06:51:04.222+0000] {dag.py:3954} INFO - Setting next_dagrun for flight_pipeline to 2026-05-28 06:00:00+00:00, run_after=2026-05-28 07:00:00+00:00
[2026-05-28T06:51:04.237+0000] {processor.py:183} INFO - Processing /opt/airflow/dags/flight_pipeline.py took 0.249 seconds
[2026-05-28T06:51:35.461+0000] {processor.py:161} INFO - Started process (PID=5397) to work on /opt/airflow/dags/flight_pipeline.py
[2026-05-28T06:51:35.462+0000] {processor.py:830} INFO - Processing file /opt/airflow/dags/flight_pipeline.py for tasks to queue
[2026-05-28T06:51:35.464+0000] {logging_mixin.py:188} INFO - [2026-05-28T06:51:35.464+0000] {dagbag.py:540} INFO - Filling up the DagBag from /opt/airflow/dags/flight_pipeline.py
[2026-05-28T06:51:35.482+0000] {processor.py:840} INFO - DAG(s) 'flight_pipeline' retrieved from /opt/airflow/dags/flight_pipeline.py
[2026-05-28T06:51:35.511+0000] {logging_mixin.py:188} INFO - [2026-05-28T06:51:35.511+0000] {dag.py:3096} INFO - Sync 1 DAGs
[2026-05-28T06:51:35.675+0000] {logging_mixin.py:188} INFO - [2026-05-28T06:51:35.674+0000] {dag.py:3954} INFO - Setting next_dagrun for flight_pipeline to 2026-05-28 06:00:00+00:00, run_after=2026-05-28 07:00:00+00:00
[2026-05-28T06:51:35.690+0000] {processor.py:183} INFO - Processing /opt/airflow/dags/flight_pipeline.py took 0.236 seconds
[2026-05-28T06:52:05.992+0000] {processor.py:161} INFO - Started process (PID=5402) to work on /opt/airflow/dags/flight_pipeline.py
[2026-05-28T06:52:05.993+0000] {processor.py:830} INFO - Processing file /opt/airflow/dags/flight_pipeline.py for tasks to queue
[2026-05-28T06:52:05.994+0000] {logging_mixin.py:188} INFO - [2026-05-28T06:52:05.994+0000] {dagbag.py:540} INFO - Filling up the DagBag from /opt/airflow/dags/flight_pipeline.py
[2026-05-28T06:52:06.010+0000] {processor.py:840} INFO - DAG(s) 'flight_pipeline' retrieved from /opt/airflow/dags/flight_pipeline.py
[2026-05-28T06:52:06.153+0000] {logging_mixin.py:188} INFO - [2026-05-28T06:52:06.152+0000] {dag.py:3096} INFO - Sync 1 DAGs
[2026-05-28T06:52:06.168+0000] {logging_mixin.py:188} INFO - [2026-05-28T06:52:06.168+0000] {dag.py:3954} INFO - Setting next_dagrun for flight_pipeline to 2026-05-28 06:00:00+00:00, run_after=2026-05-28 07:00:00+00:00
[2026-05-28T06:52:06.181+0000] {processor.py:183} INFO - Processing /opt/airflow/dags/flight_pipeline.py took 0.195 seconds
[2026-05-28T06:52:37.473+0000] {processor.py:161} INFO - Started process (PID=5407) to work on /opt/airflow/dags/flight_pipeline.py
[2026-05-28T06:52:37.474+0000] {processor.py:830} INFO - Processing file /opt/airflow/dags/flight_pipeline.py for tasks to queue
[2026-05-28T06:52:37.475+0000] {logging_mixin.py:188} INFO - [2026-05-28T06:52:37.475+0000] {dagbag.py:540} INFO - Filling up the DagBag from /opt/airflow/dags/flight_pipeline.py
[2026-05-28T06:52:37.493+0000] {processor.py:840} INFO - DAG(s) 'flight_pipeline' retrieved from /opt/airflow/dags/flight_pipeline.py
[2026-05-28T06:52:37.521+0000] {logging_mixin.py:188} INFO - [2026-05-28T06:52:37.521+0000] {dag.py:3096} INFO - Sync 1 DAGs
[2026-05-28T06:52:37.542+0000] {logging_mixin.py:188} INFO - [2026-05-28T06:52:37.541+0000] {dag.py:3954} INFO - Setting next_dagrun for flight_pipeline to 2026-05-28 06:00:00+00:00, run_after=2026-05-28 07:00:00+00:00
[2026-05-28T06:52:37.559+0000] {processor.py:183} INFO - Processing /opt/airflow/dags/flight_pipeline.py took 0.093 seconds
[2026-05-28T06:53:08.859+0000] {processor.py:161} INFO - Started process (PID=5412) to work on /opt/airflow/dags/flight_pipeline.py
[2026-05-28T06:53:08.860+0000] {processor.py:830} INFO - Processing file /opt/airflow/dags/flight_pipeline.py for tasks to queue
[2026-05-28T06:53:08.862+0000] {logging_mixin.py:188} INFO - [2026-05-28T06:53:08.862+0000] {dagbag.py:540} INFO - Filling up the DagBag from /opt/airflow/dags/flight_pipeline.py
[2026-05-28T06:53:08.881+0000] {processor.py:840} INFO - DAG(s) 'flight_pipeline' retrieved from /opt/airflow/dags/flight_pipeline.py
[2026-05-28T06:53:08.908+0000] {logging_mixin.py:188} INFO - [2026-05-28T06:53:08.907+0000] {dag.py:3096} INFO - Sync 1 DAGs
[2026-05-28T06:53:08.928+0000] {logging_mixin.py:188} INFO - [2026-05-28T06:53:08.928+0000] {dag.py:3954} INFO - Setting next_dagrun for flight_pipeline to 2026-05-28 06:00:00+00:00, run_after=2026-05-28 07:00:00+00:00
[2026-05-28T06:53:08.947+0000] {processor.py:183} INFO - Processing /opt/airflow/dags/flight_pipeline.py took 0.095 seconds
[2026-05-28T06:53:40.247+0000] {processor.py:161} INFO - Started process (PID=5417) to work on /opt/airflow/dags/flight_pipeline.py
[2026-05-28T06:53:40.248+0000] {processor.py:830} INFO - Processing file /opt/airflow/dags/flight_pipeline.py for tasks to queue
[2026-05-28T06:53:40.250+0000] {logging_mixin.py:188} INFO - [2026-05-28T06:53:40.250+0000] {dagbag.py:540} INFO - Filling up the DagBag from /opt/airflow/dags/flight_pipeline.py
[2026-05-28T06:53:40.274+0000] {processor.py:840} INFO - DAG(s) 'flight_pipeline' retrieved from /opt/airflow/dags/flight_pipeline.py
[2026-05-28T06:53:40.308+0000] {logging_mixin.py:188} INFO - [2026-05-28T06:53:40.307+0000] {dag.py:3096} INFO - Sync 1 DAGs
[2026-05-28T06:53:40.334+0000] {logging_mixin.py:188} INFO - [2026-05-28T06:53:40.333+0000] {dag.py:3954} INFO - Setting next_dagrun for flight_pipeline to 2026-05-28 06:00:00+00:00, run_after=2026-05-28 07:00:00+00:00
[2026-05-28T06:53:40.356+0000] {processor.py:183} INFO - Processing /opt/airflow/dags/flight_pipeline.py took 0.116 seconds
[2026-05-28T06:54:11.756+0000] {processor.py:161} INFO - Started process (PID=5422) to work on /opt/airflow/dags/flight_pipeline.py
[2026-05-28T06:54:11.757+0000] {processor.py:830} INFO - Processing file /opt/airflow/dags/flight_pipeline.py for tasks to queue
[2026-05-28T06:54:11.760+0000] {logging_mixin.py:188} INFO - [2026-05-28T06:54:11.759+0000] {dagbag.py:540} INFO - Filling up the DagBag from /opt/airflow/dags/flight_pipeline.py
[2026-05-28T06:54:11.778+0000] {processor.py:840} INFO - DAG(s) 'flight_pipeline' retrieved from /opt/airflow/dags/flight_pipeline.py
[2026-05-28T06:54:11.807+0000] {logging_mixin.py:188} INFO - [2026-05-28T06:54:11.806+0000] {dag.py:3096} INFO - Sync 1 DAGs
[2026-05-28T06:54:11.977+0000] {logging_mixin.py:188} INFO - [2026-05-28T06:54:11.977+0000] {dag.py:3954} INFO - Setting next_dagrun for flight_pipeline to 2026-05-28 06:00:00+00:00, run_after=2026-05-28 07:00:00+00:00
[2026-05-28T06:54:11.992+0000] {processor.py:183} INFO - Processing /opt/airflow/dags/flight_pipeline.py took 0.243 seconds
[2026-05-28T06:54:42.129+0000] {processor.py:161} INFO - Started process (PID=5427) to work on /opt/airflow/dags/flight_pipeline.py
[2026-05-28T06:54:42.131+0000] {processor.py:830} INFO - Processing file /opt/airflow/dags/flight_pipeline.py for tasks to queue
[2026-05-28T06:54:42.133+0000] {logging_mixin.py:188} INFO - [2026-05-28T06:54:42.132+0000] {dagbag.py:540} INFO - Filling up the DagBag from /opt/airflow/dags/flight_pipeline.py
[2026-05-28T06:54:42.151+0000] {processor.py:840} INFO - DAG(s) 'flight_pipeline' retrieved from /opt/airflow/dags/flight_pipeline.py
[2026-05-28T06:54:42.179+0000] {logging_mixin.py:188} INFO - [2026-05-28T06:54:42.178+0000] {dag.py:3096} INFO - Sync 1 DAGs
[2026-05-28T06:54:42.344+0000] {logging_mixin.py:188} INFO - [2026-05-28T06:54:42.343+0000] {dag.py:3954} INFO - Setting next_dagrun for flight_pipeline to 2026-05-28 06:00:00+00:00, run_after=2026-05-28 07:00:00+00:00
[2026-05-28T06:54:42.358+0000] {processor.py:183} INFO - Processing /opt/airflow/dags/flight_pipeline.py took 0.238 seconds
[2026-05-28T06:55:13.750+0000] {processor.py:161} INFO - Started process (PID=5432) to work on /opt/airflow/dags/flight_pipeline.py
[2026-05-28T06:55:13.750+0000] {processor.py:830} INFO - Processing file /opt/airflow/dags/flight_pipeline.py for tasks to queue
[2026-05-28T06:55:13.752+0000] {logging_mixin.py:188} INFO - [2026-05-28T06:55:13.752+0000] {dagbag.py:540} INFO - Filling up the DagBag from /opt/airflow/dags/flight_pipeline.py
[2026-05-28T06:55:13.767+0000] {processor.py:840} INFO - DAG(s) 'flight_pipeline' retrieved from /opt/airflow/dags/flight_pipeline.py
[2026-05-28T06:55:13.913+0000] {logging_mixin.py:188} INFO - [2026-05-28T06:55:13.913+0000] {dag.py:3096} INFO - Sync 1 DAGs
[2026-05-28T06:55:13.929+0000] {logging_mixin.py:188} INFO - [2026-05-28T06:55:13.929+0000] {dag.py:3954} INFO - Setting next_dagrun for flight_pipeline to 2026-05-28 06:00:00+00:00, run_after=2026-05-28 07:00:00+00:00
[2026-05-28T06:55:13.944+0000] {processor.py:183} INFO - Processing /opt/airflow/dags/flight_pipeline.py took 0.200 seconds
[2026-05-28T06:55:45.141+0000] {processor.py:161} INFO - Started process (PID=5437) to work on /opt/airflow/dags/flight_pipeline.py
[2026-05-28T06:55:45.142+0000] {processor.py:830} INFO - Processing file /opt/airflow/dags/flight_pipeline.py for tasks to queue
[2026-05-28T06:55:45.144+0000] {logging_mixin.py:188} INFO - [2026-05-28T06:55:45.144+0000] {dagbag.py:540} INFO - Filling up the DagBag from /opt/airflow/dags/flight_pipeline.py
[2026-05-28T06:55:45.163+0000] {processor.py:840} INFO - DAG(s) 'flight_pipeline' retrieved from /opt/airflow/dags/flight_pipeline.py
[2026-05-28T06:55:45.189+0000] {logging_mixin.py:188} INFO - [2026-05-28T06:55:45.189+0000] {dag.py:3096} INFO - Sync 1 DAGs
[2026-05-28T06:55:45.210+0000] {logging_mixin.py:188} INFO - [2026-05-28T06:55:45.210+0000] {dag.py:3954} INFO - Setting next_dagrun for flight_pipeline to 2026-05-28 06:00:00+00:00, run_after=2026-05-28 07:00:00+00:00
[2026-05-28T06:55:45.228+0000] {processor.py:183} INFO - Processing /opt/airflow/dags/flight_pipeline.py took 0.093 seconds
[2026-05-28T06:56:16.514+0000] {processor.py:161} INFO - Started process (PID=5442) to work on /opt/airflow/dags/flight_pipeline.py
[2026-05-28T06:56:16.515+0000] {processor.py:830} INFO - Processing file /opt/airflow/dags/flight_pipeline.py for tasks to queue
[2026-05-28T06:56:16.517+0000] {logging_mixin.py:188} INFO - [2026-05-28T06:56:16.517+0000] {dagbag.py:540} INFO - Filling up the DagBag from /opt/airflow/dags/flight_pipeline.py
[2026-05-28T06:56:16.536+0000] {processor.py:840} INFO - DAG(s) 'flight_pipeline' retrieved from /opt/airflow/dags/flight_pipeline.py
[2026-05-28T06:56:16.565+0000] {logging_mixin.py:188} INFO - [2026-05-28T06:56:16.565+0000] {dag.py:3096} INFO - Sync 1 DAGs
[2026-05-28T06:56:16.586+0000] {logging_mixin.py:188} INFO - [2026-05-28T06:56:16.585+0000] {dag.py:3954} INFO - Setting next_dagrun for flight_pipeline to 2026-05-28 06:00:00+00:00, run_after=2026-05-28 07:00:00+00:00
[2026-05-28T06:56:16.602+0000] {processor.py:183} INFO - Processing /opt/airflow/dags/flight_pipeline.py took 0.095 seconds
[2026-05-28T06:56:48.010+0000] {processor.py:161} INFO - Started process (PID=5447) to work on /opt/airflow/dags/flight_pipeline.py
[2026-05-28T06:56:48.011+0000] {processor.py:830} INFO - Processing file /opt/airflow/dags/flight_pipeline.py for tasks to queue
[2026-05-28T06:56:48.013+0000] {logging_mixin.py:188} INFO - [2026-05-28T06:56:48.012+0000] {dagbag.py:540} INFO - Filling up the DagBag from /opt/airflow/dags/flight_pipeline.py
[2026-05-28T06:56:48.036+0000] {processor.py:840} INFO - DAG(s) 'flight_pipeline' retrieved from /opt/airflow/dags/flight_pipeline.py
[2026-05-28T06:56:48.069+0000] {logging_mixin.py:188} INFO - [2026-05-28T06:56:48.068+0000] {dag.py:3096} INFO - Sync 1 DAGs
[2026-05-28T06:56:48.101+0000] {logging_mixin.py:188} INFO - [2026-05-28T06:56:48.101+0000] {dag.py:3954} INFO - Setting next_dagrun for flight_pipeline to 2026-05-28 06:00:00+00:00, run_after=2026-05-28 07:00:00+00:00
[2026-05-28T06:56:48.124+0000] {processor.py:183} INFO - Processing /opt/airflow/dags/flight_pipeline.py took 0.121 seconds
[2026-05-28T06:57:18.399+0000] {processor.py:161} INFO - Started process (PID=5452) to work on /opt/airflow/dags/flight_pipeline.py
[2026-05-28T06:57:18.400+0000] {processor.py:830} INFO - Processing file /opt/airflow/dags/flight_pipeline.py for tasks to queue
[2026-05-28T06:57:18.402+0000] {logging_mixin.py:188} INFO - [2026-05-28T06:57:18.401+0000] {dagbag.py:540} INFO - Filling up the DagBag from /opt/airflow/dags/flight_pipeline.py
[2026-05-28T06:57:18.420+0000] {processor.py:840} INFO - DAG(s) 'flight_pipeline' retrieved from /opt/airflow/dags/flight_pipeline.py
[2026-05-28T06:57:18.452+0000] {logging_mixin.py:188} INFO - [2026-05-28T06:57:18.452+0000] {dag.py:3096} INFO - Sync 1 DAGs
[2026-05-28T06:57:18.635+0000] {logging_mixin.py:188} INFO - [2026-05-28T06:57:18.635+0000] {dag.py:3954} INFO - Setting next_dagrun for flight_pipeline to 2026-05-28 06:00:00+00:00, run_after=2026-05-28 07:00:00+00:00
[2026-05-28T06:57:18.653+0000] {processor.py:183} INFO - Processing /opt/airflow/dags/flight_pipeline.py took 0.260 seconds
[2026-05-28T06:57:49.894+0000] {processor.py:161} INFO - Started process (PID=5457) to work on /opt/airflow/dags/flight_pipeline.py
[2026-05-28T06:57:49.895+0000] {processor.py:830} INFO - Processing file /opt/airflow/dags/flight_pipeline.py for tasks to queue
[2026-05-28T06:57:49.896+0000] {logging_mixin.py:188} INFO - [2026-05-28T06:57:49.896+0000] {dagbag.py:540} INFO - Filling up the DagBag from /opt/airflow/dags/flight_pipeline.py
[2026-05-28T06:57:49.914+0000] {processor.py:840} INFO - DAG(s) 'flight_pipeline' retrieved from /opt/airflow/dags/flight_pipeline.py
[2026-05-28T06:57:49.943+0000] {logging_mixin.py:188} INFO - [2026-05-28T06:57:49.943+0000] {dag.py:3096} INFO - Sync 1 DAGs
[2026-05-28T06:57:50.106+0000] {logging_mixin.py:188} INFO - [2026-05-28T06:57:50.105+0000] {dag.py:3954} INFO - Setting next_dagrun for flight_pipeline to 2026-05-28 06:00:00+00:00, run_after=2026-05-28 07:00:00+00:00
[2026-05-28T06:57:50.122+0000] {processor.py:183} INFO - Processing /opt/airflow/dags/flight_pipeline.py took 0.233 seconds
[2026-05-28T06:58:21.439+0000] {processor.py:161} INFO - Started process (PID=5462) to work on /opt/airflow/dags/flight_pipeline.py
[2026-05-28T06:58:21.440+0000] {processor.py:830} INFO - Processing file /opt/airflow/dags/flight_pipeline.py for tasks to queue
[2026-05-28T06:58:21.441+0000] {logging_mixin.py:188} INFO - [2026-05-28T06:58:21.441+0000] {dagbag.py:540} INFO - Filling up the DagBag from /opt/airflow/dags/flight_pipeline.py
[2026-05-28T06:58:21.457+0000] {processor.py:840} INFO - DAG(s) 'flight_pipeline' retrieved from /opt/airflow/dags/flight_pipeline.py
[2026-05-28T06:58:21.600+0000] {logging_mixin.py:188} INFO - [2026-05-28T06:58:21.600+0000] {dag.py:3096} INFO - Sync 1 DAGs
[2026-05-28T06:58:21.616+0000] {logging_mixin.py:188} INFO - [2026-05-28T06:58:21.615+0000] {dag.py:3954} INFO - Setting next_dagrun for flight_pipeline to 2026-05-28 06:00:00+00:00, run_after=2026-05-28 07:00:00+00:00
[2026-05-28T06:58:21.629+0000] {processor.py:183} INFO - Processing /opt/airflow/dags/flight_pipeline.py took 0.195 seconds
[2026-05-28T06:58:52.922+0000] {processor.py:161} INFO - Started process (PID=5467) to work on /opt/airflow/dags/flight_pipeline.py
[2026-05-28T06:58:52.923+0000] {processor.py:830} INFO - Processing file /opt/airflow/dags/flight_pipeline.py for tasks to queue
[2026-05-28T06:58:52.925+0000] {logging_mixin.py:188} INFO - [2026-05-28T06:58:52.925+0000] {dagbag.py:540} INFO - Filling up the DagBag from /opt/airflow/dags/flight_pipeline.py
[2026-05-28T06:58:52.947+0000] {processor.py:840} INFO - DAG(s) 'flight_pipeline' retrieved from /opt/airflow/dags/flight_pipeline.py
[2026-05-28T06:58:52.978+0000] {logging_mixin.py:188} INFO - [2026-05-28T06:58:52.978+0000] {dag.py:3096} INFO - Sync 1 DAGs
[2026-05-28T06:58:53.003+0000] {logging_mixin.py:188} INFO - [2026-05-28T06:58:53.003+0000] {dag.py:3954} INFO - Setting next_dagrun for flight_pipeline to 2026-05-28 06:00:00+00:00, run_after=2026-05-28 07:00:00+00:00
[2026-05-28T06:58:53.027+0000] {processor.py:183} INFO - Processing /opt/airflow/dags/flight_pipeline.py took 0.111 seconds
[2026-05-28T06:59:23.402+0000] {processor.py:161} INFO - Started process (PID=5472) to work on /opt/airflow/dags/flight_pipeline.py
[2026-05-28T06:59:23.403+0000] {processor.py:830} INFO - Processing file /opt/airflow/dags/flight_pipeline.py for tasks to queue
[2026-05-28T06:59:23.405+0000] {logging_mixin.py:188} INFO - [2026-05-28T06:59:23.405+0000] {dagbag.py:540} INFO - Filling up the DagBag from /opt/airflow/dags/flight_pipeline.py
[2026-05-28T06:59:23.437+0000] {processor.py:840} INFO - DAG(s) 'flight_pipeline' retrieved from /opt/airflow/dags/flight_pipeline.py
[2026-05-28T06:59:23.470+0000] {logging_mixin.py:188} INFO - [2026-05-28T06:59:23.470+0000] {dag.py:3096} INFO - Sync 1 DAGs
[2026-05-28T06:59:23.500+0000] {logging_mixin.py:188} INFO - [2026-05-28T06:59:23.499+0000] {dag.py:3954} INFO - Setting next_dagrun for flight_pipeline to 2026-05-28 06:00:00+00:00, run_after=2026-05-28 07:00:00+00:00
[2026-05-28T06:59:23.529+0000] {processor.py:183} INFO - Processing /opt/airflow/dags/flight_pipeline.py took 0.135 seconds
[2026-05-28T06:59:54.847+0000] {processor.py:161} INFO - Started process (PID=5477) to work on /opt/airflow/dags/flight_pipeline.py
[2026-05-28T06:59:54.849+0000] {processor.py:830} INFO - Processing file /opt/airflow/dags/flight_pipeline.py for tasks to queue
[2026-05-28T06:59:54.851+0000] {logging_mixin.py:188} INFO - [2026-05-28T06:59:54.851+0000] {dagbag.py:540} INFO - Filling up the DagBag from /opt/airflow/dags/flight_pipeline.py
[2026-05-28T06:59:54.872+0000] {processor.py:840} INFO - DAG(s) 'flight_pipeline' retrieved from /opt/airflow/dags/flight_pipeline.py
[2026-05-28T06:59:54.903+0000] {logging_mixin.py:188} INFO - [2026-05-28T06:59:54.902+0000] {dag.py:3096} INFO - Sync 1 DAGs
[2026-05-28T06:59:54.926+0000] {logging_mixin.py:188} INFO - [2026-05-28T06:59:54.926+0000] {dag.py:3954} INFO - Setting next_dagrun for flight_pipeline to 2026-05-28 06:00:00+00:00, run_after=2026-05-28 07:00:00+00:00
[2026-05-28T06:59:54.945+0000] {processor.py:183} INFO - Processing /opt/airflow/dags/flight_pipeline.py took 0.108 seconds
[2026-05-28T07:00:26.253+0000] {processor.py:161} INFO - Started process (PID=5516) to work on /opt/airflow/dags/flight_pipeline.py
[2026-05-28T07:00:26.255+0000] {processor.py:830} INFO - Processing file /opt/airflow/dags/flight_pipeline.py for tasks to queue
[2026-05-28T07:00:26.256+0000] {logging_mixin.py:188} INFO - [2026-05-28T07:00:26.256+0000] {dagbag.py:540} INFO - Filling up the DagBag from /opt/airflow/dags/flight_pipeline.py
[2026-05-28T07:00:26.274+0000] {processor.py:840} INFO - DAG(s) 'flight_pipeline' retrieved from /opt/airflow/dags/flight_pipeline.py
[2026-05-28T07:00:26.302+0000] {logging_mixin.py:188} INFO - [2026-05-28T07:00:26.302+0000] {dag.py:3096} INFO - Sync 1 DAGs
[2026-05-28T07:00:26.471+0000] {logging_mixin.py:188} INFO - [2026-05-28T07:00:26.471+0000] {dag.py:3954} INFO - Setting next_dagrun for flight_pipeline to 2026-05-28 07:00:00+00:00, run_after=2026-05-28 08:00:00+00:00
[2026-05-28T07:00:26.488+0000] {processor.py:183} INFO - Processing /opt/airflow/dags/flight_pipeline.py took 0.242 seconds
[2026-05-28T07:00:57.841+0000] {processor.py:161} INFO - Started process (PID=5521) to work on /opt/airflow/dags/flight_pipeline.py
[2026-05-28T07:00:57.842+0000] {processor.py:830} INFO - Processing file /opt/airflow/dags/flight_pipeline.py for tasks to queue
[2026-05-28T07:00:57.844+0000] {logging_mixin.py:188} INFO - [2026-05-28T07:00:57.844+0000] {dagbag.py:540} INFO - Filling up the DagBag from /opt/airflow/dags/flight_pipeline.py
[2026-05-28T07:00:57.866+0000] {processor.py:840} INFO - DAG(s) 'flight_pipeline' retrieved from /opt/airflow/dags/flight_pipeline.py
[2026-05-28T07:00:57.902+0000] {logging_mixin.py:188} INFO - [2026-05-28T07:00:57.902+0000] {dag.py:3096} INFO - Sync 1 DAGs
[2026-05-28T07:00:58.091+0000] {logging_mixin.py:188} INFO - [2026-05-28T07:00:58.091+0000] {dag.py:3954} INFO - Setting next_dagrun for flight_pipeline to 2026-05-28 07:00:00+00:00, run_after=2026-05-28 08:00:00+00:00
[2026-05-28T07:00:58.107+0000] {processor.py:183} INFO - Processing /opt/airflow/dags/flight_pipeline.py took 0.274 seconds
[2026-05-28T07:01:28.426+0000] {processor.py:161} INFO - Started process (PID=5526) to work on /opt/airflow/dags/flight_pipeline.py
[2026-05-28T07:01:28.427+0000] {processor.py:830} INFO - Processing file /opt/airflow/dags/flight_pipeline.py for tasks to queue
[2026-05-28T07:01:28.430+0000] {logging_mixin.py:188} INFO - [2026-05-28T07:01:28.429+0000] {dagbag.py:540} INFO - Filling up the DagBag from /opt/airflow/dags/flight_pipeline.py
[2026-05-28T07:01:28.456+0000] {processor.py:840} INFO - DAG(s) 'flight_pipeline' retrieved from /opt/airflow/dags/flight_pipeline.py
[2026-05-28T07:01:28.717+0000] {logging_mixin.py:188} INFO - [2026-05-28T07:01:28.717+0000] {dag.py:3096} INFO - Sync 1 DAGs
[2026-05-28T07:01:28.739+0000] {logging_mixin.py:188} INFO - [2026-05-28T07:01:28.739+0000] {dag.py:3954} INFO - Setting next_dagrun for flight_pipeline to 2026-05-28 07:00:00+00:00, run_after=2026-05-28 08:00:00+00:00
[2026-05-28T07:01:28.760+0000] {processor.py:183} INFO - Processing /opt/airflow/dags/flight_pipeline.py took 0.344 seconds
[2026-05-28T07:01:59.970+0000] {processor.py:161} INFO - Started process (PID=5531) to work on /opt/airflow/dags/flight_pipeline.py
[2026-05-28T07:01:59.971+0000] {processor.py:830} INFO - Processing file /opt/airflow/dags/flight_pipeline.py for tasks to queue
[2026-05-28T07:01:59.974+0000] {logging_mixin.py:188} INFO - [2026-05-28T07:01:59.973+0000] {dagbag.py:540} INFO - Filling up the DagBag from /opt/airflow/dags/flight_pipeline.py
[2026-05-28T07:01:59.995+0000] {processor.py:840} INFO - DAG(s) 'flight_pipeline' retrieved from /opt/airflow/dags/flight_pipeline.py
[2026-05-28T07:02:00.029+0000] {logging_mixin.py:188} INFO - [2026-05-28T07:02:00.029+0000] {dag.py:3096} INFO - Sync 1 DAGs
[2026-05-28T07:02:00.054+0000] {logging_mixin.py:188} INFO - [2026-05-28T07:02:00.053+0000] {dag.py:3954} INFO - Setting next_dagrun for flight_pipeline to 2026-05-28 07:00:00+00:00, run_after=2026-05-28 08:00:00+00:00
[2026-05-28T07:02:00.078+0000] {processor.py:183} INFO - Processing /opt/airflow/dags/flight_pipeline.py took 0.114 seconds
[2026-05-28T07:02:31.409+0000] {processor.py:161} INFO - Started process (PID=5536) to work on /opt/airflow/dags/flight_pipeline.py
[2026-05-28T07:02:31.410+0000] {processor.py:830} INFO - Processing file /opt/airflow/dags/flight_pipeline.py for tasks to queue
[2026-05-28T07:02:31.413+0000] {logging_mixin.py:188} INFO - [2026-05-28T07:02:31.412+0000] {dagbag.py:540} INFO - Filling up the DagBag from /opt/airflow/dags/flight_pipeline.py
[2026-05-28T07:02:31.433+0000] {processor.py:840} INFO - DAG(s) 'flight_pipeline' retrieved from /opt/airflow/dags/flight_pipeline.py
[2026-05-28T07:02:31.477+0000] {logging_mixin.py:188} INFO - [2026-05-28T07:02:31.476+0000] {dag.py:3096} INFO - Sync 1 DAGs
[2026-05-28T07:02:31.503+0000] {logging_mixin.py:188} INFO - [2026-05-28T07:02:31.503+0000] {dag.py:3954} INFO - Setting next_dagrun for flight_pipeline to 2026-05-28 07:00:00+00:00, run_after=2026-05-28 08:00:00+00:00
[2026-05-28T07:02:31.537+0000] {processor.py:183} INFO - Processing /opt/airflow/dags/flight_pipeline.py took 0.134 seconds
[2026-05-28T07:03:02.927+0000] {processor.py:161} INFO - Started process (PID=5541) to work on /opt/airflow/dags/flight_pipeline.py
[2026-05-28T07:03:02.928+0000] {processor.py:830} INFO - Processing file /opt/airflow/dags/flight_pipeline.py for tasks to queue
[2026-05-28T07:03:02.929+0000] {logging_mixin.py:188} INFO - [2026-05-28T07:03:02.929+0000] {dagbag.py:540} INFO - Filling up the DagBag from /opt/airflow/dags/flight_pipeline.py
[2026-05-28T07:03:02.946+0000] {processor.py:840} INFO - DAG(s) 'flight_pipeline' retrieved from /opt/airflow/dags/flight_pipeline.py
[2026-05-28T07:03:02.970+0000] {logging_mixin.py:188} INFO - [2026-05-28T07:03:02.970+0000] {dag.py:3096} INFO - Sync 1 DAGs
[2026-05-28T07:03:02.988+0000] {logging_mixin.py:188} INFO - [2026-05-28T07:03:02.988+0000] {dag.py:3954} INFO - Setting next_dagrun for flight_pipeline to 2026-05-28 07:00:00+00:00, run_after=2026-05-28 08:00:00+00:00
[2026-05-28T07:03:03.006+0000] {processor.py:183} INFO - Processing /opt/airflow/dags/flight_pipeline.py took 0.085 seconds
[2026-05-28T07:03:34.369+0000] {processor.py:161} INFO - Started process (PID=5546) to work on /opt/airflow/dags/flight_pipeline.py
[2026-05-28T07:03:34.371+0000] {processor.py:830} INFO - Processing file /opt/airflow/dags/flight_pipeline.py for tasks to queue
[2026-05-28T07:03:34.372+0000] {logging_mixin.py:188} INFO - [2026-05-28T07:03:34.372+0000] {dagbag.py:540} INFO - Filling up the DagBag from /opt/airflow/dags/flight_pipeline.py
[2026-05-28T07:03:34.394+0000] {processor.py:840} INFO - DAG(s) 'flight_pipeline' retrieved from /opt/airflow/dags/flight_pipeline.py
[2026-05-28T07:03:34.419+0000] {logging_mixin.py:188} INFO - [2026-05-28T07:03:34.419+0000] {dag.py:3096} INFO - Sync 1 DAGs
[2026-05-28T07:03:34.589+0000] {logging_mixin.py:188} INFO - [2026-05-28T07:03:34.588+0000] {dag.py:3954} INFO - Setting next_dagrun for flight_pipeline to 2026-05-28 07:00:00+00:00, run_after=2026-05-28 08:00:00+00:00
[2026-05-28T07:03:34.610+0000] {processor.py:183} INFO - Processing /opt/airflow/dags/flight_pipeline.py took 0.246 seconds
[2026-05-28T07:04:04.878+0000] {processor.py:161} INFO - Started process (PID=5551) to work on /opt/airflow/dags/flight_pipeline.py
[2026-05-28T07:04:04.880+0000] {processor.py:830} INFO - Processing file /opt/airflow/dags/flight_pipeline.py for tasks to queue
[2026-05-28T07:04:04.884+0000] {logging_mixin.py:188} INFO - [2026-05-28T07:04:04.884+0000] {dagbag.py:540} INFO - Filling up the DagBag from /opt/airflow/dags/flight_pipeline.py
[2026-05-28T07:04:04.902+0000] {processor.py:840} INFO - DAG(s) 'flight_pipeline' retrieved from /opt/airflow/dags/flight_pipeline.py
[2026-05-28T07:04:04.932+0000] {logging_mixin.py:188} INFO - [2026-05-28T07:04:04.932+0000] {dag.py:3096} INFO - Sync 1 DAGs
[2026-05-28T07:04:05.107+0000] {logging_mixin.py:188} INFO - [2026-05-28T07:04:05.107+0000] {dag.py:3954} INFO - Setting next_dagrun for flight_pipeline to 2026-05-28 07:00:00+00:00, run_after=2026-05-28 08:00:00+00:00
[2026-05-28T07:04:05.126+0000] {processor.py:183} INFO - Processing /opt/airflow/dags/flight_pipeline.py took 0.253 seconds
[2026-05-28T07:04:36.519+0000] {processor.py:161} INFO - Started process (PID=5556) to work on /opt/airflow/dags/flight_pipeline.py
[2026-05-28T07:04:36.521+0000] {processor.py:830} INFO - Processing file /opt/airflow/dags/flight_pipeline.py for tasks to queue
[2026-05-28T07:04:36.524+0000] {logging_mixin.py:188} INFO - [2026-05-28T07:04:36.524+0000] {dagbag.py:540} INFO - Filling up the DagBag from /opt/airflow/dags/flight_pipeline.py
[2026-05-28T07:04:36.542+0000] {processor.py:840} INFO - DAG(s) 'flight_pipeline' retrieved from /opt/airflow/dags/flight_pipeline.py
[2026-05-28T07:04:36.720+0000] {logging_mixin.py:188} INFO - [2026-05-28T07:04:36.720+0000] {dag.py:3096} INFO - Sync 1 DAGs
[2026-05-28T07:04:36.739+0000] {logging_mixin.py:188} INFO - [2026-05-28T07:04:36.739+0000] {dag.py:3954} INFO - Setting next_dagrun for flight_pipeline to 2026-05-28 07:00:00+00:00, run_after=2026-05-28 08:00:00+00:00
[2026-05-28T07:04:36.756+0000] {processor.py:183} INFO - Processing /opt/airflow/dags/flight_pipeline.py took 0.243 seconds
[2026-05-28T07:05:08.037+0000] {processor.py:161} INFO - Started process (PID=5561) to work on /opt/airflow/dags/flight_pipeline.py
[2026-05-28T07:05:08.038+0000] {processor.py:830} INFO - Processing file /opt/airflow/dags/flight_pipeline.py for tasks to queue
[2026-05-28T07:05:08.041+0000] {logging_mixin.py:188} INFO - [2026-05-28T07:05:08.041+0000] {dagbag.py:540} INFO - Filling up the DagBag from /opt/airflow/dags/flight_pipeline.py
[2026-05-28T07:05:08.062+0000] {processor.py:840} INFO - DAG(s) 'flight_pipeline' retrieved from /opt/airflow/dags/flight_pipeline.py
[2026-05-28T07:05:08.092+0000] {logging_mixin.py:188} INFO - [2026-05-28T07:05:08.091+0000] {dag.py:3096} INFO - Sync 1 DAGs
[2026-05-28T07:05:08.115+0000] {logging_mixin.py:188} INFO - [2026-05-28T07:05:08.114+0000] {dag.py:3954} INFO - Setting next_dagrun for flight_pipeline to 2026-05-28 07:00:00+00:00, run_after=2026-05-28 08:00:00+00:00
[2026-05-28T07:05:08.139+0000] {processor.py:183} INFO - Processing /opt/airflow/dags/flight_pipeline.py took 0.108 seconds
[2026-05-28T07:05:38.594+0000] {processor.py:161} INFO - Started process (PID=5566) to work on /opt/airflow/dags/flight_pipeline.py
[2026-05-28T07:05:38.597+0000] {processor.py:830} INFO - Processing file /opt/airflow/dags/flight_pipeline.py for tasks to queue
[2026-05-28T07:05:38.603+0000] {logging_mixin.py:188} INFO - [2026-05-28T07:05:38.602+0000] {dagbag.py:540} INFO - Filling up the DagBag from /opt/airflow/dags/flight_pipeline.py
[2026-05-28T07:05:38.651+0000] {processor.py:840} INFO - DAG(s) 'flight_pipeline' retrieved from /opt/airflow/dags/flight_pipeline.py
[2026-05-28T07:05:38.719+0000] {logging_mixin.py:188} INFO - [2026-05-28T07:05:38.719+0000] {dag.py:3096} INFO - Sync 1 DAGs
[2026-05-28T07:05:38.769+0000] {logging_mixin.py:188} INFO - [2026-05-28T07:05:38.768+0000] {dag.py:3954} INFO - Setting next_dagrun for flight_pipeline to 2026-05-28 07:00:00+00:00, run_after=2026-05-28 08:00:00+00:00
[2026-05-28T07:05:38.804+0000] {processor.py:183} INFO - Processing /opt/airflow/dags/flight_pipeline.py took 0.219 seconds
[2026-05-28T07:06:10.033+0000] {processor.py:161} INFO - Started process (PID=5571) to work on /opt/airflow/dags/flight_pipeline.py
[2026-05-28T07:06:10.034+0000] {processor.py:830} INFO - Processing file /opt/airflow/dags/flight_pipeline.py for tasks to queue
[2026-05-28T07:06:10.037+0000] {logging_mixin.py:188} INFO - [2026-05-28T07:06:10.036+0000] {dagbag.py:540} INFO - Filling up the DagBag from /opt/airflow/dags/flight_pipeline.py
[2026-05-28T07:06:10.056+0000] {processor.py:840} INFO - DAG(s) 'flight_pipeline' retrieved from /opt/airflow/dags/flight_pipeline.py
[2026-05-28T07:06:10.088+0000] {logging_mixin.py:188} INFO - [2026-05-28T07:06:10.088+0000] {dag.py:3096} INFO - Sync 1 DAGs
[2026-05-28T07:06:10.114+0000] {logging_mixin.py:188} INFO - [2026-05-28T07:06:10.113+0000] {dag.py:3954} INFO - Setting next_dagrun for flight_pipeline to 2026-05-28 07:00:00+00:00, run_after=2026-05-28 08:00:00+00:00
[2026-05-28T07:06:10.134+0000] {processor.py:183} INFO - Processing /opt/airflow/dags/flight_pipeline.py took 0.109 seconds
[2026-05-28T07:06:41.474+0000] {processor.py:161} INFO - Started process (PID=5576) to work on /opt/airflow/dags/flight_pipeline.py
[2026-05-28T07:06:41.475+0000] {processor.py:830} INFO - Processing file /opt/airflow/dags/flight_pipeline.py for tasks to queue
[2026-05-28T07:06:41.478+0000] {logging_mixin.py:188} INFO - [2026-05-28T07:06:41.477+0000] {dagbag.py:540} INFO - Filling up the DagBag from /opt/airflow/dags/flight_pipeline.py
[2026-05-28T07:06:41.497+0000] {processor.py:840} INFO - DAG(s) 'flight_pipeline' retrieved from /opt/airflow/dags/flight_pipeline.py
[2026-05-28T07:06:41.522+0000] {logging_mixin.py:188} INFO - [2026-05-28T07:06:41.521+0000] {dag.py:3096} INFO - Sync 1 DAGs
[2026-05-28T07:06:41.543+0000] {logging_mixin.py:188} INFO - [2026-05-28T07:06:41.543+0000] {dag.py:3954} INFO - Setting next_dagrun for flight_pipeline to 2026-05-28 07:00:00+00:00, run_after=2026-05-28 08:00:00+00:00
[2026-05-28T07:06:41.706+0000] {processor.py:183} INFO - Processing /opt/airflow/dags/flight_pipeline.py took 0.238 seconds
[2026-05-28T07:07:13.096+0000] {processor.py:161} INFO - Started process (PID=5581) to work on /opt/airflow/dags/flight_pipeline.py
[2026-05-28T07:07:13.098+0000] {processor.py:830} INFO - Processing file /opt/airflow/dags/flight_pipeline.py for tasks to queue
[2026-05-28T07:07:13.103+0000] {logging_mixin.py:188} INFO - [2026-05-28T07:07:13.102+0000] {dagbag.py:540} INFO - Filling up the DagBag from /opt/airflow/dags/flight_pipeline.py
[2026-05-28T07:07:13.130+0000] {processor.py:840} INFO - DAG(s) 'flight_pipeline' retrieved from /opt/airflow/dags/flight_pipeline.py
[2026-05-28T07:07:13.172+0000] {logging_mixin.py:188} INFO - [2026-05-28T07:07:13.171+0000] {dag.py:3096} INFO - Sync 1 DAGs
[2026-05-28T07:07:13.349+0000] {logging_mixin.py:188} INFO - [2026-05-28T07:07:13.349+0000] {dag.py:3954} INFO - Setting next_dagrun for flight_pipeline to 2026-05-28 07:00:00+00:00, run_after=2026-05-28 08:00:00+00:00
[2026-05-28T07:07:13.365+0000] {processor.py:183} INFO - Processing /opt/airflow/dags/flight_pipeline.py took 0.282 seconds
[2026-05-28T07:07:43.810+0000] {processor.py:161} INFO - Started process (PID=5586) to work on /opt/airflow/dags/flight_pipeline.py
[2026-05-28T07:07:43.811+0000] {processor.py:830} INFO - Processing file /opt/airflow/dags/flight_pipeline.py for tasks to queue
[2026-05-28T07:07:43.815+0000] {logging_mixin.py:188} INFO - [2026-05-28T07:07:43.815+0000] {dagbag.py:540} INFO - Filling up the DagBag from /opt/airflow/dags/flight_pipeline.py
[2026-05-28T07:07:43.834+0000] {processor.py:840} INFO - DAG(s) 'flight_pipeline' retrieved from /opt/airflow/dags/flight_pipeline.py
[2026-05-28T07:07:43.996+0000] {logging_mixin.py:188} INFO - [2026-05-28T07:07:43.996+0000] {dag.py:3096} INFO - Sync 1 DAGs
[2026-05-28T07:07:44.014+0000] {logging_mixin.py:188} INFO - [2026-05-28T07:07:44.014+0000] {dag.py:3954} INFO - Setting next_dagrun for flight_pipeline to 2026-05-28 07:00:00+00:00, run_after=2026-05-28 08:00:00+00:00
[2026-05-28T07:07:44.035+0000] {processor.py:183} INFO - Processing /opt/airflow/dags/flight_pipeline.py took 0.230 seconds
[2026-05-28T07:08:15.271+0000] {processor.py:161} INFO - Started process (PID=5591) to work on /opt/airflow/dags/flight_pipeline.py
[2026-05-28T07:08:15.273+0000] {processor.py:830} INFO - Processing file /opt/airflow/dags/flight_pipeline.py for tasks to queue
[2026-05-28T07:08:15.278+0000] {logging_mixin.py:188} INFO - [2026-05-28T07:08:15.277+0000] {dagbag.py:540} INFO - Filling up the DagBag from /opt/airflow/dags/flight_pipeline.py
[2026-05-28T07:08:15.296+0000] {processor.py:840} INFO - DAG(s) 'flight_pipeline' retrieved from /opt/airflow/dags/flight_pipeline.py
[2026-05-28T07:08:15.331+0000] {logging_mixin.py:188} INFO - [2026-05-28T07:08:15.330+0000] {dag.py:3096} INFO - Sync 1 DAGs
[2026-05-28T07:08:15.356+0000] {logging_mixin.py:188} INFO - [2026-05-28T07:08:15.356+0000] {dag.py:3954} INFO - Setting next_dagrun for flight_pipeline to 2026-05-28 07:00:00+00:00, run_after=2026-05-28 08:00:00+00:00
[2026-05-28T07:08:15.377+0000] {processor.py:183} INFO - Processing /opt/airflow/dags/flight_pipeline.py took 0.112 seconds
[2026-05-28T07:08:46.669+0000] {processor.py:161} INFO - Started process (PID=5596) to work on /opt/airflow/dags/flight_pipeline.py
[2026-05-28T07:08:46.670+0000] {processor.py:830} INFO - Processing file /opt/airflow/dags/flight_pipeline.py for tasks to queue
[2026-05-28T07:08:46.672+0000] {logging_mixin.py:188} INFO - [2026-05-28T07:08:46.672+0000] {dagbag.py:540} INFO - Filling up the DagBag from /opt/airflow/dags/flight_pipeline.py
[2026-05-28T07:08:46.695+0000] {processor.py:840} INFO - DAG(s) 'flight_pipeline' retrieved from /opt/airflow/dags/flight_pipeline.py
[2026-05-28T07:08:46.726+0000] {logging_mixin.py:188} INFO - [2026-05-28T07:08:46.726+0000] {dag.py:3096} INFO - Sync 1 DAGs
[2026-05-28T07:08:46.750+0000] {logging_mixin.py:188} INFO - [2026-05-28T07:08:46.750+0000] {dag.py:3954} INFO - Setting next_dagrun for flight_pipeline to 2026-05-28 07:00:00+00:00, run_after=2026-05-28 08:00:00+00:00
[2026-05-28T07:08:46.769+0000] {processor.py:183} INFO - Processing /opt/airflow/dags/flight_pipeline.py took 0.108 seconds
[2026-05-28T07:09:18.212+0000] {processor.py:161} INFO - Started process (PID=5601) to work on /opt/airflow/dags/flight_pipeline.py
[2026-05-28T07:09:18.214+0000] {processor.py:830} INFO - Processing file /opt/airflow/dags/flight_pipeline.py for tasks to queue
[2026-05-28T07:09:18.218+0000] {logging_mixin.py:188} INFO - [2026-05-28T07:09:18.218+0000] {dagbag.py:540} INFO - Filling up the DagBag from /opt/airflow/dags/flight_pipeline.py
[2026-05-28T07:09:18.240+0000] {processor.py:840} INFO - DAG(s) 'flight_pipeline' retrieved from /opt/airflow/dags/flight_pipeline.py
[2026-05-28T07:09:18.268+0000] {logging_mixin.py:188} INFO - [2026-05-28T07:09:18.268+0000] {dag.py:3096} INFO - Sync 1 DAGs
[2026-05-28T07:09:18.293+0000] {logging_mixin.py:188} INFO - [2026-05-28T07:09:18.293+0000] {dag.py:3954} INFO - Setting next_dagrun for flight_pipeline to 2026-05-28 07:00:00+00:00, run_after=2026-05-28 08:00:00+00:00
[2026-05-28T07:09:18.314+0000] {processor.py:183} INFO - Processing /opt/airflow/dags/flight_pipeline.py took 0.109 seconds
[2026-05-28T07:09:49.697+0000] {processor.py:161} INFO - Started process (PID=5606) to work on /opt/airflow/dags/flight_pipeline.py
[2026-05-28T07:09:49.698+0000] {processor.py:830} INFO - Processing file /opt/airflow/dags/flight_pipeline.py for tasks to queue
[2026-05-28T07:09:49.701+0000] {logging_mixin.py:188} INFO - [2026-05-28T07:09:49.700+0000] {dagbag.py:540} INFO - Filling up the DagBag from /opt/airflow/dags/flight_pipeline.py
[2026-05-28T07:09:49.719+0000] {processor.py:840} INFO - DAG(s) 'flight_pipeline' retrieved from /opt/airflow/dags/flight_pipeline.py
[2026-05-28T07:09:49.747+0000] {logging_mixin.py:188} INFO - [2026-05-28T07:09:49.747+0000] {dag.py:3096} INFO - Sync 1 DAGs
[2026-05-28T07:09:49.767+0000] {logging_mixin.py:188} INFO - [2026-05-28T07:09:49.767+0000] {dag.py:3954} INFO - Setting next_dagrun for flight_pipeline to 2026-05-28 07:00:00+00:00, run_after=2026-05-28 08:00:00+00:00
[2026-05-28T07:09:49.930+0000] {processor.py:183} INFO - Processing /opt/airflow/dags/flight_pipeline.py took 0.238 seconds
[2026-05-28T07:10:20.291+0000] {processor.py:161} INFO - Started process (PID=5611) to work on /opt/airflow/dags/flight_pipeline.py
[2026-05-28T07:10:20.292+0000] {processor.py:830} INFO - Processing file /opt/airflow/dags/flight_pipeline.py for tasks to queue
[2026-05-28T07:10:20.294+0000] {logging_mixin.py:188} INFO - [2026-05-28T07:10:20.293+0000] {dagbag.py:540} INFO - Filling up the DagBag from /opt/airflow/dags/flight_pipeline.py
[2026-05-28T07:10:20.317+0000] {processor.py:840} INFO - DAG(s) 'flight_pipeline' retrieved from /opt/airflow/dags/flight_pipeline.py
[2026-05-28T07:10:20.347+0000] {logging_mixin.py:188} INFO - [2026-05-28T07:10:20.346+0000] {dag.py:3096} INFO - Sync 1 DAGs
[2026-05-28T07:10:20.519+0000] {logging_mixin.py:188} INFO - [2026-05-28T07:10:20.519+0000] {dag.py:3954} INFO - Setting next_dagrun for flight_pipeline to 2026-05-28 07:00:00+00:00, run_after=2026-05-28 08:00:00+00:00
[2026-05-28T07:10:20.543+0000] {processor.py:183} INFO - Processing /opt/airflow/dags/flight_pipeline.py took 0.258 seconds
[2026-05-28T07:10:51.854+0000] {processor.py:161} INFO - Started process (PID=5616) to work on /opt/airflow/dags/flight_pipeline.py
[2026-05-28T07:10:51.855+0000] {processor.py:830} INFO - Processing file /opt/airflow/dags/flight_pipeline.py for tasks to queue
[2026-05-28T07:10:51.858+0000] {logging_mixin.py:188} INFO - [2026-05-28T07:10:51.857+0000] {dagbag.py:540} INFO - Filling up the DagBag from /opt/airflow/dags/flight_pipeline.py
[2026-05-28T07:10:51.884+0000] {processor.py:840} INFO - DAG(s) 'flight_pipeline' retrieved from /opt/airflow/dags/flight_pipeline.py
[2026-05-28T07:10:52.132+0000] {logging_mixin.py:188} INFO - [2026-05-28T07:10:52.132+0000] {dag.py:3096} INFO - Sync 1 DAGs
[2026-05-28T07:10:52.154+0000] {logging_mixin.py:188} INFO - [2026-05-28T07:10:52.154+0000] {dag.py:3954} INFO - Setting next_dagrun for flight_pipeline to 2026-05-28 07:00:00+00:00, run_after=2026-05-28 08:00:00+00:00
[2026-05-28T07:10:52.176+0000] {processor.py:183} INFO - Processing /opt/airflow/dags/flight_pipeline.py took 0.332 seconds
[2026-05-28T07:11:23.431+0000] {processor.py:161} INFO - Started process (PID=5621) to work on /opt/airflow/dags/flight_pipeline.py
[2026-05-28T07:11:23.433+0000] {processor.py:830} INFO - Processing file /opt/airflow/dags/flight_pipeline.py for tasks to queue
[2026-05-28T07:11:23.435+0000] {logging_mixin.py:188} INFO - [2026-05-28T07:11:23.435+0000] {dagbag.py:540} INFO - Filling up the DagBag from /opt/airflow/dags/flight_pipeline.py
[2026-05-28T07:11:23.457+0000] {processor.py:840} INFO - DAG(s) 'flight_pipeline' retrieved from /opt/airflow/dags/flight_pipeline.py
[2026-05-28T07:11:23.704+0000] {logging_mixin.py:188} INFO - [2026-05-28T07:11:23.704+0000] {dag.py:3096} INFO - Sync 1 DAGs
[2026-05-28T07:11:23.724+0000] {logging_mixin.py:188} INFO - [2026-05-28T07:11:23.723+0000] {dag.py:3954} INFO - Setting next_dagrun for flight_pipeline to 2026-05-28 07:00:00+00:00, run_after=2026-05-28 08:00:00+00:00
[2026-05-28T07:11:23.742+0000] {processor.py:183} INFO - Processing /opt/airflow/dags/flight_pipeline.py took 0.320 seconds
[2026-05-28T07:11:54.102+0000] {processor.py:161} INFO - Started process (PID=5626) to work on /opt/airflow/dags/flight_pipeline.py
[2026-05-28T07:11:54.103+0000] {processor.py:830} INFO - Processing file /opt/airflow/dags/flight_pipeline.py for tasks to queue
[2026-05-28T07:11:54.105+0000] {logging_mixin.py:188} INFO - [2026-05-28T07:11:54.105+0000] {dagbag.py:540} INFO - Filling up the DagBag from /opt/airflow/dags/flight_pipeline.py
[2026-05-28T07:11:54.128+0000] {processor.py:840} INFO - DAG(s) 'flight_pipeline' retrieved from /opt/airflow/dags/flight_pipeline.py
[2026-05-28T07:11:54.166+0000] {logging_mixin.py:188} INFO - [2026-05-28T07:11:54.166+0000] {dag.py:3096} INFO - Sync 1 DAGs
[2026-05-28T07:11:54.204+0000] {logging_mixin.py:188} INFO - [2026-05-28T07:11:54.203+0000] {dag.py:3954} INFO - Setting next_dagrun for flight_pipeline to 2026-05-28 07:00:00+00:00, run_after=2026-05-28 08:00:00+00:00
[2026-05-28T07:11:54.225+0000] {processor.py:183} INFO - Processing /opt/airflow/dags/flight_pipeline.py took 0.131 seconds
[2026-05-28T07:12:25.560+0000] {processor.py:161} INFO - Started process (PID=5631) to work on /opt/airflow/dags/flight_pipeline.py
[2026-05-28T07:12:25.562+0000] {processor.py:830} INFO - Processing file /opt/airflow/dags/flight_pipeline.py for tasks to queue
[2026-05-28T07:12:25.564+0000] {logging_mixin.py:188} INFO - [2026-05-28T07:12:25.563+0000] {dagbag.py:540} INFO - Filling up the DagBag from /opt/airflow/dags/flight_pipeline.py
[2026-05-28T07:12:25.585+0000] {processor.py:840} INFO - DAG(s) 'flight_pipeline' retrieved from /opt/airflow/dags/flight_pipeline.py
[2026-05-28T07:12:25.616+0000] {logging_mixin.py:188} INFO - [2026-05-28T07:12:25.616+0000] {dag.py:3096} INFO - Sync 1 DAGs
[2026-05-28T07:12:25.647+0000] {logging_mixin.py:188} INFO - [2026-05-28T07:12:25.647+0000] {dag.py:3954} INFO - Setting next_dagrun for flight_pipeline to 2026-05-28 07:00:00+00:00, run_after=2026-05-28 08:00:00+00:00
[2026-05-28T07:12:25.669+0000] {processor.py:183} INFO - Processing /opt/airflow/dags/flight_pipeline.py took 0.116 seconds
[2026-05-28T07:12:57.144+0000] {processor.py:161} INFO - Started process (PID=5636) to work on /opt/airflow/dags/flight_pipeline.py
[2026-05-28T07:12:57.145+0000] {processor.py:830} INFO - Processing file /opt/airflow/dags/flight_pipeline.py for tasks to queue
[2026-05-28T07:12:57.146+0000] {logging_mixin.py:188} INFO - [2026-05-28T07:12:57.146+0000] {dagbag.py:540} INFO - Filling up the DagBag from /opt/airflow/dags/flight_pipeline.py
[2026-05-28T07:12:57.165+0000] {processor.py:840} INFO - DAG(s) 'flight_pipeline' retrieved from /opt/airflow/dags/flight_pipeline.py
[2026-05-28T07:12:57.191+0000] {logging_mixin.py:188} INFO - [2026-05-28T07:12:57.191+0000] {dag.py:3096} INFO - Sync 1 DAGs
[2026-05-28T07:12:57.212+0000] {logging_mixin.py:188} INFO - [2026-05-28T07:12:57.212+0000] {dag.py:3954} INFO - Setting next_dagrun for flight_pipeline to 2026-05-28 07:00:00+00:00, run_after=2026-05-28 08:00:00+00:00
[2026-05-28T07:12:57.364+0000] {processor.py:183} INFO - Processing /opt/airflow/dags/flight_pipeline.py took 0.226 seconds
[2026-05-28T07:13:28.664+0000] {processor.py:161} INFO - Started process (PID=5641) to work on /opt/airflow/dags/flight_pipeline.py
[2026-05-28T07:13:28.665+0000] {processor.py:830} INFO - Processing file /opt/airflow/dags/flight_pipeline.py for tasks to queue
[2026-05-28T07:13:28.667+0000] {logging_mixin.py:188} INFO - [2026-05-28T07:13:28.666+0000] {dagbag.py:540} INFO - Filling up the DagBag from /opt/airflow/dags/flight_pipeline.py
[2026-05-28T07:13:28.691+0000] {processor.py:840} INFO - DAG(s) 'flight_pipeline' retrieved from /opt/airflow/dags/flight_pipeline.py
[2026-05-28T07:13:28.719+0000] {logging_mixin.py:188} INFO - [2026-05-28T07:13:28.718+0000] {dag.py:3096} INFO - Sync 1 DAGs
[2026-05-28T07:13:28.954+0000] {logging_mixin.py:188} INFO - [2026-05-28T07:13:28.954+0000] {dag.py:3954} INFO - Setting next_dagrun for flight_pipeline to 2026-05-28 07:00:00+00:00, run_after=2026-05-28 08:00:00+00:00
[2026-05-28T07:13:28.997+0000] {processor.py:183} INFO - Processing /opt/airflow/dags/flight_pipeline.py took 0.339 seconds
[2026-05-28T07:13:59.393+0000] {processor.py:161} INFO - Started process (PID=5646) to work on /opt/airflow/dags/flight_pipeline.py
[2026-05-28T07:13:59.394+0000] {processor.py:830} INFO - Processing file /opt/airflow/dags/flight_pipeline.py for tasks to queue
[2026-05-28T07:13:59.397+0000] {logging_mixin.py:188} INFO - [2026-05-28T07:13:59.396+0000] {dagbag.py:540} INFO - Filling up the DagBag from /opt/airflow/dags/flight_pipeline.py
[2026-05-28T07:13:59.416+0000] {processor.py:840} INFO - DAG(s) 'flight_pipeline' retrieved from /opt/airflow/dags/flight_pipeline.py
[2026-05-28T07:13:59.448+0000] {logging_mixin.py:188} INFO - [2026-05-28T07:13:59.448+0000] {dag.py:3096} INFO - Sync 1 DAGs
[2026-05-28T07:13:59.638+0000] {logging_mixin.py:188} INFO - [2026-05-28T07:13:59.638+0000] {dag.py:3954} INFO - Setting next_dagrun for flight_pipeline to 2026-05-28 07:00:00+00:00, run_after=2026-05-28 08:00:00+00:00
[2026-05-28T07:13:59.655+0000] {processor.py:183} INFO - Processing /opt/airflow/dags/flight_pipeline.py took 0.270 seconds
[2026-05-28T07:14:31.005+0000] {processor.py:161} INFO - Started process (PID=5651) to work on /opt/airflow/dags/flight_pipeline.py
[2026-05-28T07:14:31.006+0000] {processor.py:830} INFO - Processing file /opt/airflow/dags/flight_pipeline.py for tasks to queue
[2026-05-28T07:14:31.008+0000] {logging_mixin.py:188} INFO - [2026-05-28T07:14:31.007+0000] {dagbag.py:540} INFO - Filling up the DagBag from /opt/airflow/dags/flight_pipeline.py
[2026-05-28T07:14:31.025+0000] {processor.py:840} INFO - DAG(s) 'flight_pipeline' retrieved from /opt/airflow/dags/flight_pipeline.py
[2026-05-28T07:14:31.253+0000] {logging_mixin.py:188} INFO - [2026-05-28T07:14:31.252+0000] {dag.py:3096} INFO - Sync 1 DAGs
[2026-05-28T07:14:31.271+0000] {logging_mixin.py:188} INFO - [2026-05-28T07:14:31.271+0000] {dag.py:3954} INFO - Setting next_dagrun for flight_pipeline to 2026-05-28 07:00:00+00:00, run_after=2026-05-28 08:00:00+00:00
[2026-05-28T07:14:31.296+0000] {processor.py:183} INFO - Processing /opt/airflow/dags/flight_pipeline.py took 0.297 seconds
[2026-05-28T07:15:02.622+0000] {processor.py:161} INFO - Started process (PID=5656) to work on /opt/airflow/dags/flight_pipeline.py
[2026-05-28T07:15:02.623+0000] {processor.py:830} INFO - Processing file /opt/airflow/dags/flight_pipeline.py for tasks to queue
[2026-05-28T07:15:02.625+0000] {logging_mixin.py:188} INFO - [2026-05-28T07:15:02.624+0000] {dagbag.py:540} INFO - Filling up the DagBag from /opt/airflow/dags/flight_pipeline.py
[2026-05-28T07:15:02.643+0000] {processor.py:840} INFO - DAG(s) 'flight_pipeline' retrieved from /opt/airflow/dags/flight_pipeline.py
[2026-05-28T07:15:02.672+0000] {logging_mixin.py:188} INFO - [2026-05-28T07:15:02.672+0000] {dag.py:3096} INFO - Sync 1 DAGs
[2026-05-28T07:15:02.692+0000] {logging_mixin.py:188} INFO - [2026-05-28T07:15:02.692+0000] {dag.py:3954} INFO - Setting next_dagrun for flight_pipeline to 2026-05-28 07:00:00+00:00, run_after=2026-05-28 08:00:00+00:00
[2026-05-28T07:15:02.710+0000] {processor.py:183} INFO - Processing /opt/airflow/dags/flight_pipeline.py took 0.094 seconds
[2026-05-28T07:15:34.079+0000] {processor.py:161} INFO - Started process (PID=5661) to work on /opt/airflow/dags/flight_pipeline.py
[2026-05-28T07:15:34.081+0000] {processor.py:830} INFO - Processing file /opt/airflow/dags/flight_pipeline.py for tasks to queue
[2026-05-28T07:15:34.083+0000] {logging_mixin.py:188} INFO - [2026-05-28T07:15:34.082+0000] {dagbag.py:540} INFO - Filling up the DagBag from /opt/airflow/dags/flight_pipeline.py
[2026-05-28T07:15:34.102+0000] {processor.py:840} INFO - DAG(s) 'flight_pipeline' retrieved from /opt/airflow/dags/flight_pipeline.py
[2026-05-28T07:15:34.133+0000] {logging_mixin.py:188} INFO - [2026-05-28T07:15:34.133+0000] {dag.py:3096} INFO - Sync 1 DAGs
[2026-05-28T07:15:34.157+0000] {logging_mixin.py:188} INFO - [2026-05-28T07:15:34.156+0000] {dag.py:3954} INFO - Setting next_dagrun for flight_pipeline to 2026-05-28 07:00:00+00:00, run_after=2026-05-28 08:00:00+00:00
[2026-05-28T07:15:34.190+0000] {processor.py:183} INFO - Processing /opt/airflow/dags/flight_pipeline.py took 0.116 seconds
[2026-05-28T07:16:04.684+0000] {processor.py:161} INFO - Started process (PID=5666) to work on /opt/airflow/dags/flight_pipeline.py
[2026-05-28T07:16:04.685+0000] {processor.py:830} INFO - Processing file /opt/airflow/dags/flight_pipeline.py for tasks to queue
[2026-05-28T07:16:04.687+0000] {logging_mixin.py:188} INFO - [2026-05-28T07:16:04.686+0000] {dagbag.py:540} INFO - Filling up the DagBag from /opt/airflow/dags/flight_pipeline.py
[2026-05-28T07:16:04.707+0000] {processor.py:840} INFO - DAG(s) 'flight_pipeline' retrieved from /opt/airflow/dags/flight_pipeline.py
[2026-05-28T07:16:04.735+0000] {logging_mixin.py:188} INFO - [2026-05-28T07:16:04.735+0000] {dag.py:3096} INFO - Sync 1 DAGs
[2026-05-28T07:16:04.765+0000] {logging_mixin.py:188} INFO - [2026-05-28T07:16:04.765+0000] {dag.py:3954} INFO - Setting next_dagrun for flight_pipeline to 2026-05-28 07:00:00+00:00, run_after=2026-05-28 08:00:00+00:00
[2026-05-28T07:16:04.970+0000] {processor.py:183} INFO - Processing /opt/airflow/dags/flight_pipeline.py took 0.295 seconds
[2026-05-28T07:16:36.184+0000] {processor.py:161} INFO - Started process (PID=5671) to work on /opt/airflow/dags/flight_pipeline.py
[2026-05-28T07:16:36.185+0000] {processor.py:830} INFO - Processing file /opt/airflow/dags/flight_pipeline.py for tasks to queue
[2026-05-28T07:16:36.187+0000] {logging_mixin.py:188} INFO - [2026-05-28T07:16:36.187+0000] {dagbag.py:540} INFO - Filling up the DagBag from /opt/airflow/dags/flight_pipeline.py
[2026-05-28T07:16:36.204+0000] {processor.py:840} INFO - DAG(s) 'flight_pipeline' retrieved from /opt/airflow/dags/flight_pipeline.py
[2026-05-28T07:16:36.236+0000] {logging_mixin.py:188} INFO - [2026-05-28T07:16:36.235+0000] {dag.py:3096} INFO - Sync 1 DAGs
[2026-05-28T07:16:36.438+0000] {logging_mixin.py:188} INFO - [2026-05-28T07:16:36.438+0000] {dag.py:3954} INFO - Setting next_dagrun for flight_pipeline to 2026-05-28 07:00:00+00:00, run_after=2026-05-28 08:00:00+00:00
[2026-05-28T07:16:36.453+0000] {processor.py:183} INFO - Processing /opt/airflow/dags/flight_pipeline.py took 0.275 seconds
[2026-05-28T07:17:08.000+0000] {processor.py:161} INFO - Started process (PID=5676) to work on /opt/airflow/dags/flight_pipeline.py
[2026-05-28T07:17:08.001+0000] {processor.py:830} INFO - Processing file /opt/airflow/dags/flight_pipeline.py for tasks to queue
[2026-05-28T07:17:08.004+0000] {logging_mixin.py:188} INFO - [2026-05-28T07:17:08.003+0000] {dagbag.py:540} INFO - Filling up the DagBag from /opt/airflow/dags/flight_pipeline.py
[2026-05-28T07:17:08.030+0000] {processor.py:840} INFO - DAG(s) 'flight_pipeline' retrieved from /opt/airflow/dags/flight_pipeline.py
[2026-05-28T07:17:08.234+0000] {logging_mixin.py:188} INFO - [2026-05-28T07:17:08.234+0000] {dag.py:3096} INFO - Sync 1 DAGs
[2026-05-28T07:17:08.253+0000] {logging_mixin.py:188} INFO - [2026-05-28T07:17:08.253+0000] {dag.py:3954} INFO - Setting next_dagrun for flight_pipeline to 2026-05-28 07:00:00+00:00, run_after=2026-05-28 08:00:00+00:00
[2026-05-28T07:17:08.270+0000] {processor.py:183} INFO - Processing /opt/airflow/dags/flight_pipeline.py took 0.278 seconds
[2026-05-28T07:17:38.749+0000] {processor.py:161} INFO - Started process (PID=5681) to work on /opt/airflow/dags/flight_pipeline.py
[2026-05-28T07:17:38.750+0000] {processor.py:830} INFO - Processing file /opt/airflow/dags/flight_pipeline.py for tasks to queue
[2026-05-28T07:17:38.752+0000] {logging_mixin.py:188} INFO - [2026-05-28T07:17:38.752+0000] {dagbag.py:540} INFO - Filling up the DagBag from /opt/airflow/dags/flight_pipeline.py
[2026-05-28T07:17:38.772+0000] {processor.py:840} INFO - DAG(s) 'flight_pipeline' retrieved from /opt/airflow/dags/flight_pipeline.py
[2026-05-28T07:17:38.943+0000] {logging_mixin.py:188} INFO - [2026-05-28T07:17:38.943+0000] {dag.py:3096} INFO - Sync 1 DAGs
[2026-05-28T07:17:38.962+0000] {logging_mixin.py:188} INFO - [2026-05-28T07:17:38.962+0000] {dag.py:3954} INFO - Setting next_dagrun for flight_pipeline to 2026-05-28 07:00:00+00:00, run_after=2026-05-28 08:00:00+00:00
[2026-05-28T07:17:38.976+0000] {processor.py:183} INFO - Processing /opt/airflow/dags/flight_pipeline.py took 0.235 seconds
[2026-05-28T07:18:10.239+0000] {processor.py:161} INFO - Started process (PID=5686) to work on /opt/airflow/dags/flight_pipeline.py
[2026-05-28T07:18:10.240+0000] {processor.py:830} INFO - Processing file /opt/airflow/dags/flight_pipeline.py for tasks to queue
[2026-05-28T07:18:10.242+0000] {logging_mixin.py:188} INFO - [2026-05-28T07:18:10.242+0000] {dagbag.py:540} INFO - Filling up the DagBag from /opt/airflow/dags/flight_pipeline.py
[2026-05-28T07:18:10.260+0000] {processor.py:840} INFO - DAG(s) 'flight_pipeline' retrieved from /opt/airflow/dags/flight_pipeline.py
[2026-05-28T07:18:10.289+0000] {logging_mixin.py:188} INFO - [2026-05-28T07:18:10.289+0000] {dag.py:3096} INFO - Sync 1 DAGs
[2026-05-28T07:18:10.317+0000] {logging_mixin.py:188} INFO - [2026-05-28T07:18:10.317+0000] {dag.py:3954} INFO - Setting next_dagrun for flight_pipeline to 2026-05-28 07:00:00+00:00, run_after=2026-05-28 08:00:00+00:00
[2026-05-28T07:18:10.337+0000] {processor.py:183} INFO - Processing /opt/airflow/dags/flight_pipeline.py took 0.104 seconds
[2026-05-28T07:18:41.784+0000] {processor.py:161} INFO - Started process (PID=5691) to work on /opt/airflow/dags/flight_pipeline.py
[2026-05-28T07:18:41.786+0000] {processor.py:830} INFO - Processing file /opt/airflow/dags/flight_pipeline.py for tasks to queue
[2026-05-28T07:18:41.787+0000] {logging_mixin.py:188} INFO - [2026-05-28T07:18:41.787+0000] {dagbag.py:540} INFO - Filling up the DagBag from /opt/airflow/dags/flight_pipeline.py
[2026-05-28T07:18:41.809+0000] {processor.py:840} INFO - DAG(s) 'flight_pipeline' retrieved from /opt/airflow/dags/flight_pipeline.py
[2026-05-28T07:18:41.838+0000] {logging_mixin.py:188} INFO - [2026-05-28T07:18:41.838+0000] {dag.py:3096} INFO - Sync 1 DAGs
[2026-05-28T07:18:41.865+0000] {logging_mixin.py:188} INFO - [2026-05-28T07:18:41.865+0000] {dag.py:3954} INFO - Setting next_dagrun for flight_pipeline to 2026-05-28 07:00:00+00:00, run_after=2026-05-28 08:00:00+00:00
[2026-05-28T07:18:41.885+0000] {processor.py:183} INFO - Processing /opt/airflow/dags/flight_pipeline.py took 0.109 seconds
[2026-05-28T07:19:13.389+0000] {processor.py:161} INFO - Started process (PID=5696) to work on /opt/airflow/dags/flight_pipeline.py
[2026-05-28T07:19:13.391+0000] {processor.py:830} INFO - Processing file /opt/airflow/dags/flight_pipeline.py for tasks to queue
[2026-05-28T07:19:13.393+0000] {logging_mixin.py:188} INFO - [2026-05-28T07:19:13.393+0000] {dagbag.py:540} INFO - Filling up the DagBag from /opt/airflow/dags/flight_pipeline.py
[2026-05-28T07:19:13.420+0000] {processor.py:840} INFO - DAG(s) 'flight_pipeline' retrieved from /opt/airflow/dags/flight_pipeline.py
[2026-05-28T07:19:13.454+0000] {logging_mixin.py:188} INFO - [2026-05-28T07:19:13.454+0000] {dag.py:3096} INFO - Sync 1 DAGs
[2026-05-28T07:19:13.481+0000] {logging_mixin.py:188} INFO - [2026-05-28T07:19:13.481+0000] {dag.py:3954} INFO - Setting next_dagrun for flight_pipeline to 2026-05-28 07:00:00+00:00, run_after=2026-05-28 08:00:00+00:00
[2026-05-28T07:19:13.504+0000] {processor.py:183} INFO - Processing /opt/airflow/dags/flight_pipeline.py took 0.125 seconds
[2026-05-28T07:19:43.929+0000] {processor.py:161} INFO - Started process (PID=5701) to work on /opt/airflow/dags/flight_pipeline.py
[2026-05-28T07:19:43.931+0000] {processor.py:830} INFO - Processing file /opt/airflow/dags/flight_pipeline.py for tasks to queue
[2026-05-28T07:19:43.933+0000] {logging_mixin.py:188} INFO - [2026-05-28T07:19:43.933+0000] {dagbag.py:540} INFO - Filling up the DagBag from /opt/airflow/dags/flight_pipeline.py
[2026-05-28T07:19:43.954+0000] {processor.py:840} INFO - DAG(s) 'flight_pipeline' retrieved from /opt/airflow/dags/flight_pipeline.py
[2026-05-28T07:19:43.988+0000] {logging_mixin.py:188} INFO - [2026-05-28T07:19:43.987+0000] {dag.py:3096} INFO - Sync 1 DAGs
[2026-05-28T07:19:44.013+0000] {logging_mixin.py:188} INFO - [2026-05-28T07:19:44.013+0000] {dag.py:3954} INFO - Setting next_dagrun for flight_pipeline to 2026-05-28 07:00:00+00:00, run_after=2026-05-28 08:00:00+00:00
[2026-05-28T07:19:44.040+0000] {processor.py:183} INFO - Processing /opt/airflow/dags/flight_pipeline.py took 0.119 seconds
[2026-05-28T07:20:15.486+0000] {processor.py:161} INFO - Started process (PID=5706) to work on /opt/airflow/dags/flight_pipeline.py
[2026-05-28T07:20:15.488+0000] {processor.py:830} INFO - Processing file /opt/airflow/dags/flight_pipeline.py for tasks to queue
[2026-05-28T07:20:15.492+0000] {logging_mixin.py:188} INFO - [2026-05-28T07:20:15.491+0000] {dagbag.py:540} INFO - Filling up the DagBag from /opt/airflow/dags/flight_pipeline.py
[2026-05-28T07:20:15.515+0000] {processor.py:840} INFO - DAG(s) 'flight_pipeline' retrieved from /opt/airflow/dags/flight_pipeline.py
[2026-05-28T07:20:15.567+0000] {logging_mixin.py:188} INFO - [2026-05-28T07:20:15.567+0000] {dag.py:3096} INFO - Sync 1 DAGs
[2026-05-28T07:20:15.594+0000] {logging_mixin.py:188} INFO - [2026-05-28T07:20:15.594+0000] {dag.py:3954} INFO - Setting next_dagrun for flight_pipeline to 2026-05-28 07:00:00+00:00, run_after=2026-05-28 08:00:00+00:00
[2026-05-28T07:20:15.617+0000] {processor.py:183} INFO - Processing /opt/airflow/dags/flight_pipeline.py took 0.146 seconds
[2026-05-28T07:20:47.175+0000] {processor.py:161} INFO - Started process (PID=5711) to work on /opt/airflow/dags/flight_pipeline.py
[2026-05-28T07:20:47.176+0000] {processor.py:830} INFO - Processing file /opt/airflow/dags/flight_pipeline.py for tasks to queue
[2026-05-28T07:20:47.178+0000] {logging_mixin.py:188} INFO - [2026-05-28T07:20:47.177+0000] {dagbag.py:540} INFO - Filling up the DagBag from /opt/airflow/dags/flight_pipeline.py
[2026-05-28T07:20:47.196+0000] {processor.py:840} INFO - DAG(s) 'flight_pipeline' retrieved from /opt/airflow/dags/flight_pipeline.py
[2026-05-28T07:20:47.223+0000] {logging_mixin.py:188} INFO - [2026-05-28T07:20:47.222+0000] {dag.py:3096} INFO - Sync 1 DAGs
[2026-05-28T07:20:47.245+0000] {logging_mixin.py:188} INFO - [2026-05-28T07:20:47.244+0000] {dag.py:3954} INFO - Setting next_dagrun for flight_pipeline to 2026-05-28 07:00:00+00:00, run_after=2026-05-28 08:00:00+00:00
[2026-05-28T07:20:47.262+0000] {processor.py:183} INFO - Processing /opt/airflow/dags/flight_pipeline.py took 0.093 seconds
[2026-05-28T07:21:18.666+0000] {processor.py:161} INFO - Started process (PID=5716) to work on /opt/airflow/dags/flight_pipeline.py
[2026-05-28T07:21:18.668+0000] {processor.py:830} INFO - Processing file /opt/airflow/dags/flight_pipeline.py for tasks to queue
[2026-05-28T07:21:18.669+0000] {logging_mixin.py:188} INFO - [2026-05-28T07:21:18.669+0000] {dagbag.py:540} INFO - Filling up the DagBag from /opt/airflow/dags/flight_pipeline.py
[2026-05-28T07:21:18.688+0000] {processor.py:840} INFO - DAG(s) 'flight_pipeline' retrieved from /opt/airflow/dags/flight_pipeline.py
[2026-05-28T07:21:18.715+0000] {logging_mixin.py:188} INFO - [2026-05-28T07:21:18.715+0000] {dag.py:3096} INFO - Sync 1 DAGs
[2026-05-28T07:21:18.736+0000] {logging_mixin.py:188} INFO - [2026-05-28T07:21:18.736+0000] {dag.py:3954} INFO - Setting next_dagrun for flight_pipeline to 2026-05-28 07:00:00+00:00, run_after=2026-05-28 08:00:00+00:00
[2026-05-28T07:21:18.757+0000] {processor.py:183} INFO - Processing /opt/airflow/dags/flight_pipeline.py took 0.100 seconds
[2026-05-28T07:21:50.209+0000] {processor.py:161} INFO - Started process (PID=5721) to work on /opt/airflow/dags/flight_pipeline.py
[2026-05-28T07:21:50.210+0000] {processor.py:830} INFO - Processing file /opt/airflow/dags/flight_pipeline.py for tasks to queue
[2026-05-28T07:21:50.213+0000] {logging_mixin.py:188} INFO - [2026-05-28T07:21:50.212+0000] {dagbag.py:540} INFO - Filling up the DagBag from /opt/airflow/dags/flight_pipeline.py
[2026-05-28T07:21:50.239+0000] {processor.py:840} INFO - DAG(s) 'flight_pipeline' retrieved from /opt/airflow/dags/flight_pipeline.py
[2026-05-28T07:21:50.267+0000] {logging_mixin.py:188} INFO - [2026-05-28T07:21:50.266+0000] {dag.py:3096} INFO - Sync 1 DAGs
[2026-05-28T07:21:50.291+0000] {logging_mixin.py:188} INFO - [2026-05-28T07:21:50.290+0000] {dag.py:3954} INFO - Setting next_dagrun for flight_pipeline to 2026-05-28 07:00:00+00:00, run_after=2026-05-28 08:00:00+00:00
[2026-05-28T07:21:50.314+0000] {processor.py:183} INFO - Processing /opt/airflow/dags/flight_pipeline.py took 0.112 seconds
[2026-05-28T07:22:20.743+0000] {processor.py:161} INFO - Started process (PID=5726) to work on /opt/airflow/dags/flight_pipeline.py
[2026-05-28T07:22:20.745+0000] {processor.py:830} INFO - Processing file /opt/airflow/dags/flight_pipeline.py for tasks to queue
[2026-05-28T07:22:20.747+0000] {logging_mixin.py:188} INFO - [2026-05-28T07:22:20.747+0000] {dagbag.py:540} INFO - Filling up the DagBag from /opt/airflow/dags/flight_pipeline.py
[2026-05-28T07:22:20.766+0000] {processor.py:840} INFO - DAG(s) 'flight_pipeline' retrieved from /opt/airflow/dags/flight_pipeline.py
[2026-05-28T07:22:20.796+0000] {logging_mixin.py:188} INFO - [2026-05-28T07:22:20.796+0000] {dag.py:3096} INFO - Sync 1 DAGs
[2026-05-28T07:22:20.818+0000] {logging_mixin.py:188} INFO - [2026-05-28T07:22:20.818+0000] {dag.py:3954} INFO - Setting next_dagrun for flight_pipeline to 2026-05-28 07:00:00+00:00, run_after=2026-05-28 08:00:00+00:00
[2026-05-28T07:22:20.842+0000] {processor.py:183} INFO - Processing /opt/airflow/dags/flight_pipeline.py took 0.105 seconds
[2026-05-28T07:22:52.338+0000] {processor.py:161} INFO - Started process (PID=5731) to work on /opt/airflow/dags/flight_pipeline.py
[2026-05-28T07:22:52.339+0000] {processor.py:830} INFO - Processing file /opt/airflow/dags/flight_pipeline.py for tasks to queue
[2026-05-28T07:22:52.341+0000] {logging_mixin.py:188} INFO - [2026-05-28T07:22:52.341+0000] {dagbag.py:540} INFO - Filling up the DagBag from /opt/airflow/dags/flight_pipeline.py
[2026-05-28T07:22:52.362+0000] {processor.py:840} INFO - DAG(s) 'flight_pipeline' retrieved from /opt/airflow/dags/flight_pipeline.py
[2026-05-28T07:22:52.393+0000] {logging_mixin.py:188} INFO - [2026-05-28T07:22:52.393+0000] {dag.py:3096} INFO - Sync 1 DAGs
[2026-05-28T07:22:52.417+0000] {logging_mixin.py:188} INFO - [2026-05-28T07:22:52.417+0000] {dag.py:3954} INFO - Setting next_dagrun for flight_pipeline to 2026-05-28 07:00:00+00:00, run_after=2026-05-28 08:00:00+00:00
[2026-05-28T07:22:52.434+0000] {processor.py:183} INFO - Processing /opt/airflow/dags/flight_pipeline.py took 0.104 seconds
[2026-05-28T07:23:23.821+0000] {processor.py:161} INFO - Started process (PID=5736) to work on /opt/airflow/dags/flight_pipeline.py
[2026-05-28T07:23:23.823+0000] {processor.py:830} INFO - Processing file /opt/airflow/dags/flight_pipeline.py for tasks to queue
[2026-05-28T07:23:23.826+0000] {logging_mixin.py:188} INFO - [2026-05-28T07:23:23.825+0000] {dagbag.py:540} INFO - Filling up the DagBag from /opt/airflow/dags/flight_pipeline.py
[2026-05-28T07:23:23.848+0000] {processor.py:840} INFO - DAG(s) 'flight_pipeline' retrieved from /opt/airflow/dags/flight_pipeline.py
[2026-05-28T07:23:23.879+0000] {logging_mixin.py:188} INFO - [2026-05-28T07:23:23.879+0000] {dag.py:3096} INFO - Sync 1 DAGs
[2026-05-28T07:23:23.902+0000] {logging_mixin.py:188} INFO - [2026-05-28T07:23:23.901+0000] {dag.py:3954} INFO - Setting next_dagrun for flight_pipeline to 2026-05-28 07:00:00+00:00, run_after=2026-05-28 08:00:00+00:00
[2026-05-28T07:23:23.925+0000] {processor.py:183} INFO - Processing /opt/airflow/dags/flight_pipeline.py took 0.112 seconds
[2026-05-28T07:23:55.437+0000] {processor.py:161} INFO - Started process (PID=5741) to work on /opt/airflow/dags/flight_pipeline.py
[2026-05-28T07:23:55.438+0000] {processor.py:830} INFO - Processing file /opt/airflow/dags/flight_pipeline.py for tasks to queue
[2026-05-28T07:23:55.440+0000] {logging_mixin.py:188} INFO - [2026-05-28T07:23:55.439+0000] {dagbag.py:540} INFO - Filling up the DagBag from /opt/airflow/dags/flight_pipeline.py
[2026-05-28T07:23:55.458+0000] {processor.py:840} INFO - DAG(s) 'flight_pipeline' retrieved from /opt/airflow/dags/flight_pipeline.py
[2026-05-28T07:23:55.486+0000] {logging_mixin.py:188} INFO - [2026-05-28T07:23:55.486+0000] {dag.py:3096} INFO - Sync 1 DAGs
[2026-05-28T07:23:55.508+0000] {logging_mixin.py:188} INFO - [2026-05-28T07:23:55.508+0000] {dag.py:3954} INFO - Setting next_dagrun for flight_pipeline to 2026-05-28 07:00:00+00:00, run_after=2026-05-28 08:00:00+00:00
[2026-05-28T07:23:55.530+0000] {processor.py:183} INFO - Processing /opt/airflow/dags/flight_pipeline.py took 0.099 seconds
[2026-05-28T07:24:25.962+0000] {processor.py:161} INFO - Started process (PID=5746) to work on /opt/airflow/dags/flight_pipeline.py
[2026-05-28T07:24:25.964+0000] {processor.py:830} INFO - Processing file /opt/airflow/dags/flight_pipeline.py for tasks to queue
[2026-05-28T07:24:25.967+0000] {logging_mixin.py:188} INFO - [2026-05-28T07:24:25.967+0000] {dagbag.py:540} INFO - Filling up the DagBag from /opt/airflow/dags/flight_pipeline.py
[2026-05-28T07:24:25.988+0000] {processor.py:840} INFO - DAG(s) 'flight_pipeline' retrieved from /opt/airflow/dags/flight_pipeline.py
[2026-05-28T07:24:26.015+0000] {logging_mixin.py:188} INFO - [2026-05-28T07:24:26.015+0000] {dag.py:3096} INFO - Sync 1 DAGs
[2026-05-28T07:24:26.036+0000] {logging_mixin.py:188} INFO - [2026-05-28T07:24:26.036+0000] {dag.py:3954} INFO - Setting next_dagrun for flight_pipeline to 2026-05-28 07:00:00+00:00, run_after=2026-05-28 08:00:00+00:00
[2026-05-28T07:24:26.052+0000] {processor.py:183} INFO - Processing /opt/airflow/dags/flight_pipeline.py took 0.096 seconds
[2026-05-28T07:24:57.606+0000] {processor.py:161} INFO - Started process (PID=5751) to work on /opt/airflow/dags/flight_pipeline.py
[2026-05-28T07:24:57.607+0000] {processor.py:830} INFO - Processing file /opt/airflow/dags/flight_pipeline.py for tasks to queue
[2026-05-28T07:24:57.609+0000] {logging_mixin.py:188} INFO - [2026-05-28T07:24:57.608+0000] {dagbag.py:540} INFO - Filling up the DagBag from /opt/airflow/dags/flight_pipeline.py
[2026-05-28T07:24:57.628+0000] {processor.py:840} INFO - DAG(s) 'flight_pipeline' retrieved from /opt/airflow/dags/flight_pipeline.py
[2026-05-28T07:24:57.655+0000] {logging_mixin.py:188} INFO - [2026-05-28T07:24:57.654+0000] {dag.py:3096} INFO - Sync 1 DAGs
[2026-05-28T07:24:57.675+0000] {logging_mixin.py:188} INFO - [2026-05-28T07:24:57.675+0000] {dag.py:3954} INFO - Setting next_dagrun for flight_pipeline to 2026-05-28 07:00:00+00:00, run_after=2026-05-28 08:00:00+00:00
[2026-05-28T07:24:57.694+0000] {processor.py:183} INFO - Processing /opt/airflow/dags/flight_pipeline.py took 0.095 seconds
[2026-05-28T07:25:29.111+0000] {processor.py:161} INFO - Started process (PID=5756) to work on /opt/airflow/dags/flight_pipeline.py
[2026-05-28T07:25:29.112+0000] {processor.py:830} INFO - Processing file /opt/airflow/dags/flight_pipeline.py for tasks to queue
[2026-05-28T07:25:29.115+0000] {logging_mixin.py:188} INFO - [2026-05-28T07:25:29.114+0000] {dagbag.py:540} INFO - Filling up the DagBag from /opt/airflow/dags/flight_pipeline.py
[2026-05-28T07:25:29.134+0000] {processor.py:840} INFO - DAG(s) 'flight_pipeline' retrieved from /opt/airflow/dags/flight_pipeline.py
[2026-05-28T07:25:29.164+0000] {logging_mixin.py:188} INFO - [2026-05-28T07:25:29.164+0000] {dag.py:3096} INFO - Sync 1 DAGs
[2026-05-28T07:25:29.186+0000] {logging_mixin.py:188} INFO - [2026-05-28T07:25:29.186+0000] {dag.py:3954} INFO - Setting next_dagrun for flight_pipeline to 2026-05-28 07:00:00+00:00, run_after=2026-05-28 08:00:00+00:00
[2026-05-28T07:25:29.204+0000] {processor.py:183} INFO - Processing /opt/airflow/dags/flight_pipeline.py took 0.099 seconds
[2026-05-28T07:26:00.723+0000] {processor.py:161} INFO - Started process (PID=5761) to work on /opt/airflow/dags/flight_pipeline.py
[2026-05-28T07:26:00.724+0000] {processor.py:830} INFO - Processing file /opt/airflow/dags/flight_pipeline.py for tasks to queue
[2026-05-28T07:26:00.726+0000] {logging_mixin.py:188} INFO - [2026-05-28T07:26:00.725+0000] {dagbag.py:540} INFO - Filling up the DagBag from /opt/airflow/dags/flight_pipeline.py
[2026-05-28T07:26:00.746+0000] {processor.py:840} INFO - DAG(s) 'flight_pipeline' retrieved from /opt/airflow/dags/flight_pipeline.py
[2026-05-28T07:26:00.781+0000] {logging_mixin.py:188} INFO - [2026-05-28T07:26:00.781+0000] {dag.py:3096} INFO - Sync 1 DAGs
[2026-05-28T07:26:00.806+0000] {logging_mixin.py:188} INFO - [2026-05-28T07:26:00.806+0000] {dag.py:3954} INFO - Setting next_dagrun for flight_pipeline to 2026-05-28 07:00:00+00:00, run_after=2026-05-28 08:00:00+00:00
[2026-05-28T07:26:00.826+0000] {processor.py:183} INFO - Processing /opt/airflow/dags/flight_pipeline.py took 0.111 seconds
[2026-05-28T07:26:31.343+0000] {processor.py:161} INFO - Started process (PID=5766) to work on /opt/airflow/dags/flight_pipeline.py
[2026-05-28T07:26:31.344+0000] {processor.py:830} INFO - Processing file /opt/airflow/dags/flight_pipeline.py for tasks to queue
[2026-05-28T07:26:31.345+0000] {logging_mixin.py:188} INFO - [2026-05-28T07:26:31.345+0000] {dagbag.py:540} INFO - Filling up the DagBag from /opt/airflow/dags/flight_pipeline.py
[2026-05-28T07:26:31.367+0000] {processor.py:840} INFO - DAG(s) 'flight_pipeline' retrieved from /opt/airflow/dags/flight_pipeline.py
[2026-05-28T07:26:31.398+0000] {logging_mixin.py:188} INFO - [2026-05-28T07:26:31.398+0000] {dag.py:3096} INFO - Sync 1 DAGs
[2026-05-28T07:26:31.419+0000] {logging_mixin.py:188} INFO - [2026-05-28T07:26:31.419+0000] {dag.py:3954} INFO - Setting next_dagrun for flight_pipeline to 2026-05-28 07:00:00+00:00, run_after=2026-05-28 08:00:00+00:00
[2026-05-28T07:26:31.441+0000] {processor.py:183} INFO - Processing /opt/airflow/dags/flight_pipeline.py took 0.104 seconds
[2026-05-28T07:27:02.841+0000] {processor.py:161} INFO - Started process (PID=5771) to work on /opt/airflow/dags/flight_pipeline.py
[2026-05-28T07:27:02.842+0000] {processor.py:830} INFO - Processing file /opt/airflow/dags/flight_pipeline.py for tasks to queue
[2026-05-28T07:27:02.845+0000] {logging_mixin.py:188} INFO - [2026-05-28T07:27:02.845+0000] {dagbag.py:540} INFO - Filling up the DagBag from /opt/airflow/dags/flight_pipeline.py
[2026-05-28T07:27:02.867+0000] {processor.py:840} INFO - DAG(s) 'flight_pipeline' retrieved from /opt/airflow/dags/flight_pipeline.py
[2026-05-28T07:27:02.897+0000] {logging_mixin.py:188} INFO - [2026-05-28T07:27:02.897+0000] {dag.py:3096} INFO - Sync 1 DAGs
[2026-05-28T07:27:02.923+0000] {logging_mixin.py:188} INFO - [2026-05-28T07:27:02.922+0000] {dag.py:3954} INFO - Setting next_dagrun for flight_pipeline to 2026-05-28 07:00:00+00:00, run_after=2026-05-28 08:00:00+00:00
[2026-05-28T07:27:02.942+0000] {processor.py:183} INFO - Processing /opt/airflow/dags/flight_pipeline.py took 0.108 seconds
[2026-05-28T07:27:34.483+0000] {processor.py:161} INFO - Started process (PID=5776) to work on /opt/airflow/dags/flight_pipeline.py
[2026-05-28T07:27:34.484+0000] {processor.py:830} INFO - Processing file /opt/airflow/dags/flight_pipeline.py for tasks to queue
[2026-05-28T07:27:34.485+0000] {logging_mixin.py:188} INFO - [2026-05-28T07:27:34.485+0000] {dagbag.py:540} INFO - Filling up the DagBag from /opt/airflow/dags/flight_pipeline.py
[2026-05-28T07:27:34.507+0000] {processor.py:840} INFO - DAG(s) 'flight_pipeline' retrieved from /opt/airflow/dags/flight_pipeline.py
[2026-05-28T07:27:34.531+0000] {logging_mixin.py:188} INFO - [2026-05-28T07:27:34.531+0000] {dag.py:3096} INFO - Sync 1 DAGs
[2026-05-28T07:27:34.552+0000] {logging_mixin.py:188} INFO - [2026-05-28T07:27:34.552+0000] {dag.py:3954} INFO - Setting next_dagrun for flight_pipeline to 2026-05-28 07:00:00+00:00, run_after=2026-05-28 08:00:00+00:00
[2026-05-28T07:27:34.570+0000] {processor.py:183} INFO - Processing /opt/airflow/dags/flight_pipeline.py took 0.095 seconds
[2026-05-28T07:28:05.993+0000] {processor.py:161} INFO - Started process (PID=5781) to work on /opt/airflow/dags/flight_pipeline.py
[2026-05-28T07:28:05.994+0000] {processor.py:830} INFO - Processing file /opt/airflow/dags/flight_pipeline.py for tasks to queue
[2026-05-28T07:28:05.996+0000] {logging_mixin.py:188} INFO - [2026-05-28T07:28:05.995+0000] {dagbag.py:540} INFO - Filling up the DagBag from /opt/airflow/dags/flight_pipeline.py
[2026-05-28T07:28:06.016+0000] {processor.py:840} INFO - DAG(s) 'flight_pipeline' retrieved from /opt/airflow/dags/flight_pipeline.py
[2026-05-28T07:28:06.043+0000] {logging_mixin.py:188} INFO - [2026-05-28T07:28:06.042+0000] {dag.py:3096} INFO - Sync 1 DAGs
[2026-05-28T07:28:06.063+0000] {logging_mixin.py:188} INFO - [2026-05-28T07:28:06.063+0000] {dag.py:3954} INFO - Setting next_dagrun for flight_pipeline to 2026-05-28 07:00:00+00:00, run_after=2026-05-28 08:00:00+00:00
[2026-05-28T07:28:06.082+0000] {processor.py:183} INFO - Processing /opt/airflow/dags/flight_pipeline.py took 0.096 seconds
[2026-05-28T07:28:37.589+0000] {processor.py:161} INFO - Started process (PID=5786) to work on /opt/airflow/dags/flight_pipeline.py
[2026-05-28T07:28:37.590+0000] {processor.py:830} INFO - Processing file /opt/airflow/dags/flight_pipeline.py for tasks to queue
[2026-05-28T07:28:37.591+0000] {logging_mixin.py:188} INFO - [2026-05-28T07:28:37.591+0000] {dagbag.py:540} INFO - Filling up the DagBag from /opt/airflow/dags/flight_pipeline.py
[2026-05-28T07:28:37.611+0000] {processor.py:840} INFO - DAG(s) 'flight_pipeline' retrieved from /opt/airflow/dags/flight_pipeline.py
[2026-05-28T07:28:37.637+0000] {logging_mixin.py:188} INFO - [2026-05-28T07:28:37.637+0000] {dag.py:3096} INFO - Sync 1 DAGs
[2026-05-28T07:28:37.661+0000] {logging_mixin.py:188} INFO - [2026-05-28T07:28:37.661+0000] {dag.py:3954} INFO - Setting next_dagrun for flight_pipeline to 2026-05-28 07:00:00+00:00, run_after=2026-05-28 08:00:00+00:00
[2026-05-28T07:28:37.687+0000] {processor.py:183} INFO - Processing /opt/airflow/dags/flight_pipeline.py took 0.104 seconds
[2026-05-28T07:29:08.318+0000] {processor.py:161} INFO - Started process (PID=5791) to work on /opt/airflow/dags/flight_pipeline.py
[2026-05-28T07:29:08.319+0000] {processor.py:830} INFO - Processing file /opt/airflow/dags/flight_pipeline.py for tasks to queue
[2026-05-28T07:29:08.321+0000] {logging_mixin.py:188} INFO - [2026-05-28T07:29:08.320+0000] {dagbag.py:540} INFO - Filling up the DagBag from /opt/airflow/dags/flight_pipeline.py
[2026-05-28T07:29:08.343+0000] {processor.py:840} INFO - DAG(s) 'flight_pipeline' retrieved from /opt/airflow/dags/flight_pipeline.py
[2026-05-28T07:29:08.378+0000] {logging_mixin.py:188} INFO - [2026-05-28T07:29:08.378+0000] {dag.py:3096} INFO - Sync 1 DAGs
[2026-05-28T07:29:08.402+0000] {logging_mixin.py:188} INFO - [2026-05-28T07:29:08.402+0000] {dag.py:3954} INFO - Setting next_dagrun for flight_pipeline to 2026-05-28 07:00:00+00:00, run_after=2026-05-28 08:00:00+00:00
[2026-05-28T07:29:08.430+0000] {processor.py:183} INFO - Processing /opt/airflow/dags/flight_pipeline.py took 0.117 seconds
[2026-05-28T07:29:39.860+0000] {processor.py:161} INFO - Started process (PID=5796) to work on /opt/airflow/dags/flight_pipeline.py
[2026-05-28T07:29:39.861+0000] {processor.py:830} INFO - Processing file /opt/airflow/dags/flight_pipeline.py for tasks to queue
[2026-05-28T07:29:39.864+0000] {logging_mixin.py:188} INFO - [2026-05-28T07:29:39.863+0000] {dagbag.py:540} INFO - Filling up the DagBag from /opt/airflow/dags/flight_pipeline.py
[2026-05-28T07:29:39.906+0000] {processor.py:840} INFO - DAG(s) 'flight_pipeline' retrieved from /opt/airflow/dags/flight_pipeline.py
[2026-05-28T07:29:39.942+0000] {logging_mixin.py:188} INFO - [2026-05-28T07:29:39.942+0000] {dag.py:3096} INFO - Sync 1 DAGs
[2026-05-28T07:29:39.974+0000] {logging_mixin.py:188} INFO - [2026-05-28T07:29:39.974+0000] {dag.py:3954} INFO - Setting next_dagrun for flight_pipeline to 2026-05-28 07:00:00+00:00, run_after=2026-05-28 08:00:00+00:00
[2026-05-28T07:29:39.994+0000] {processor.py:183} INFO - Processing /opt/airflow/dags/flight_pipeline.py took 0.143 seconds
[2026-05-28T07:30:11.392+0000] {processor.py:161} INFO - Started process (PID=5801) to work on /opt/airflow/dags/flight_pipeline.py
[2026-05-28T07:30:11.393+0000] {processor.py:830} INFO - Processing file /opt/airflow/dags/flight_pipeline.py for tasks to queue
[2026-05-28T07:30:11.395+0000] {logging_mixin.py:188} INFO - [2026-05-28T07:30:11.395+0000] {dagbag.py:540} INFO - Filling up the DagBag from /opt/airflow/dags/flight_pipeline.py
[2026-05-28T07:30:11.414+0000] {processor.py:840} INFO - DAG(s) 'flight_pipeline' retrieved from /opt/airflow/dags/flight_pipeline.py
[2026-05-28T07:30:11.448+0000] {logging_mixin.py:188} INFO - [2026-05-28T07:30:11.447+0000] {dag.py:3096} INFO - Sync 1 DAGs
[2026-05-28T07:30:11.471+0000] {logging_mixin.py:188} INFO - [2026-05-28T07:30:11.471+0000] {dag.py:3954} INFO - Setting next_dagrun for flight_pipeline to 2026-05-28 07:00:00+00:00, run_after=2026-05-28 08:00:00+00:00
[2026-05-28T07:30:11.489+0000] {processor.py:183} INFO - Processing /opt/airflow/dags/flight_pipeline.py took 0.105 seconds
[2026-05-28T07:30:42.961+0000] {processor.py:161} INFO - Started process (PID=5806) to work on /opt/airflow/dags/flight_pipeline.py
[2026-05-28T07:30:42.962+0000] {processor.py:830} INFO - Processing file /opt/airflow/dags/flight_pipeline.py for tasks to queue
[2026-05-28T07:30:42.964+0000] {logging_mixin.py:188} INFO - [2026-05-28T07:30:42.963+0000] {dagbag.py:540} INFO - Filling up the DagBag from /opt/airflow/dags/flight_pipeline.py
[2026-05-28T07:30:42.983+0000] {processor.py:840} INFO - DAG(s) 'flight_pipeline' retrieved from /opt/airflow/dags/flight_pipeline.py
[2026-05-28T07:30:43.011+0000] {logging_mixin.py:188} INFO - [2026-05-28T07:30:43.011+0000] {dag.py:3096} INFO - Sync 1 DAGs
[2026-05-28T07:30:43.031+0000] {logging_mixin.py:188} INFO - [2026-05-28T07:30:43.031+0000] {dag.py:3954} INFO - Setting next_dagrun for flight_pipeline to 2026-05-28 07:00:00+00:00, run_after=2026-05-28 08:00:00+00:00
[2026-05-28T07:30:43.050+0000] {processor.py:183} INFO - Processing /opt/airflow/dags/flight_pipeline.py took 0.097 seconds
[2026-05-28T07:31:13.619+0000] {processor.py:161} INFO - Started process (PID=5811) to work on /opt/airflow/dags/flight_pipeline.py
[2026-05-28T07:31:13.620+0000] {processor.py:830} INFO - Processing file /opt/airflow/dags/flight_pipeline.py for tasks to queue
[2026-05-28T07:31:13.622+0000] {logging_mixin.py:188} INFO - [2026-05-28T07:31:13.622+0000] {dagbag.py:540} INFO - Filling up the DagBag from /opt/airflow/dags/flight_pipeline.py
[2026-05-28T07:31:13.639+0000] {processor.py:840} INFO - DAG(s) 'flight_pipeline' retrieved from /opt/airflow/dags/flight_pipeline.py
[2026-05-28T07:31:13.666+0000] {logging_mixin.py:188} INFO - [2026-05-28T07:31:13.666+0000] {dag.py:3096} INFO - Sync 1 DAGs
[2026-05-28T07:31:13.686+0000] {logging_mixin.py:188} INFO - [2026-05-28T07:31:13.685+0000] {dag.py:3954} INFO - Setting next_dagrun for flight_pipeline to 2026-05-28 07:00:00+00:00, run_after=2026-05-28 08:00:00+00:00
[2026-05-28T07:31:13.704+0000] {processor.py:183} INFO - Processing /opt/airflow/dags/flight_pipeline.py took 0.090 seconds
[2026-05-28T07:31:45.174+0000] {processor.py:161} INFO - Started process (PID=5816) to work on /opt/airflow/dags/flight_pipeline.py
[2026-05-28T07:31:45.178+0000] {processor.py:830} INFO - Processing file /opt/airflow/dags/flight_pipeline.py for tasks to queue
[2026-05-28T07:31:45.180+0000] {logging_mixin.py:188} INFO - [2026-05-28T07:31:45.180+0000] {dagbag.py:540} INFO - Filling up the DagBag from /opt/airflow/dags/flight_pipeline.py
[2026-05-28T07:31:45.203+0000] {processor.py:840} INFO - DAG(s) 'flight_pipeline' retrieved from /opt/airflow/dags/flight_pipeline.py
[2026-05-28T07:31:45.232+0000] {logging_mixin.py:188} INFO - [2026-05-28T07:31:45.232+0000] {dag.py:3096} INFO - Sync 1 DAGs
[2026-05-28T07:31:45.260+0000] {logging_mixin.py:188} INFO - [2026-05-28T07:31:45.260+0000] {dag.py:3954} INFO - Setting next_dagrun for flight_pipeline to 2026-05-28 07:00:00+00:00, run_after=2026-05-28 08:00:00+00:00
[2026-05-28T07:31:45.286+0000] {processor.py:183} INFO - Processing /opt/airflow/dags/flight_pipeline.py took 0.123 seconds
[2026-05-28T07:32:16.769+0000] {processor.py:161} INFO - Started process (PID=5821) to work on /opt/airflow/dags/flight_pipeline.py
[2026-05-28T07:32:16.771+0000] {processor.py:830} INFO - Processing file /opt/airflow/dags/flight_pipeline.py for tasks to queue
[2026-05-28T07:32:16.773+0000] {logging_mixin.py:188} INFO - [2026-05-28T07:32:16.773+0000] {dagbag.py:540} INFO - Filling up the DagBag from /opt/airflow/dags/flight_pipeline.py
[2026-05-28T07:32:16.794+0000] {processor.py:840} INFO - DAG(s) 'flight_pipeline' retrieved from /opt/airflow/dags/flight_pipeline.py
[2026-05-28T07:32:16.825+0000] {logging_mixin.py:188} INFO - [2026-05-28T07:32:16.824+0000] {dag.py:3096} INFO - Sync 1 DAGs
[2026-05-28T07:32:16.850+0000] {logging_mixin.py:188} INFO - [2026-05-28T07:32:16.850+0000] {dag.py:3954} INFO - Setting next_dagrun for flight_pipeline to 2026-05-28 07:00:00+00:00, run_after=2026-05-28 08:00:00+00:00
[2026-05-28T07:32:16.870+0000] {processor.py:183} INFO - Processing /opt/airflow/dags/flight_pipeline.py took 0.107 seconds
[2026-05-28T07:32:48.355+0000] {processor.py:161} INFO - Started process (PID=5826) to work on /opt/airflow/dags/flight_pipeline.py
[2026-05-28T07:32:48.356+0000] {processor.py:830} INFO - Processing file /opt/airflow/dags/flight_pipeline.py for tasks to queue
[2026-05-28T07:32:48.359+0000] {logging_mixin.py:188} INFO - [2026-05-28T07:32:48.359+0000] {dagbag.py:540} INFO - Filling up the DagBag from /opt/airflow/dags/flight_pipeline.py
[2026-05-28T07:32:48.379+0000] {processor.py:840} INFO - DAG(s) 'flight_pipeline' retrieved from /opt/airflow/dags/flight_pipeline.py
[2026-05-28T07:32:48.418+0000] {logging_mixin.py:188} INFO - [2026-05-28T07:32:48.418+0000] {dag.py:3096} INFO - Sync 1 DAGs
[2026-05-28T07:32:48.448+0000] {logging_mixin.py:188} INFO - [2026-05-28T07:32:48.448+0000] {dag.py:3954} INFO - Setting next_dagrun for flight_pipeline to 2026-05-28 07:00:00+00:00, run_after=2026-05-28 08:00:00+00:00
[2026-05-28T07:32:48.482+0000] {processor.py:183} INFO - Processing /opt/airflow/dags/flight_pipeline.py took 0.133 seconds
[2026-05-28T07:33:19.003+0000] {processor.py:161} INFO - Started process (PID=5831) to work on /opt/airflow/dags/flight_pipeline.py
[2026-05-28T07:33:19.004+0000] {processor.py:830} INFO - Processing file /opt/airflow/dags/flight_pipeline.py for tasks to queue
[2026-05-28T07:33:19.006+0000] {logging_mixin.py:188} INFO - [2026-05-28T07:33:19.006+0000] {dagbag.py:540} INFO - Filling up the DagBag from /opt/airflow/dags/flight_pipeline.py
[2026-05-28T07:33:19.026+0000] {processor.py:840} INFO - DAG(s) 'flight_pipeline' retrieved from /opt/airflow/dags/flight_pipeline.py
[2026-05-28T07:33:19.057+0000] {logging_mixin.py:188} INFO - [2026-05-28T07:33:19.057+0000] {dag.py:3096} INFO - Sync 1 DAGs
[2026-05-28T07:33:19.084+0000] {logging_mixin.py:188} INFO - [2026-05-28T07:33:19.084+0000] {dag.py:3954} INFO - Setting next_dagrun for flight_pipeline to 2026-05-28 07:00:00+00:00, run_after=2026-05-28 08:00:00+00:00
[2026-05-28T07:33:19.104+0000] {processor.py:183} INFO - Processing /opt/airflow/dags/flight_pipeline.py took 0.109 seconds
[2026-05-28T07:33:50.503+0000] {processor.py:161} INFO - Started process (PID=5836) to work on /opt/airflow/dags/flight_pipeline.py
[2026-05-28T07:33:50.504+0000] {processor.py:830} INFO - Processing file /opt/airflow/dags/flight_pipeline.py for tasks to queue
[2026-05-28T07:33:50.507+0000] {logging_mixin.py:188} INFO - [2026-05-28T07:33:50.506+0000] {dagbag.py:540} INFO - Filling up the DagBag from /opt/airflow/dags/flight_pipeline.py
[2026-05-28T07:33:50.526+0000] {processor.py:840} INFO - DAG(s) 'flight_pipeline' retrieved from /opt/airflow/dags/flight_pipeline.py
[2026-05-28T07:33:50.555+0000] {logging_mixin.py:188} INFO - [2026-05-28T07:33:50.555+0000] {dag.py:3096} INFO - Sync 1 DAGs
[2026-05-28T07:33:50.575+0000] {logging_mixin.py:188} INFO - [2026-05-28T07:33:50.575+0000] {dag.py:3954} INFO - Setting next_dagrun for flight_pipeline to 2026-05-28 07:00:00+00:00, run_after=2026-05-28 08:00:00+00:00
[2026-05-28T07:33:50.592+0000] {processor.py:183} INFO - Processing /opt/airflow/dags/flight_pipeline.py took 0.096 seconds
[2026-05-28T07:34:22.049+0000] {processor.py:161} INFO - Started process (PID=5841) to work on /opt/airflow/dags/flight_pipeline.py
[2026-05-28T07:34:22.050+0000] {processor.py:830} INFO - Processing file /opt/airflow/dags/flight_pipeline.py for tasks to queue
[2026-05-28T07:34:22.053+0000] {logging_mixin.py:188} INFO - [2026-05-28T07:34:22.052+0000] {dagbag.py:540} INFO - Filling up the DagBag from /opt/airflow/dags/flight_pipeline.py
[2026-05-28T07:34:22.079+0000] {processor.py:840} INFO - DAG(s) 'flight_pipeline' retrieved from /opt/airflow/dags/flight_pipeline.py
[2026-05-28T07:34:22.108+0000] {logging_mixin.py:188} INFO - [2026-05-28T07:34:22.108+0000] {dag.py:3096} INFO - Sync 1 DAGs
[2026-05-28T07:34:22.128+0000] {logging_mixin.py:188} INFO - [2026-05-28T07:34:22.128+0000] {dag.py:3954} INFO - Setting next_dagrun for flight_pipeline to 2026-05-28 07:00:00+00:00, run_after=2026-05-28 08:00:00+00:00
[2026-05-28T07:34:22.146+0000] {processor.py:183} INFO - Processing /opt/airflow/dags/flight_pipeline.py took 0.104 seconds
[2026-05-28T07:34:53.649+0000] {processor.py:161} INFO - Started process (PID=5846) to work on /opt/airflow/dags/flight_pipeline.py
[2026-05-28T07:34:53.650+0000] {processor.py:830} INFO - Processing file /opt/airflow/dags/flight_pipeline.py for tasks to queue
[2026-05-28T07:34:53.653+0000] {logging_mixin.py:188} INFO - [2026-05-28T07:34:53.652+0000] {dagbag.py:540} INFO - Filling up the DagBag from /opt/airflow/dags/flight_pipeline.py
[2026-05-28T07:34:53.682+0000] {processor.py:840} INFO - DAG(s) 'flight_pipeline' retrieved from /opt/airflow/dags/flight_pipeline.py
[2026-05-28T07:34:53.716+0000] {logging_mixin.py:188} INFO - [2026-05-28T07:34:53.716+0000] {dag.py:3096} INFO - Sync 1 DAGs
[2026-05-28T07:34:53.749+0000] {logging_mixin.py:188} INFO - [2026-05-28T07:34:53.749+0000] {dag.py:3954} INFO - Setting next_dagrun for flight_pipeline to 2026-05-28 07:00:00+00:00, run_after=2026-05-28 08:00:00+00:00
[2026-05-28T07:34:53.774+0000] {processor.py:183} INFO - Processing /opt/airflow/dags/flight_pipeline.py took 0.133 seconds
[2026-05-28T07:35:25.257+0000] {processor.py:161} INFO - Started process (PID=5851) to work on /opt/airflow/dags/flight_pipeline.py
[2026-05-28T07:35:25.258+0000] {processor.py:830} INFO - Processing file /opt/airflow/dags/flight_pipeline.py for tasks to queue
[2026-05-28T07:35:25.260+0000] {logging_mixin.py:188} INFO - [2026-05-28T07:35:25.260+0000] {dagbag.py:540} INFO - Filling up the DagBag from /opt/airflow/dags/flight_pipeline.py
[2026-05-28T07:35:25.283+0000] {processor.py:840} INFO - DAG(s) 'flight_pipeline' retrieved from /opt/airflow/dags/flight_pipeline.py
[2026-05-28T07:35:25.318+0000] {logging_mixin.py:188} INFO - [2026-05-28T07:35:25.318+0000] {dag.py:3096} INFO - Sync 1 DAGs
[2026-05-28T07:35:25.344+0000] {logging_mixin.py:188} INFO - [2026-05-28T07:35:25.344+0000] {dag.py:3954} INFO - Setting next_dagrun for flight_pipeline to 2026-05-28 07:00:00+00:00, run_after=2026-05-28 08:00:00+00:00
[2026-05-28T07:35:25.367+0000] {processor.py:183} INFO - Processing /opt/airflow/dags/flight_pipeline.py took 0.119 seconds
[2026-05-28T07:35:55.807+0000] {processor.py:161} INFO - Started process (PID=5856) to work on /opt/airflow/dags/flight_pipeline.py
[2026-05-28T07:35:55.808+0000] {processor.py:830} INFO - Processing file /opt/airflow/dags/flight_pipeline.py for tasks to queue
[2026-05-28T07:35:55.811+0000] {logging_mixin.py:188} INFO - [2026-05-28T07:35:55.810+0000] {dagbag.py:540} INFO - Filling up the DagBag from /opt/airflow/dags/flight_pipeline.py
[2026-05-28T07:35:55.833+0000] {processor.py:840} INFO - DAG(s) 'flight_pipeline' retrieved from /opt/airflow/dags/flight_pipeline.py
[2026-05-28T07:35:55.864+0000] {logging_mixin.py:188} INFO - [2026-05-28T07:35:55.864+0000] {dag.py:3096} INFO - Sync 1 DAGs
[2026-05-28T07:35:55.891+0000] {logging_mixin.py:188} INFO - [2026-05-28T07:35:55.891+0000] {dag.py:3954} INFO - Setting next_dagrun for flight_pipeline to 2026-05-28 07:00:00+00:00, run_after=2026-05-28 08:00:00+00:00
[2026-05-28T07:35:55.914+0000] {processor.py:183} INFO - Processing /opt/airflow/dags/flight_pipeline.py took 0.117 seconds
[2026-05-28T07:36:27.385+0000] {processor.py:161} INFO - Started process (PID=5861) to work on /opt/airflow/dags/flight_pipeline.py
[2026-05-28T07:36:27.387+0000] {processor.py:830} INFO - Processing file /opt/airflow/dags/flight_pipeline.py for tasks to queue
[2026-05-28T07:36:27.389+0000] {logging_mixin.py:188} INFO - [2026-05-28T07:36:27.388+0000] {dagbag.py:540} INFO - Filling up the DagBag from /opt/airflow/dags/flight_pipeline.py
[2026-05-28T07:36:27.407+0000] {processor.py:840} INFO - DAG(s) 'flight_pipeline' retrieved from /opt/airflow/dags/flight_pipeline.py
[2026-05-28T07:36:27.445+0000] {logging_mixin.py:188} INFO - [2026-05-28T07:36:27.444+0000] {dag.py:3096} INFO - Sync 1 DAGs
[2026-05-28T07:36:27.465+0000] {logging_mixin.py:188} INFO - [2026-05-28T07:36:27.465+0000] {dag.py:3954} INFO - Setting next_dagrun for flight_pipeline to 2026-05-28 07:00:00+00:00, run_after=2026-05-28 08:00:00+00:00
[2026-05-28T07:36:27.481+0000] {processor.py:183} INFO - Processing /opt/airflow/dags/flight_pipeline.py took 0.103 seconds
[2026-05-28T07:36:59.021+0000] {processor.py:161} INFO - Started process (PID=5866) to work on /opt/airflow/dags/flight_pipeline.py
[2026-05-28T07:36:59.022+0000] {processor.py:830} INFO - Processing file /opt/airflow/dags/flight_pipeline.py for tasks to queue
[2026-05-28T07:36:59.024+0000] {logging_mixin.py:188} INFO - [2026-05-28T07:36:59.023+0000] {dagbag.py:540} INFO - Filling up the DagBag from /opt/airflow/dags/flight_pipeline.py
[2026-05-28T07:36:59.039+0000] {processor.py:840} INFO - DAG(s) 'flight_pipeline' retrieved from /opt/airflow/dags/flight_pipeline.py
[2026-05-28T07:36:59.062+0000] {logging_mixin.py:188} INFO - [2026-05-28T07:36:59.062+0000] {dag.py:3096} INFO - Sync 1 DAGs
[2026-05-28T07:36:59.082+0000] {logging_mixin.py:188} INFO - [2026-05-28T07:36:59.081+0000] {dag.py:3954} INFO - Setting next_dagrun for flight_pipeline to 2026-05-28 07:00:00+00:00, run_after=2026-05-28 08:00:00+00:00
[2026-05-28T07:36:59.098+0000] {processor.py:183} INFO - Processing /opt/airflow/dags/flight_pipeline.py took 0.083 seconds
[2026-05-28T07:37:30.576+0000] {processor.py:161} INFO - Started process (PID=5871) to work on /opt/airflow/dags/flight_pipeline.py
[2026-05-28T07:37:30.577+0000] {processor.py:830} INFO - Processing file /opt/airflow/dags/flight_pipeline.py for tasks to queue
[2026-05-28T07:37:30.579+0000] {logging_mixin.py:188} INFO - [2026-05-28T07:37:30.579+0000] {dagbag.py:540} INFO - Filling up the DagBag from /opt/airflow/dags/flight_pipeline.py
[2026-05-28T07:37:30.600+0000] {processor.py:840} INFO - DAG(s) 'flight_pipeline' retrieved from /opt/airflow/dags/flight_pipeline.py
[2026-05-28T07:37:30.633+0000] {logging_mixin.py:188} INFO - [2026-05-28T07:37:30.633+0000] {dag.py:3096} INFO - Sync 1 DAGs
[2026-05-28T07:37:30.657+0000] {logging_mixin.py:188} INFO - [2026-05-28T07:37:30.657+0000] {dag.py:3954} INFO - Setting next_dagrun for flight_pipeline to 2026-05-28 07:00:00+00:00, run_after=2026-05-28 08:00:00+00:00
[2026-05-28T07:37:30.680+0000] {processor.py:183} INFO - Processing /opt/airflow/dags/flight_pipeline.py took 0.112 seconds
[2026-05-28T07:38:01.283+0000] {processor.py:161} INFO - Started process (PID=5876) to work on /opt/airflow/dags/flight_pipeline.py
[2026-05-28T07:38:01.285+0000] {processor.py:830} INFO - Processing file /opt/airflow/dags/flight_pipeline.py for tasks to queue
[2026-05-28T07:38:01.287+0000] {logging_mixin.py:188} INFO - [2026-05-28T07:38:01.286+0000] {dagbag.py:540} INFO - Filling up the DagBag from /opt/airflow/dags/flight_pipeline.py
[2026-05-28T07:38:01.309+0000] {processor.py:840} INFO - DAG(s) 'flight_pipeline' retrieved from /opt/airflow/dags/flight_pipeline.py
[2026-05-28T07:38:01.350+0000] {logging_mixin.py:188} INFO - [2026-05-28T07:38:01.350+0000] {dag.py:3096} INFO - Sync 1 DAGs
[2026-05-28T07:38:01.376+0000] {logging_mixin.py:188} INFO - [2026-05-28T07:38:01.376+0000] {dag.py:3954} INFO - Setting next_dagrun for flight_pipeline to 2026-05-28 07:00:00+00:00, run_after=2026-05-28 08:00:00+00:00
[2026-05-28T07:38:01.409+0000] {processor.py:183} INFO - Processing /opt/airflow/dags/flight_pipeline.py took 0.138 seconds
[2026-05-28T07:38:32.802+0000] {processor.py:161} INFO - Started process (PID=5881) to work on /opt/airflow/dags/flight_pipeline.py
[2026-05-28T07:38:32.803+0000] {processor.py:830} INFO - Processing file /opt/airflow/dags/flight_pipeline.py for tasks to queue
[2026-05-28T07:38:32.807+0000] {logging_mixin.py:188} INFO - [2026-05-28T07:38:32.805+0000] {dagbag.py:540} INFO - Filling up the DagBag from /opt/airflow/dags/flight_pipeline.py
[2026-05-28T07:38:32.831+0000] {processor.py:840} INFO - DAG(s) 'flight_pipeline' retrieved from /opt/airflow/dags/flight_pipeline.py
[2026-05-28T07:38:32.864+0000] {logging_mixin.py:188} INFO - [2026-05-28T07:38:32.864+0000] {dag.py:3096} INFO - Sync 1 DAGs
[2026-05-28T07:38:32.890+0000] {logging_mixin.py:188} INFO - [2026-05-28T07:38:32.889+0000] {dag.py:3954} INFO - Setting next_dagrun for flight_pipeline to 2026-05-28 07:00:00+00:00, run_after=2026-05-28 08:00:00+00:00
[2026-05-28T07:38:32.919+0000] {processor.py:183} INFO - Processing /opt/airflow/dags/flight_pipeline.py took 0.123 seconds
[2026-05-28T07:39:04.494+0000] {processor.py:161} INFO - Started process (PID=5886) to work on /opt/airflow/dags/flight_pipeline.py
[2026-05-28T07:39:04.495+0000] {processor.py:830} INFO - Processing file /opt/airflow/dags/flight_pipeline.py for tasks to queue
[2026-05-28T07:39:04.497+0000] {logging_mixin.py:188} INFO - [2026-05-28T07:39:04.497+0000] {dagbag.py:540} INFO - Filling up the DagBag from /opt/airflow/dags/flight_pipeline.py
[2026-05-28T07:39:04.522+0000] {processor.py:840} INFO - DAG(s) 'flight_pipeline' retrieved from /opt/airflow/dags/flight_pipeline.py
[2026-05-28T07:39:04.564+0000] {logging_mixin.py:188} INFO - [2026-05-28T07:39:04.564+0000] {dag.py:3096} INFO - Sync 1 DAGs
[2026-05-28T07:39:04.598+0000] {logging_mixin.py:188} INFO - [2026-05-28T07:39:04.598+0000] {dag.py:3954} INFO - Setting next_dagrun for flight_pipeline to 2026-05-28 07:00:00+00:00, run_after=2026-05-28 08:00:00+00:00
[2026-05-28T07:39:04.624+0000] {processor.py:183} INFO - Processing /opt/airflow/dags/flight_pipeline.py took 0.141 seconds
[2026-05-28T07:39:35.310+0000] {processor.py:161} INFO - Started process (PID=5891) to work on /opt/airflow/dags/flight_pipeline.py
[2026-05-28T07:39:35.311+0000] {processor.py:830} INFO - Processing file /opt/airflow/dags/flight_pipeline.py for tasks to queue
[2026-05-28T07:39:35.313+0000] {logging_mixin.py:188} INFO - [2026-05-28T07:39:35.313+0000] {dagbag.py:540} INFO - Filling up the DagBag from /opt/airflow/dags/flight_pipeline.py
[2026-05-28T07:39:35.335+0000] {processor.py:840} INFO - DAG(s) 'flight_pipeline' retrieved from /opt/airflow/dags/flight_pipeline.py
[2026-05-28T07:39:35.365+0000] {logging_mixin.py:188} INFO - [2026-05-28T07:39:35.365+0000] {dag.py:3096} INFO - Sync 1 DAGs
[2026-05-28T07:39:35.394+0000] {logging_mixin.py:188} INFO - [2026-05-28T07:39:35.394+0000] {dag.py:3954} INFO - Setting next_dagrun for flight_pipeline to 2026-05-28 07:00:00+00:00, run_after=2026-05-28 08:00:00+00:00
[2026-05-28T07:39:35.415+0000] {processor.py:183} INFO - Processing /opt/airflow/dags/flight_pipeline.py took 0.112 seconds
[2026-05-28T07:40:05.934+0000] {processor.py:161} INFO - Started process (PID=5896) to work on /opt/airflow/dags/flight_pipeline.py
[2026-05-28T07:40:05.934+0000] {processor.py:830} INFO - Processing file /opt/airflow/dags/flight_pipeline.py for tasks to queue
[2026-05-28T07:40:05.936+0000] {logging_mixin.py:188} INFO - [2026-05-28T07:40:05.936+0000] {dagbag.py:540} INFO - Filling up the DagBag from /opt/airflow/dags/flight_pipeline.py
[2026-05-28T07:40:05.951+0000] {processor.py:840} INFO - DAG(s) 'flight_pipeline' retrieved from /opt/airflow/dags/flight_pipeline.py
[2026-05-28T07:40:05.973+0000] {logging_mixin.py:188} INFO - [2026-05-28T07:40:05.973+0000] {dag.py:3096} INFO - Sync 1 DAGs
[2026-05-28T07:40:06.741+0000] {logging_mixin.py:188} INFO - [2026-05-28T07:40:06.741+0000] {dag.py:3954} INFO - Setting next_dagrun for flight_pipeline to 2026-05-28 07:00:00+00:00, run_after=2026-05-28 08:00:00+00:00
[2026-05-28T07:40:06.756+0000] {processor.py:183} INFO - Processing /opt/airflow/dags/flight_pipeline.py took 0.078 seconds
[2026-05-28T07:40:38.194+0000] {processor.py:161} INFO - Started process (PID=5901) to work on /opt/airflow/dags/flight_pipeline.py
[2026-05-28T07:40:38.194+0000] {processor.py:830} INFO - Processing file /opt/airflow/dags/flight_pipeline.py for tasks to queue
[2026-05-28T07:40:38.196+0000] {logging_mixin.py:188} INFO - [2026-05-28T07:40:38.195+0000] {dagbag.py:540} INFO - Filling up the DagBag from /opt/airflow/dags/flight_pipeline.py
[2026-05-28T07:40:38.211+0000] {processor.py:840} INFO - DAG(s) 'flight_pipeline' retrieved from /opt/airflow/dags/flight_pipeline.py
[2026-05-28T07:40:38.235+0000] {logging_mixin.py:188} INFO - [2026-05-28T07:40:38.235+0000] {dag.py:3096} INFO - Sync 1 DAGs
[2026-05-28T07:40:38.256+0000] {logging_mixin.py:188} INFO - [2026-05-28T07:40:38.256+0000] {dag.py:3954} INFO - Setting next_dagrun for flight_pipeline to 2026-05-28 07:00:00+00:00, run_after=2026-05-28 08:00:00+00:00
[2026-05-28T07:40:38.272+0000] {processor.py:183} INFO - Processing /opt/airflow/dags/flight_pipeline.py took 0.084 seconds
[2026-05-28T07:41:09.865+0000] {processor.py:161} INFO - Started process (PID=5906) to work on /opt/airflow/dags/flight_pipeline.py
[2026-05-28T07:41:09.866+0000] {processor.py:830} INFO - Processing file /opt/airflow/dags/flight_pipeline.py for tasks to queue
[2026-05-28T07:41:09.868+0000] {logging_mixin.py:188} INFO - [2026-05-28T07:41:09.868+0000] {dagbag.py:540} INFO - Filling up the DagBag from /opt/airflow/dags/flight_pipeline.py
[2026-05-28T07:41:09.887+0000] {processor.py:840} INFO - DAG(s) 'flight_pipeline' retrieved from /opt/airflow/dags/flight_pipeline.py
[2026-05-28T07:41:09.910+0000] {logging_mixin.py:188} INFO - [2026-05-28T07:41:09.910+0000] {dag.py:3096} INFO - Sync 1 DAGs
[2026-05-28T07:41:09.931+0000] {logging_mixin.py:188} INFO - [2026-05-28T07:41:09.931+0000] {dag.py:3954} INFO - Setting next_dagrun for flight_pipeline to 2026-05-28 07:00:00+00:00, run_after=2026-05-28 08:00:00+00:00
[2026-05-28T07:41:09.948+0000] {processor.py:183} INFO - Processing /opt/airflow/dags/flight_pipeline.py took 0.088 seconds
[2026-05-28T07:41:41.393+0000] {processor.py:161} INFO - Started process (PID=5911) to work on /opt/airflow/dags/flight_pipeline.py
[2026-05-28T07:41:41.394+0000] {processor.py:830} INFO - Processing file /opt/airflow/dags/flight_pipeline.py for tasks to queue
[2026-05-28T07:41:41.396+0000] {logging_mixin.py:188} INFO - [2026-05-28T07:41:41.396+0000] {dagbag.py:540} INFO - Filling up the DagBag from /opt/airflow/dags/flight_pipeline.py
[2026-05-28T07:41:41.414+0000] {processor.py:840} INFO - DAG(s) 'flight_pipeline' retrieved from /opt/airflow/dags/flight_pipeline.py
[2026-05-28T07:41:41.440+0000] {logging_mixin.py:188} INFO - [2026-05-28T07:41:41.440+0000] {dag.py:3096} INFO - Sync 1 DAGs
[2026-05-28T07:41:41.465+0000] {logging_mixin.py:188} INFO - [2026-05-28T07:41:41.464+0000] {dag.py:3954} INFO - Setting next_dagrun for flight_pipeline to 2026-05-28 07:00:00+00:00, run_after=2026-05-28 08:00:00+00:00
[2026-05-28T07:41:41.483+0000] {processor.py:183} INFO - Processing /opt/airflow/dags/flight_pipeline.py took 0.096 seconds
[2026-05-28T07:42:12.965+0000] {processor.py:161} INFO - Started process (PID=5916) to work on /opt/airflow/dags/flight_pipeline.py
[2026-05-28T07:42:12.966+0000] {processor.py:830} INFO - Processing file /opt/airflow/dags/flight_pipeline.py for tasks to queue
[2026-05-28T07:42:12.968+0000] {logging_mixin.py:188} INFO - [2026-05-28T07:42:12.967+0000] {dagbag.py:540} INFO - Filling up the DagBag from /opt/airflow/dags/flight_pipeline.py
[2026-05-28T07:42:12.985+0000] {processor.py:840} INFO - DAG(s) 'flight_pipeline' retrieved from /opt/airflow/dags/flight_pipeline.py
[2026-05-28T07:42:13.011+0000] {logging_mixin.py:188} INFO - [2026-05-28T07:42:13.011+0000] {dag.py:3096} INFO - Sync 1 DAGs
[2026-05-28T07:42:13.031+0000] {logging_mixin.py:188} INFO - [2026-05-28T07:42:13.031+0000] {dag.py:3954} INFO - Setting next_dagrun for flight_pipeline to 2026-05-28 07:00:00+00:00, run_after=2026-05-28 08:00:00+00:00
[2026-05-28T07:42:13.048+0000] {processor.py:183} INFO - Processing /opt/airflow/dags/flight_pipeline.py took 0.088 seconds
[2026-05-28T07:42:44.534+0000] {processor.py:161} INFO - Started process (PID=5921) to work on /opt/airflow/dags/flight_pipeline.py
[2026-05-28T07:42:44.535+0000] {processor.py:830} INFO - Processing file /opt/airflow/dags/flight_pipeline.py for tasks to queue
[2026-05-28T07:42:44.537+0000] {logging_mixin.py:188} INFO - [2026-05-28T07:42:44.537+0000] {dagbag.py:540} INFO - Filling up the DagBag from /opt/airflow/dags/flight_pipeline.py
[2026-05-28T07:42:44.556+0000] {processor.py:840} INFO - DAG(s) 'flight_pipeline' retrieved from /opt/airflow/dags/flight_pipeline.py
[2026-05-28T07:42:44.586+0000] {logging_mixin.py:188} INFO - [2026-05-28T07:42:44.586+0000] {dag.py:3096} INFO - Sync 1 DAGs
[2026-05-28T07:42:44.609+0000] {logging_mixin.py:188} INFO - [2026-05-28T07:42:44.609+0000] {dag.py:3954} INFO - Setting next_dagrun for flight_pipeline to 2026-05-28 07:00:00+00:00, run_after=2026-05-28 08:00:00+00:00
[2026-05-28T07:42:44.626+0000] {processor.py:183} INFO - Processing /opt/airflow/dags/flight_pipeline.py took 0.098 seconds
[2026-05-28T07:43:15.142+0000] {processor.py:161} INFO - Started process (PID=5926) to work on /opt/airflow/dags/flight_pipeline.py
[2026-05-28T07:43:15.142+0000] {processor.py:830} INFO - Processing file /opt/airflow/dags/flight_pipeline.py for tasks to queue
[2026-05-28T07:43:15.144+0000] {logging_mixin.py:188} INFO - [2026-05-28T07:43:15.144+0000] {dagbag.py:540} INFO - Filling up the DagBag from /opt/airflow/dags/flight_pipeline.py
[2026-05-28T07:43:15.163+0000] {processor.py:840} INFO - DAG(s) 'flight_pipeline' retrieved from /opt/airflow/dags/flight_pipeline.py
[2026-05-28T07:43:15.188+0000] {logging_mixin.py:188} INFO - [2026-05-28T07:43:15.188+0000] {dag.py:3096} INFO - Sync 1 DAGs
[2026-05-28T07:43:15.207+0000] {logging_mixin.py:188} INFO - [2026-05-28T07:43:15.207+0000] {dag.py:3954} INFO - Setting next_dagrun for flight_pipeline to 2026-05-28 07:00:00+00:00, run_after=2026-05-28 08:00:00+00:00
[2026-05-28T07:43:15.226+0000] {processor.py:183} INFO - Processing /opt/airflow/dags/flight_pipeline.py took 0.090 seconds
[2026-05-28T07:43:46.636+0000] {processor.py:161} INFO - Started process (PID=5931) to work on /opt/airflow/dags/flight_pipeline.py
[2026-05-28T07:43:46.637+0000] {processor.py:830} INFO - Processing file /opt/airflow/dags/flight_pipeline.py for tasks to queue
[2026-05-28T07:43:46.639+0000] {logging_mixin.py:188} INFO - [2026-05-28T07:43:46.639+0000] {dagbag.py:540} INFO - Filling up the DagBag from /opt/airflow/dags/flight_pipeline.py
[2026-05-28T07:43:46.658+0000] {processor.py:840} INFO - DAG(s) 'flight_pipeline' retrieved from /opt/airflow/dags/flight_pipeline.py
[2026-05-28T07:43:46.687+0000] {logging_mixin.py:188} INFO - [2026-05-28T07:43:46.686+0000] {dag.py:3096} INFO - Sync 1 DAGs
[2026-05-28T07:43:46.709+0000] {logging_mixin.py:188} INFO - [2026-05-28T07:43:46.709+0000] {dag.py:3954} INFO - Setting next_dagrun for flight_pipeline to 2026-05-28 07:00:00+00:00, run_after=2026-05-28 08:00:00+00:00
[2026-05-28T07:43:46.726+0000] {processor.py:183} INFO - Processing /opt/airflow/dags/flight_pipeline.py took 0.098 seconds
[2026-05-28T07:44:18.302+0000] {processor.py:161} INFO - Started process (PID=5936) to work on /opt/airflow/dags/flight_pipeline.py
[2026-05-28T07:44:18.303+0000] {processor.py:830} INFO - Processing file /opt/airflow/dags/flight_pipeline.py for tasks to queue
[2026-05-28T07:44:18.306+0000] {logging_mixin.py:188} INFO - [2026-05-28T07:44:18.306+0000] {dagbag.py:540} INFO - Filling up the DagBag from /opt/airflow/dags/flight_pipeline.py
[2026-05-28T07:44:18.329+0000] {processor.py:840} INFO - DAG(s) 'flight_pipeline' retrieved from /opt/airflow/dags/flight_pipeline.py
[2026-05-28T07:44:18.362+0000] {logging_mixin.py:188} INFO - [2026-05-28T07:44:18.362+0000] {dag.py:3096} INFO - Sync 1 DAGs
[2026-05-28T07:44:18.392+0000] {logging_mixin.py:188} INFO - [2026-05-28T07:44:18.391+0000] {dag.py:3954} INFO - Setting next_dagrun for flight_pipeline to 2026-05-28 07:00:00+00:00, run_after=2026-05-28 08:00:00+00:00
[2026-05-28T07:44:18.419+0000] {processor.py:183} INFO - Processing /opt/airflow/dags/flight_pipeline.py took 0.125 seconds
[2026-05-28T07:44:49.819+0000] {processor.py:161} INFO - Started process (PID=5941) to work on /opt/airflow/dags/flight_pipeline.py
[2026-05-28T07:44:49.820+0000] {processor.py:830} INFO - Processing file /opt/airflow/dags/flight_pipeline.py for tasks to queue
[2026-05-28T07:44:49.822+0000] {logging_mixin.py:188} INFO - [2026-05-28T07:44:49.822+0000] {dagbag.py:540} INFO - Filling up the DagBag from /opt/airflow/dags/flight_pipeline.py
[2026-05-28T07:44:49.838+0000] {processor.py:840} INFO - DAG(s) 'flight_pipeline' retrieved from /opt/airflow/dags/flight_pipeline.py
[2026-05-28T07:44:49.861+0000] {logging_mixin.py:188} INFO - [2026-05-28T07:44:49.861+0000] {dag.py:3096} INFO - Sync 1 DAGs
[2026-05-28T07:44:49.880+0000] {logging_mixin.py:188} INFO - [2026-05-28T07:44:49.880+0000] {dag.py:3954} INFO - Setting next_dagrun for flight_pipeline to 2026-05-28 07:00:00+00:00, run_after=2026-05-28 08:00:00+00:00
[2026-05-28T07:44:49.895+0000] {processor.py:183} INFO - Processing /opt/airflow/dags/flight_pipeline.py took 0.082 seconds
[2026-05-28T07:45:21.378+0000] {processor.py:161} INFO - Started process (PID=5946) to work on /opt/airflow/dags/flight_pipeline.py
[2026-05-28T07:45:21.379+0000] {processor.py:830} INFO - Processing file /opt/airflow/dags/flight_pipeline.py for tasks to queue
[2026-05-28T07:45:21.381+0000] {logging_mixin.py:188} INFO - [2026-05-28T07:45:21.381+0000] {dagbag.py:540} INFO - Filling up the DagBag from /opt/airflow/dags/flight_pipeline.py
[2026-05-28T07:45:21.401+0000] {processor.py:840} INFO - DAG(s) 'flight_pipeline' retrieved from /opt/airflow/dags/flight_pipeline.py
[2026-05-28T07:45:21.434+0000] {logging_mixin.py:188} INFO - [2026-05-28T07:45:21.434+0000] {dag.py:3096} INFO - Sync 1 DAGs
[2026-05-28T07:45:21.457+0000] {logging_mixin.py:188} INFO - [2026-05-28T07:45:21.457+0000] {dag.py:3954} INFO - Setting next_dagrun for flight_pipeline to 2026-05-28 07:00:00+00:00, run_after=2026-05-28 08:00:00+00:00
[2026-05-28T07:45:21.474+0000] {processor.py:183} INFO - Processing /opt/airflow/dags/flight_pipeline.py took 0.102 seconds
